#byteidx c1 wordcount Word1 Type1 Code1 lastWT sVerb isMath isParagraph fc fccxtcxt isText isPre cWordLen
0 91 0 0 0 0 0 0 0 0 91 91 0 0 0
1 91 0 0 0 0 0 0 0 0 91 91 0 0 0
2 65 0 0 0 0 0 0 0 0 91 91 0 0 0
3 110 0 0 0 0 0 0 0 0 91 91 0 0 1
4 110 0 0 0 0 0 0 0 0 91 91 0 0 2
5 97 0 0 0 0 0 0 0 0 91 91 0 0 3
6 93 1 2815940769 0 0 15 0 0 0 91 91 0 0 0
7 93 1 2815940769 0 0 15 0 0 0 91 0 0 0 0
8 32 1 2815940769 0 0 15 0 0 1 64 64 0 0 0
9 119 1 2815940769 0 0 15 0 0 1 64 64 0 0 1
10 97 1 2815940769 0 0 15 0 0 1 64 64 0 0 2
11 115 1 2815940769 0 0 15 0 0 1 64 64 0 0 3
12 32 2 3453292883 1 0 241 3453292883 0 1 64 64 0 0 0
13 97 2 3453292883 1 0 241 3453292883 0 1 64 64 0 0 1
14 32 3 1950627777 16384 0 3862 3453292883 0 1 64 64 0 0 0
15 39 3 1950627777 16384 0 3862 3453292883 0 1 64 64 0 0 1
16 39 4 1950627719 0 0 61807 3453292883 0 1 64 64 0 0 0
17 39 4 1950627719 0 0 61807 3453292883 0 1 64 64 0 0 0
18 113 4 1950627719 0 0 61807 3453292883 0 1 64 64 0 0 1
19 117 4 1950627719 0 0 61807 3453292883 0 1 64 64 0 0 2
20 101 4 1950627719 0 0 61807 3453292883 0 1 64 64 0 0 3
21 101 4 1950627719 0 0 61807 3453292883 0 1 64 64 0 0 4
22 110 4 1950627719 0 0 61807 3453292883 0 1 64 64 0 0 5
23 39 4 1950627719 0 0 61807 3453292883 0 1 64 64 0 0 6
24 39 5 3278097614 8 0 988922 3453292883 0 1 64 64 0 0 0
25 39 5 3278097614 8 0 988922 3453292883 0 1 64 64 0 0 0
26 32 5 3278097614 8 0 988922 3453292883 0 1 64 64 0 0 0
27 111 5 3278097614 8 0 988922 3453292883 0 1 64 64 0 0 1
28 102 5 3278097614 8 0 988922 3453292883 0 1 64 64 0 0 2
29 32 6 1118483846 65536 0 15822760 3453292883 0 1 64 64 0 0 0
30 91 6 1118483846 65536 0 15822760 3453292883 0 1 64 91 0 0 0
31 91 6 1118483846 65536 0 15822760 3453292883 0 1 64 91 0 0 0
32 70 6 1118483846 65536 0 15822760 3453292883 0 1 64 91 0 0 0
33 114 6 1118483846 65536 0 15822760 3453292883 0 1 64 91 0 0 1
34 97 6 1118483846 65536 0 15822760 3453292883 0 1 64 91 0 0 2
35 110 6 1118483846 65536 0 15822760 3453292883 0 1 64 91 0 0 3
36 99 6 1118483846 65536 0 15822760 3453292883 0 1 64 91 0 0 4
37 101 6 1118483846 65536 0 15822760 3453292883 0 1 64 91 0 0 5
38 93 6 1118483846 65536 0 15822760 3453292883 0 1 64 91 0 0 5
39 93 6 1118483846 65536 0 15822760 3453292883 0 1 64 64 0 0 5
40 32 7 3384763555 0 0 253164175 3453292883 0 1 64 64 0 0 0
41 105 7 3384763555 0 0 253164175 3453292883 0 1 64 64 0 0 1
42 110 7 3384763555 0 0 253164175 3453292883 0 1 64 64 0 0 2
43 32 8 1118433358 65536 0 4050626808 3453292883 0 1 64 64 0 0 0
44 49 8 1118433358 65536 0 4050626808 3453292883 0 1 64 64 0 0 0
45 55 8 1118433358 65536 0 4050626808 3453292883 0 1 64 64 0 0 0
46 56 8 1118433358 65536 0 4050626808 3453292883 0 1 64 64 0 0 0
47 57 8 1118433358 65536 0 4050626808 3453292883 0 1 64 64 0 0 0
48 46 0 0 0 0 385519488 3453292883 0 1 64 64 0 0 0
49 10 0 0 0 0 0 0 0 0 0 64 0 0 0
50 61 0 0 0 0 0 0 0 0 61 64 0 0 0
51 61 0 0 0 0 0 0 0 0 61 64 0 0 0
52 32 0 0 0 0 0 0 0 0 61 64 0 0 0
53 72 0 0 0 0 0 0 0 0 61 64 0 0 0
54 105 0 0 0 0 0 0 0 0 61 64 0 0 1
55 115 0 0 0 0 0 0 0 0 61 64 0 0 2
56 116 0 0 0 0 0 0 0 0 61 64 0 0 3
57 111 0 0 0 0 0 0 0 0 61 64 0 0 4
58 114 0 0 0 0 0 0 0 0 61 64 0 0 5
59 121 0 0 0 0 0 0 0 0 61 64 0 0 6
60 32 1 1469161513 0 0 15 0 0 0 61 64 0 0 0
61 61 1 1469161513 0 0 15 0 0 0 61 64 0 0 0
62 61 1 1469161513 0 0 15 0 0 0 61 64 0 0 0
63 10 0 0 0 0 0 0 0 0 0 64 0 0 0
64 42 0 0 0 0 0 0 0 0 42 42 0 0 0
65 32 0 0 0 0 0 0 0 0 42 42 0 0 0
66 105 0 0 0 0 0 0 0 0 96 42 0 0 1
67 116 0 0 0 0 0 0 0 0 96 42 0 0 2
68 101 0 0 0 0 0 0 0 0 96 42 0 0 3
69 109 0 0 0 0 0 0 0 0 96 42 0 0 4
70 32 1 4268574925 0 0 15 0 0 0 96 42 0 0 0
71 111 1 4268574925 0 0 15 0 0 0 96 42 0 0 1
72 110 1 4268574925 0 0 15 0 0 0 96 42 0 0 2
73 101 1 4268574925 0 0 15 0 0 0 96 42 0 0 3
74 32 2 2886769829 131072 0 254 0 0 0 96 42 0 0 0
75 40 2 2886769829 131072 0 254 0 0 0 96 42 0 0 0
76 102 2 2886769829 131072 0 254 0 0 0 96 42 0 0 1
77 105 2 2886769829 131072 0 254 0 0 0 96 42 0 0 2
78 114 2 2886769829 131072 0 254 0 0 0 96 42 0 0 3
79 115 2 2886769829 131072 0 254 0 0 0 96 42 0 0 4
80 116 2 2886769829 131072 0 254 0 0 0 96 42 0 0 5
81 41 2 2886769829 131072 0 65264 0 0 0 96 42 0 0 0
82 10 0 0 0 0 0 0 0 0 0 42 0 0 0
83 42 0 0 0 0 0 0 0 0 42 42 0 0 0
84 32 0 0 0 0 0 0 0 0 42 42 0 0 0
85 105 0 0 0 0 0 0 0 0 96 42 0 0 1
86 116 0 0 0 0 0 0 0 0 96 42 0 0 2
87 101 0 0 0 0 0 0 0 0 96 42 0 0 3
88 109 0 0 0 0 0 0 0 0 96 42 0 0 4
89 32 1 4268574925 0 0 15 0 0 0 96 42 0 0 0
90 116 1 4268574925 0 0 15 0 0 0 96 42 0 0 1
91 119 1 4268574925 0 0 15 0 0 0 96 42 0 0 2
92 111 1 4268574925 0 0 15 0 0 0 96 42 0 0 3
93 32 2 3240990863 131072 0 254 0 0 0 96 42 0 0 0
94 91 2 3240990863 131072 0 254 0 0 0 96 91 0 0 0
95 104 2 3240990863 131072 0 254 0 0 0 96 91 0 0 1
96 116 2 3240990863 131072 0 254 0 0 0 96 91 0 0 2
97 116 2 3240990863 131072 0 254 0 0 0 96 91 0 0 3
98 112 2 3240990863 131072 0 254 0 0 0 96 91 0 0 4
99 58 3 876852720 0 0 4079 0 0 0 96 91 0 0 0
100 47 3 876852720 0 0 4079 0 0 0 96 91 0 0 0
101 47 3 876852720 0 0 4079 0 0 0 96 91 0 0 0
102 101 3 876852720 0 0 4079 0 0 0 96 91 0 0 1
103 120 3 876852720 0 0 4079 0 0 0 96 91 0 0 2
104 97 3 876852720 0 0 4079 0 0 0 96 91 0 0 3
105 109 3 876852720 0 0 4079 0 0 0 96 91 0 0 4
106 112 3 876852720 0 0 4079 0 0 0 96 91 0 0 5
107 108 3 876852720 0 0 4079 0 0 0 96 91 0 0 6
108 101 3 876852720 0 0 4079 0 0 0 96 91 0 0 7
109 46 4 3291829868 0 0 1044464 0 0 0 96 91 0 0 0
110 111 4 3291829868 0 0 1044464 0 0 0 96 91 0 0 1
111 114 4 3291829868 0 0 1044464 0 0 0 96 91 0 0 2
112 103 4 3291829868 0 0 1044464 0 0 0 96 91 0 0 3
113 32 5 2886803495 0 0 16711439 0 0 0 96 91 0 0 0
114 108 5 2886803495 0 0 16711439 0 0 0 96 91 0 0 1
115 105 5 2886803495 0 0 16711439 0 0 0 96 91 0 0 2
116 110 5 2886803495 0 0 16711439 0 0 0 96 91 0 0 3
117 107 5 2886803495 0 0 16711439 0 0 0 96 91 0 0 4
118 93 6 780174507 0 0 267383039 0 0 0 96 42 0 0 0
119 32 6 780174507 0 0 267383039 0 0 1 64 42 0 0 0
120 116 6 780174507 0 0 267383039 0 0 1 64 42 0 0 1
121 101 6 780174507 0 0 267383039 0 0 1 64 42 0 0 2
122 120 6 780174507 0 0 267383039 0 0 1 64 42 0 0 3
123 116 6 780174507 0 0 267383039 0 0 1 64 42 0 0 4
124 10 0 0 0 0 0 0 0 0 0 42 0 0 0
125 84 0 0 0 0 0 0 0 0 84 42 0 0 0
126 104 0 0 0 0 0 0 0 0 84 42 0 0 1
127 101 0 0 0 0 0 0 0 0 84 42 0 0 2
128 32 1 1118424933 2048 0 4 0 0 0 84 42 0 0 0
129 123 1 1118424933 2048 0 4 0 0 0 84 42 0 0 0
130 123 1 1118424933 2048 0 4 0 0 0 84 42 0 0 0
131 99 1 1118424933 2048 0 4 0 0 0 84 42 0 0 1
132 105 1 1118424933 2048 0 4 0 0 0 84 42 0 0 2
133 116 1 1118424933 2048 0 4 0 0 0 84 42 0 0 3
134 101 1 1118424933 2048 0 4 0 0 0 84 42 0 0 4
135 124 2 318360037 0 0 79 0 0 0 84 42 0 0 0
136 121 2 318360037 0 0 79 0 0 0 84 42 0 0 1
137 101 2 318360037 0 0 79 0 0 0 84 42 0 0 2
138 97 2 318360037 0 0 79 0 0 0 84 42 0 0 3
139 114 2 318360037 0 0 79 0 0 0 84 42 0 0 4
140 61 3 1641105746 0 0 1279 0 0 0 84 42 0 0 0
141 49 3 1641105746 0 0 1279 0 0 0 84 42 0 0 0
142 56 3 1641105746 0 0 1279 0 0 0 84 42 0 0 0
143 48 3 1641105746 0 0 1279 0 0 0 84 42 0 0 0
144 49 3 1641105746 0 0 1279 0 0 0 84 42 0 0 0
145 125 4 1368491697 131072 0 1279 0 0 0 84 42 0 0 0
146 125 4 1368491697 131072 0 1279 0 0 0 84 42 0 0 0
147 32 4 1368491697 131072 0 1279 0 0 0 84 42 0 0 0
148 115 4 1368491697 131072 0 1279 0 0 0 84 42 0 0 1
149 97 4 1368491697 131072 0 1279 0 0 0 84 42 0 0 2
150 105 4 1368491697 131072 0 1279 0 0 0 84 42 0 0 3
151 100 4 1368491697 131072 0 1279 0 0 0 84 42 0 0 4
152 58 5 2481602628 0 0 20479 0 0 0 84 42 0 0 0
153 32 5 2481602628 0 0 20479 0 0 0 84 42 0 0 0
154 34 5 2481602628 0 0 20479 0 0 0 84 42 0 0 0
155 104 5 2481602628 0 0 20479 0 0 0 84 42 0 0 1
156 101 5 2481602628 0 0 20479 0 0 0 84 42 0 0 2
157 108 5 2481602628 0 0 20479 0 0 0 84 42 0 0 3
158 108 5 2481602628 0 0 20479 0 0 0 84 42 0 0 4
159 111 5 2481602628 0 0 20479 0 0 0 84 42 0 0 5
160 44 6 933891823 0 0 327679 0 0 0 84 42 0 0 0
161 32 6 933891823 0 0 327679 0 0 0 84 42 0 0 0
162 119 6 933891823 0 0 327679 0 0 0 84 42 0 0 1
163 111 6 933891823 0 0 327679 0 0 0 84 42 0 0 2
164 114 6 933891823 0 0 327679 0 0 0 84 42 0 0 3
165 108 6 933891823 0 0 327679 0 0 0 84 42 0 0 4
166 100 6 933891823 0 0 327679 0 0 0 84 42 0 0 5
167 33 7 1101113060 0 0 5242879 0 0 0 84 42 0 0 0
168 34 7 1101113060 0 0 5242879 0 0 0 84 42 0 0 0
169 10 0 0 0 0 0 0 0 0 0 42 0 0 0
170 60 0 0 0 0 0 0 0 0 60 42 0 0 0
171 114 0 0 0 0 0 0 0 0 60 42 0 0 1
172 101 0 0 0 0 0 0 0 0 60 42 0 0 2
173 102 0 0 0 0 0 0 0 0 60 42 0 0 3
174 62 1 3099181254 0 0 15 0 0 0 60 42 0 0 0
175 110 1 3099181254 0 0 15 0 0 0 60 42 0 0 1
176 111 1 3099181254 0 0 15 0 0 0 60 42 0 0 2
177 116 1 3099181254 0 0 15 0 0 0 60 42 0 0 3
178 101 1 3099181254 0 0 15 0 0 0 60 42 0 0 4
179 32 2 3693928933 0 0 255 0 0 0 60 42 0 0 0
180 49 2 3693928933 0 0 255 0 0 0 60 42 0 0 0
181 50 2 3693928933 0 0 255 0 0 0 60 42 0 0 0
182 44 3 103146 131072 0 255 0 0 0 60 42 0 0 0
183 51 3 103146 131072 0 255 0 0 0 60 42 0 0 0
184 52 3 103146 131072 0 255 0 0 0 60 42 0 0 0
185 53 3 103146 131072 0 255 0 0 0 60 42 0 0 0
186 46 0 0 0 0 4080 0 0 0 60 42 0 0 0
187 54 0 0 0 0 4080 0 0 0 60 42 0 0 0
188 55 0 0 0 0 4080 0 0 0 60 42 0 0 0
189 32 1 113671 131072 0 4080 0 0 0 60 42 0 0 0
190 104 1 113671 131072 0 4080 0 0 0 60 42 0 0 1
191 101 1 113671 131072 0 4080 0 0 0 60 42 0 0 2
192 114 1 113671 131072 0 4080 0 0 0 60 42 0 0 3
193 101 1 113671 131072 0 4080 0 0 0 60 42 0 0 4
194 60 2 4109367333 0 0 65295 0 0 0 60 42 0 0 0
195 47 2 4109367333 0 0 65295 0 0 0 60 42 0 0 0
196 114 2 4109367333 0 0 65295 0 0 0 60 42 0 0 1
197 101 2 4109367333 0 0 65295 0 0 0 60 42 0 0 2
198 102 2 4109367333 0 0 65295 0 0 0 60 42 0 0 3
199 62 3 3099181254 0 0 1044735 0 0 0 60 42 0 0 0
200 10 0 0 0 0 0 0 0 0 0 42 0 0 0
201 65 0 0 0 0 0 0 0 0 65 42 0 0 0
202 32 0 0 0 0 0 0 0 0 65 42 0 0 0
203 108 0 0 0 0 0 0 0 0 65 42 0 0 1
204 105 0 0 0 0 0 0 0 0 65 42 0 0 2
205 110 0 0 0 0 0 0 0 0 65 42 0 0 3
206 101 0 0 0 0 0 0 0 0 65 42 0 0 4
207 32 1 780174501 0 0 15 0 0 0 65 42 0 0 0
208 119 1 780174501 0 0 15 0 0 0 65 42 0 0 1
209 105 1 780174501 0 0 15 0 0 0 65 42 0 0 2
210 116 1 780174501 0 0 15 0 0 0 65 42 0 0 3
211 104 1 780174501 0 0 15 0 0 0 65 42 0 0 4
212 32 2 3730819560 65536 0 248 0 0 0 65 42 0 0 0
213 110 2 3730819560 65536 0 248 0 0 0 65 42 0 0 1
214 117 2 3730819560 65536 0 248 0 0 0 65 42 0 0 2
215 109 2 3730819560 65536 0 248 0 0 0 65 42 0 0 3
216 98 2 3730819560 65536 0 248 0 0 0 65 42 0 0 4
217 101 2 3730819560 65536 0 248 0 0 0 65 42 0 0 5
218 114 2 3730819560 65536 0 248 0 0 0 65 42 0 0 6
219 115 2 3730819560 65536 0 248 0 0 0 65 42 0 0 7
220 32 3 3416096978 8 0 3978 0 0 0 65 42 0 0 0
221 52 3 3416096978 8 0 3978 0 0 0 65 42 0 0 0
222 50 3 3416096978 8 0 3978 0 0 0 65 42 0 0 0
223 32 4 109458 131072 0 3978 0 0 0 65 42 0 0 0
224 97 4 109458 131072 0 3978 0 0 0 65 42 0 0 1
225 110 4 109458 131072 0 3978 0 0 0 65 42 0 0 2
226 100 4 109458 131072 0 3978 0 0 0 65 42 0 0 3
227 32 5 1895163044 32768 0 63655 0 0 0 65 42 0 0 0
228 51 5 1895163044 32768 0 63655 0 0 0 65 42 0 0 0
229 46 0 0 0 0 1018480 0 0 0 65 42 0 0 0
230 49 0 0 0 0 1018480 0 0 0 65 42 0 0 0
231 52 0 0 0 0 1018480 0 0 0 65 42 0 0 0
232 32 1 103148 131072 0 1018480 0 0 0 65 42 0 0 0
233 97 1 103148 131072 0 1018480 0 0 0 65 42 0 0 1
234 110 1 103148 131072 0 1018480 0 0 0 65 42 0 0 2
235 100 1 103148 131072 0 1018480 0 0 0 65 42 0 0 3
236 32 2 1895163044 32768 0 16295687 0 0 0 65 42 0 0 0
237 49 2 1895163044 32768 0 16295687 0 0 0 65 42 0 0 0
238 44 3 49 131072 0 16295687 0 0 0 65 42 0 0 0
239 48 3 49 131072 0 16295687 0 0 0 65 42 0 0 0
240 48 3 49 131072 0 16295687 0 0 0 65 42 0 0 0
241 48 3 49 131072 0 16295687 0 0 0 65 42 0 0 0
242 46 0 0 0 0 260730992 0 0 0 65 42 0 0 0
243 10 0 0 0 0 0 0 0 0 0 42 0 0 0
244 38 0 0 0 0 0 0 0 0 38 42 0 0 0
245 110 0 0 0 0 0 0 0 0 38 42 0 0 1
246 98 0 0 0 0 0 0 0 0 38 42 0 0 2
247 115 0 0 0 0 0 0 0 0 38 42 0 0 3
248 112 0 0 0 0 0 0 0 0 38 42 0 0 4
249 59 1 2773142800 0 0 15 0 0 0 38 42 0 0 0
250 32 1 2773142800 0 0 15 0 0 0 38 42 0 0 0
251 115 1 2773142800 0 0 15 0 0 0 38 42 0 0 1
252 111 1 2773142800 0 0 15 0 0 0 38 42 0 0 2
253 109 1 2773142800 0 0 15 0 0 0 38 42 0 0 3
254 101 1 2773142800 0 0 15 0 0 0 38 42 0 0 4
255 32 2 3473243077 0 0 255 0 0 0 38 42 0 0 0
256 38 2 3473243077 0 0 255 0 0 0 38 42 0 0 0
257 97 2 3473243077 0 0 255 0 0 0 38 42 0 0 1
258 109 2 3473243077 0 0 255 0 0 0 38 42 0 0 2
259 112 2 3473243077 0 0 255 0 0 0 38 42 0 0 3
260 59 3 1895154640 0 0 4095 0 0 0 38 42 0 0 0
261 32 3 1895154640 0 0 4095 0 0 0 38 42 0 0 0
262 101 3 1895154640 0 0 4095 0 0 0 38 42 0 0 1
263 110 3 1895154640 0 0 4095 0 0 0 38 42 0 0 2
264 116 3 1895154640 0 0 4095 0 0 0 38 42 0 0 3
265 105 3 1895154640 0 0 4095 0 0 0 38 42 0 0 4
266 116 3 1895154640 0 0 4095 0 0 0 38 42 0 0 5
267 105 3 1895154640 0 0 4095 0 0 0 38 42 0 0 6
268 101 3 1895154640 0 0 4095 0 0 0 38 42 0 0 7
269 115 3 1895154640 0 0 4095 0 0 0 38 42 0 0 8
270 32 4 1475168745 8 0 65530 0 0 0 38 42 0 0 0
271 38 4 1475168745 8 0 65530 0 0 0 38 42 0 0 0
272 108 4 1475168745 8 0 65530 0 0 0 38 42 0 0 1
273 116 4 1475168745 8 0 65530 0 0 0 38 42 0 0 2
274 59 5 1118458612 0 0 1048495 0 0 0 38 42 0 0 0
275 116 5 1118458612 0 0 1048495 0 0 0 38 42 0 0 1
276 97 5 1118458612 0 0 1048495 0 0 0 38 42 0 0 2
277 103 5 1118458612 0 0 1048495 0 0 0 38 42 0 0 3
278 38 6 3240805703 0 0 16775935 0 0 0 38 42 0 0 0
279 103 6 3240805703 0 0 16775935 0 0 0 38 42 0 0 1
280 116 6 3240805703 0 0 16775935 0 0 0 38 42 0 0 2
281 59 7 1118416532 0 0 268414975 0 0 0 38 42 0 0 0
282 10 0 0 0 0 0 0 0 0 0 42 0 0 0
283 100 0 0 0 0 0 0 0 0 96 96 0 0 1
284 111 0 0 0 0 0 0 0 0 96 96 0 0 2
285 110 0 0 0 0 0 0 0 0 96 96 0 0 3
286 39 0 0 0 0 0 0 0 0 96 96 0 0 4
287 116 0 0 0 0 0 0 0 0 96 96 0 0 5
288 32 1 1118391279 1024 0 13 0 0 0 96 96 0 0 0
289 99 1 1118391279 1024 0 13 0 0 0 96 96 0 0 1
290 97 1 1118391279 1024 0 13 0 0 0 96 96 0 0 2
291 110 1 1118391279 1024 0 13 0 0 0 96 96 0 0 3
292 39 1 1118391279 1024 0 13 0 0 0 96 96 0 0 4
293 116 1 1118391279 1024 0 13 0 0 0 96 96 0 0 5
294 32 2 2036711758 1024 0 221 0 0 0 96 96 0 0 0
295 105 2 2036711758 1024 0 221 0 0 0 96 96 0 0 1
296 116 2 2036711758 1024 0 221 0 0 0 96 96 0 0 2
297 39 2 2036711758 1024 0 221 0 0 0 96 96 0 0 3
298 115 2 2036711758 1024 0 221 0 0 0 96 96 0 0 4
299 32 3 1118433364 1048584 0 3546 0 0 0 96 96 0 0 0
300 116 3 1118433364 1048584 0 3546 0 0 0 96 96 0 0 1
301 104 3 1118433364 1048584 0 3546 0 0 0 96 96 0 0 2
302 101 3 1118433364 1048584 0 3546 0 0 0 96 96 0 0 3
303 32 4 3240864613 16384 0 56742 0 0 0 96 96 0 0 0
304 99 4 3240864613 16384 0 56742 0 0 0 96 96 0 0 1
305 97 4 3240864613 16384 0 56742 0 0 0 96 96 0 0 2
306 116 4 3240864613 16384 0 56742 0 0 0 96 96 0 0 3
307 32 4 2036711764 2 0 907874 0 0 0 96 96 0 0 0
308 115 4 2036711764 2 0 907874 0 0 0 96 96 0 0 1
309 97 4 2036711764 2 0 907874 0 0 0 96 96 0 0 2
310 116 4 2036711764 2 0 907874 0 0 0 96 96 0 0 3
311 32 5 3169976660 0 0 14525999 0 0 0 96 96 0 0 0
312 111 5 3169976660 0 0 14525999 0 0 0 96 96 0 0 1
313 110 5 3169976660 0 0 14525999 0 0 0 96 96 0 0 2
314 32 6 1118483854 65536 0 232415992 0 0 0 96 96 0 0 0
315 116 6 1118483854 65536 0 232415992 0 0 0 96 96 0 0 1
316 104 6 1118483854 65536 0 232415992 0 0 0 96 96 0 0 2
317 101 6 1118483854 65536 0 232415992 0 0 0 96 96 0 0 3
318 32 7 3240864613 16384 0 3718655878 0 0 0 96 96 0 0 0
319 109 7 3240864613 16384 0 3718655878 0 0 0 96 96 0 0 1
320 97 7 3240864613 16384 0 3718655878 0 0 0 96 96 0 0 2
321 116 7 3240864613 16384 0 3718655878 0 0 0 96 96 0 0 3
322 46 0 0 0 0 2788132384 0 0 0 96 96 0 0 0
323 10 0 0 0 0 0 0 0 0 0 96 0 0 0
324 130 0 0 0 0 0 0 0 0 96 96 0 0 0
325 204 0 0 0 0 0 0 0 0 96 96 0 0 0
326 46 0 0 0 0 0 0 0 0 96 96 0 0 0
327 197 0 0 0 0 0 0 0 0 96 96 0 0 0
328 44 0 0 0 0 0 0 0 0 96 96 0 0 0
329 223 0 0 0 0 0 0 0 0 96 96 0 0 0
330 32 0 0 0 0 0 0 0 0 96 96 0 0 0
331 194 0 0 0 0 0 0 0 0 96 96 0 0 0
332 172 0 0 0 0 0 0 0 0 96 96 0 0 0
333 10 0 0 0 0 0 0 0 0 0 96 0 0 0
334 151 0 0 0 0 0 0 0 0 96 96 0 0 0
335 233 0 0 0 0 0 0 0 0 96 96 0 0 0
336 10 0 0 0 0 0 0 0 0 0 96 0 0 0
337 180 0 0 0 0 0 0 0 0 96 96 0 0 0
338 32 0 0 0 0 0 0 0 0 96 96 0 0 0
339 215 0 0 0 0 0 0 0 0 96 96 0 0 0
340 46 0 0 0 0 0 0 0 0 96 96 0 0 0
341 245 0 0 0 0 0 0 0 0 96 96 0 0 0
342 46 0 0 0 0 0 0 0 0 96 96 0 0 0
343 119 0 0 0 0 0 0 0 0 96 96 0 0 1
344 111 0 0 0 0 0 0 0 0 96 96 0 0 2
345 114 0 0 0 0 0 0 0 0 96 96 0 0 3
346 100 0 0 0 0 0 0 0 0 96 96 0 0 4
347 48 1 4155777060 0 0 15 0 0 0 96 96 0 0 0
348 32 2 48 131072 0 15 0 0 0 96 96 0 0 0
349 97 2 48 131072 0 15 0 0 0 96 96 0 0 1
350 110 2 48 131072 0 15 0 0 0 96 96 0 0 2
351 111 2 48 131072 0 15 0 0 0 96 96 0 0 3
352 116 2 48 131072 0 15 0 0 0 96 96 0 0 4
353 104 2 48 131072 0 15 0 0 0 96 96 0 0 5
354 101 2 48 131072 0 15 0 0 0 96 96 0 0 6
355 114 2 48 131072 0 15 0 0 0 96 96 0 0 7
356 32 3 91021800 0 0 255 0 0 0 96 96 0 0 0
357 91 3 91021800 0 0 255 0 0 0 96 91 0 0 0
358 91 3 91021800 0 0 255 0 0 0 96 91 0 0 0
359 65 3 91021800 0 0 255 0 0 0 96 91 0 0 0
360 110 3 91021800 0 0 255 0 0 0 96 91 0 0 1
361 110 3 91021800 0 0 255 0 0 0 96 91 0 0 2
362 97 3 91021800 0 0 255 0 0 0 96 91 0 0 3
363 93 4 2815940769 0 0 4095 0 0 0 96 91 0 0 0
364 93 4 2815940769 0 0 4095 0 0 0 96 96 0 0 0
365 32 4 2815940769 0 0 4095 0 0 0 96 96 0 0 0
366 119 4 2815940769 0 0 4095 0 0 0 96 96 0 0 1
367 97 4 2815940769 0 0 4095 0 0 0 96 96 0 0 2
368 115 4 2815940769 0 0 4095 0 0 0 96 96 0 0 3
369 32 5 3453292883 1 0 65521 3453292883 0 0 96 96 0 0 0
370 97 5 3453292883 1 0 65521 3453292883 0 0 96 96 0 0 1
371 32 6 1950627777 16384 0 1048342 3453292883 0 0 96 96 0 0 0
372 39 6 1950627777 16384 0 1048342 3453292883 0 0 96 96 0 0 1
373 39 7 1950627719 0 0 16773487 3453292883 0 0 96 96 0 0 0
374 39 7 1950627719 0 0 16773487 3453292883 0 0 96 96 0 0 0
375 113 7 1950627719 0 0 16773487 3453292883 0 0 96 96 0 0 1
376 117 7 1950627719 0 0 16773487 3453292883 0 0 96 96 0 0 2
377 101 7 1950627719 0 0 16773487 3453292883 0 0 96 96 0 0 3
378 101 7 1950627719 0 0 16773487 3453292883 0 0 96 96 0 0 4
379 110 7 1950627719 0 0 16773487 3453292883 0 0 96 96 0 0 5
380 39 7 1950627719 0 0 16773487 3453292883 0 0 96 96 0 0 6
381 39 8 3278097614 8 0 268375802 3453292883 0 0 96 96 0 0 0
382 39 8 3278097614 8 0 268375802 3453292883 0 0 96 96 0 0 0
383 32 8 3278097614 8 0 268375802 3453292883 0 0 96 96 0 0 0
384 111 8 3278097614 8 0 268375802 3453292883 0 0 96 96 0 0 1
385 102 8 3278097614 8 0 268375802 3453292883 0 0 96 96 0 0 2
386 32 9 1118483846 65536 0 4294012840 3453292883 0 0 96 96 0 0 0
387 91 9 1118483846 65536 0 4294012840 3453292883 0 0 96 91 0 0 0
388 91 9 1118483846 65536 0 4294012840 3453292883 0 0 96 91 0 0 0
389 70 9 1118483846 65536 0 4294012840 3453292883 0 0 96 91 0 0 0
390 114 9 1118483846 65536 0 4294012840 3453292883 0 0 96 91 0 0 1
391 97 9 1118483846 65536 0 4294012840 3453292883 0 0 96 91 0 0 2
392 110 9 1118483846 65536 0 4294012840 3453292883 0 0 96 91 0 0 3
393 99 9 1118483846 65536 0 4294012840 3453292883 0 0 96 91 0 0 4
394 101 9 1118483846 65536 0 4294012840 3453292883 0 0 96 91 0 0 5
395 93 10 3384763555 0 0 4279696015 3453292883 0 0 96 91 0 0 0
396 93 10 3384763555 0 0 4279696015 3453292883 0 0 96 96 0 0 0
397 32 10 3384763555 0 0 4279696015 3453292883 0 0 96 96 0 0 0
398 105 10 3384763555 0 0 4279696015 3453292883 0 0 96 96 0 0 1
399 110 10 3384763555 0 0 4279696015 3453292883 0 0 96 96 0 0 2
400 32 11 1118433358 65536 0 4050626808 3453292883 0 0 96 96 0 0 0
401 49 11 1118433358 65536 0 4050626808 3453292883 0 0 96 96 0 0 0
402 55 11 1118433358 65536 0 4050626808 3453292883 0 0 96 96 0 0 0
403 56 11 1118433358 65536 0 4050626808 3453292883 0 0 96 96 0 0 0
404 57 11 1118433358 65536 0 4050626808 3453292883 0 0 96 96 0 0 0
405 46 0 0 0 0 385519488 3453292883 0 0 96 96 0 0 0
406 10 0 0 0 0 0 0 0 0 0 96 0 0 0
407 61 0 0 0 0 0 0 0 0 61 96 0 0 0
408 61 0 0 0 0 0 0 0 0 61 96 0 0 0
409 32 0 0 0 0 0 0 0 0 61 96 0 0 0
410 72 0 0 0 0 0 0 0 0 61 96 0 0 0
411 105 0 0 0 0 0 0 0 0 61 96 0 0 1
412 115 0 0 0 0 0 0 0 0 61 96 0 0 2
413 116 0 0 0 0 0 0 0 0 61 96 0 0 3
414 111 0 0 0 0 0 0 0 0 61 96 0 0 4
415 114 0 0 0 0 0 0 0 0 61 96 0 0 5
416 121 0 0 0 0 0 0 0 0 61 96 0 0 6
417 32 1 1469161513 0 0 15 0 0 0 61 96 0 0 0
418 61 1 1469161513 0 0 15 0 0 0 61 96 0 0 0
419 61 1 1469161513 0 0 15 0 0 0 61 96 0 0 0
420 10 0 0 0 0 0 0 0 0 0 96 0 0 0
421 42 0 0 0 0 0 0 0 0 42 42 0 0 0
422 32 0 0 0 0 0 0 0 0 42 42 0 0 0
423 105 0 0 0 0 0 0 0 0 96 42 0 0 1
424 116 0 0 0 0 0 0 0 0 96 42 0 0 2
425 101 0 0 0 0 0 0 0 0 96 42 0 0 3
426 109 0 0 0 0 0 0 0 0 96 42 0 0 4
427 32 1 4268574925 0 0 15 0 0 0 96 42 0 0 0
428 111 1 4268574925 0 0 15 0 0 0 96 42 0 0 1
429 110 1 4268574925 0 0 15 0 0 0 96 42 0 0 2
430 101 1 4268574925 0 0 15 0 0 0 96 42 0 0 3
431 32 2 2886769829 131072 0 254 0 0 0 96 42 0 0 0
432 40 2 2886769829 131072 0 254 0 0 0 96 42 0 0 0
433 102 2 2886769829 131072 0 254 0 0 0 96 42 0 0 1
434 105 2 2886769829 131072 0 254 0 0 0 96 42 0 0 2
435 114 2 2886769829 131072 0 254 0 0 0 96 42 0 0 3
436 115 2 2886769829 131072 0 254 0 0 0 96 42 0 0 4
437 116 2 2886769829 131072 0 254 0 0 0 96 42 0 0 5
438 41 2 2886769829 131072 0 65264 0 0 0 96 42 0 0 0
439 10 0 0 0 0 0 0 0 0 0 42 0 0 0
440 42 0 0 0 0 0 0 0 0 42 42 0 0 0
441 32 0 0 0 0 0 0 0 0 42 42 0 0 0
442 105 0 0 0 0 0 0 0 0 96 42 0 0 1
443 116 0 0 0 0 0 0 0 0 96 42 0 0 2
444 101 0 0 0 0 0 0 0 0 96 42 0 0 3
445 109 0 0 0 0 0 0 0 0 96 42 0 0 4
446 32 1 4268574925 0 0 15 0 0 0 96 42 0 0 0
447 116 1 4268574925 0 0 15 0 0 0 96 42 0 0 1
448 119 1 4268574925 0 0 15 0 0 0 96 42 0 0 2
449 111 1 4268574925 0 0 15 0 0 0 96 42 0 0 3
450 32 2 3240990863 131072 0 254 0 0 0 96 42 0 0 0
451 91 2 3240990863 131072 0 254 0 0 0 96 91 0 0 0
452 104 2 3240990863 131072 0 254 0 0 0 96 91 0 0 1
453 116 2 3240990863 131072 0 254 0 0 0 96 91 0 0 2
454 116 2 3240990863 131072 0 254 0 0 0 96 91 0 0 3
455 112 2 3240990863 131072 0 254 0 0 0 96 91 0 0 4
456 58 3 876852720 0 0 4079 0 0 0 96 91 0 0 0
457 47 3 876852720 0 0 4079 0 0 0 96 91 0 0 0
458 47 3 876852720 0 0 4079 0 0 0 96 91 0 0 0
459 101 3 876852720 0 0 4079 0 0 0 96 91 0 0 1
460 120 3 876852720 0 0 4079 0 0 0 96 91 0 0 2
461 97 3 876852720 0 0 4079 0 0 0 96 91 0 0 3
462 109 3 876852720 0 0 4079 0 0 0 96 91 0 0 4
463 112 3 876852720 0 0 4079 0 0 0 96 91 0 0 5
464 108 3 876852720 0 0 4079 0 0 0 96 91 0 0 6
465 101 3 876852720 0 0 4079 0 0 0 96 91 0 0 7
466 46 4 3291829868 0 0 1044464 0 0 0 96 91 0 0 0
467 111 4 3291829868 0 0 1044464 0 0 0 96 91 0 0 1
468 114 4 3291829868 0 0 1044464 0 0 0 96 91 0 0 2
469 103 4 3291829868 0 0 1044464 0 0 0 96 91 0 0 3
470 32 5 2886803495 0 0 16711439 0 0 0 96 91 0 0 0
471 108 5 2886803495 0 0 16711439 0 0 0 96 91 0 0 1
472 105 5 2886803495 0 0 16711439 0 0 0 96 91 0 0 2
473 110 5 2886803495 0 0 16711439 0 0 0 96 91 0 0 3
474 107 5 2886803495 0 0 16711439 0 0 0 96 91 0 0 4
475 93 6 780174507 0 0 267383039 0 0 0 96 42 0 0 0
476 32 6 780174507 0 0 267383039 0 0 1 64 42 0 0 0
477 116 6 780174507 0 0 267383039 0 0 1 64 42 0 0 1
478 101 6 780174507 0 0 267383039 0 0 1 64 42 0 0 2
479 120 6 780174507 0 0 267383039 0 0 1 64 42 0 0 3
480 116 6 780174507 0 0 267383039 0 0 1 64 42 0 0 4
481 10 0 0 0 0 0 0 0 0 0 42 0 0 0
482 84 0 0 0 0 0 0 0 0 84 42 0 0 0
483 104 0 0 0 0 0 0 0 0 84 42 0 0 1
484 101 0 0 0 0 0 0 0 0 84 42 0 0 2
485 32 1 1118424933 2048 0 4 0 0 0 84 42 0 0 0
486 123 1 1118424933 2048 0 4 0 0 0 84 42 0 0 0
487 123 1 1118424933 2048 0 4 0 0 0 84 42 0 0 0
488 99 1 1118424933 2048 0 4 0 0 0 84 42 0 0 1
489 105 1 1118424933 2048 0 4 0 0 0 84 42 0 0 2
490 116 1 1118424933 2048 0 4 0 0 0 84 42 0 0 3
491 101 1 1118424933 2048 0 4 0 0 0 84 42 0 0 4
492 124 2 318360037 0 0 79 0 0 0 84 42 0 0 0
493 121 2 318360037 0 0 79 0 0 0 84 42 0 0 1
494 101 2 318360037 0 0 79 0 0 0 84 42 0 0 2
495 97 2 318360037 0 0 79 0 0 0 84 42 0 0 3
496 114 2 318360037 0 0 79 0 0 0 84 42 0 0 4
497 61 3 1641105746 0 0 1279 0 0 0 84 42 0 0 0
498 49 3 1641105746 0 0 1279 0 0 0 84 42 0 0 0
499 56 3 1641105746 0 0 1279 0 0 0 84 42 0 0 0
500 48 3 1641105746 0 0 1279 0 0 0 84 42 0 0 0
501 49 3 1641105746 0 0 1279 0 0 0 84 42 0 0 0
502 125 4 1368491697 131072 0 1279 0 0 0 84 42 0 0 0
503 125 4 1368491697 131072 0 1279 0 0 0 84 42 0 0 0
504 32 4 1368491697 131072 0 1279 0 0 0 84 42 0 0 0
505 115 4 1368491697 131072 0 1279 0 0 0 84 42 0 0 1
506 97 4 1368491697 131072 0 1279 0 0 0 84 42 0 0 2
507 105 4 1368491697 131072 0 1279 0 0 0 84 42 0 0 3
508 100 4 1368491697 131072 0 1279 0 0 0 84 42 0 0 4
509 58 5 2481602628 0 0 20479 0 0 0 84 42 0 0 0
510 32 5 2481602628 0 0 20479 0 0 0 84 42 0 0 0
511 34 5 2481602628 0 0 20479 0 0 0 84 42 0 0 0
512 104 5 2481602628 0 0 20479 0 0 0 84 42 0 0 1
513 101 5 2481602628 0 0 20479 0 0 0 84 42 0 0 2
514 108 5 2481602628 0 0 20479 0 0 0 84 42 0 0 3
515 108 5 2481602628 0 0 20479 0 0 0 84 42 0 0 4
516 111 5 2481602628 0 0 20479 0 0 0 84 42 0 0 5
517 44 6 933891823 0 0 327679 0 0 0 84 42 0 0 0
518 32 6 933891823 0 0 327679 0 0 0 84 42 0 0 0
519 119 6 933891823 0 0 327679 0 0 0 84 42 0 0 1
520 111 6 933891823 0 0 327679 0 0 0 84 42 0 0 2
521 114 6 933891823 0 0 327679 0 0 0 84 42 0 0 3
522 108 6 933891823 0 0 327679 0 0 0 84 42 0 0 4
523 100 6 933891823 0 0 327679 0 0 0 84 42 0 0 5
524 33 7 1101113060 0 0 5242879 0 0 0 84 42 0 0 0
525 34 7 1101113060 0 0 5242879 0 0 0 84 42 0 0 0
526 10 0 0 0 0 0 0 0 0 0 42 0 0 0
527 60 0 0 0 0 0 0 0 0 60 42 0 0 0
528 114 0 0 0 0 0 0 0 0 60 42 0 0 1
529 101 0 0 0 0 0 0 0 0 60 42 0 0 2
530 102 0 0 0 0 0 0 0 0 60 42 0 0 3
531 62 1 3099181254 0 0 15 0 0 0 60 42 0 0 0
532 110 1 3099181254 0 0 15 0 0 0 60 42 0 0 1
533 111 1 3099181254 0 0 15 0 0 0 60 42 0 0 2
534 116 1 3099181254 0 0 15 0 0 0 60 42 0 0 3
535 101 1 3099181254 0 0 15 0 0 0 60 42 0 0 4
536 32 2 3693928933 0 0 255 0 0 0 60 42 0 0 0
537 49 2 3693928933 0 0 255 0 0 0 60 42 0 0 0
538 50 2 3693928933 0 0 255 0 0 0 60 42 0 0 0
539 44 3 103146 131072 0 255 0 0 0 60 42 0 0 0
540 51 3 103146 131072 0 255 0 0 0 60 42 0 0 0
541 52 3 103146 131072 0 255 0 0 0 60 42 0 0 0
542 53 3 103146 131072 0 255 0 0 0 60 42 0 0 0
543 46 0 0 0 0 4080 0 0 0 60 42 0 0 0
544 54 0 0 0 0 4080 0 0 0 60 42 0 0 0
545 55 0 0 0 0 4080 0 0 0 60 42 0 0 0
546 32 1 113671 131072 0 4080 0 0 0 60 42 0 0 0
547 104 1 113671 131072 0 4080 0 0 0 60 42 0 0 1
548 101 1 113671 131072 0 4080 0 0 0 60 42 0 0 2
549 114 1 113671 131072 0 4080 0 0 0 60 42 0 0 3
550 101 1 113671 131072 0 4080 0 0 0 60 42 0 0 4
551 60 2 4109367333 0 0 65295 0 0 0 60 42 0 0 0
552 47 2 4109367333 0 0 65295 0 0 0 60 42 0 0 0
553 114 2 4109367333 0 0 65295 0 0 0 60 42 0 0 1
554 101 2 4109367333 0 0 65295 0 0 0 60 42 0 0 2
555 102 2 4109367333 0 0 65295 0 0 0 60 42 0 0 3
556 62 3 3099181254 0 0 1044735 0 0 0 60 42 0 0 0
557 10 0 0 0 0 0 0 0 0 0 42 0 0 0
558 65 0 0 0 0 0 0 0 0 65 42 0 0 0
559 32 0 0 0 0 0 0 0 0 65 42 0 0 0
560 108 0 0 0 0 0 0 0 0 65 42 0 0 1
561 105 0 0 0 0 0 0 0 0 65 42 0 0 2
562 110 0 0 0 0 0 0 0 0 65 42 0 0 3
563 101 0 0 0 0 0 0 0 0 65 42 0 0 4
564 32 1 780174501 0 0 15 0 0 0 65 42 0 0 0
565 119 1 780174501 0 0 15 0 0 0 65 42 0 0 1
566 105 1 780174501 0 0 15 0 0 0 65 42 0 0 2
567 116 1 780174501 0 0 15 0 0 0 65 42 0 0 3
568 104 1 780174501 0 0 15 0 0 0 65 42 0 0 4
569 32 2 3730819560 65536 0 248 0 0 0 65 42 0 0 0
570 110 2 3730819560 65536 0 248 0 0 0 65 42 0 0 1
571 117 2 3730819560 65536 0 248 0 0 0 65 42 0 0 2
572 109 2 3730819560 65536 0 248 0 0 0 65 42 0 0 3
573 98 2 3730819560 65536 0 248 0 0 0 65 42 0 0 4
574 101 2 3730819560 65536 0 248 0 0 0 65 42 0 0 5
575 114 2 3730819560 65536 0 248 0 0 0 65 42 0 0 6
576 115 2 3730819560 65536 0 248 0 0 0 65 42 0 0 7
577 32 3 3416096978 8 0 3978 0 0 0 65 42 0 0 0
578 52 3 3416096978 8 0 3978 0 0 0 65 42 0 0 0
579 50 3 3416096978 8 0 3978 0 0 0 65 42 0 0 0
580 32 4 109458 131072 0 3978 0 0 0 65 42 0 0 0
581 97 4 109458 131072 0 3978 0 0 0 65 42 0 0 1
582 110 4 109458 131072 0 3978 0 0 0 65 42 0 0 2
583 100 4 109458 131072 0 3978 0 0 0 65 42 0 0 3
584 32 5 1895163044 32768 0 63655 0 0 0 65 42 0 0 0
585 51 5 1895163044 32768 0 63655 0 0 0 65 42 0 0 0
586 46 0 0 0 0 1018480 0 0 0 65 42 0 0 0
587 49 0 0 0 0 1018480 0 0 0 65 42 0 0 0
588 52 0 0 0 0 1018480 0 0 0 65 42 0 0 0
589 32 1 103148 131072 0 1018480 0 0 0 65 42 0 0 0
590 97 1 103148 131072 0 1018480 0 0 0 65 42 0 0 1
591 110 1 103148 131072 0 1018480 0 0 0 65 42 0 0 2
592 100 1 103148 131072 0 1018480 0 0 0 65 42 0 0 3
593 32 2 1895163044 32768 0 16295687 0 0 0 65 42 0 0 0
594 49 2 1895163044 32768 0 16295687 0 0 0 65 42 0 0 0
595 44 3 49 131072 0 16295687 0 0 0 65 42 0 0 0
596 48 3 49 131072 0 16295687 0 0 0 65 42 0 0 0
597 48 3 49 131072 0 16295687 0 0 0 65 42 0 0 0
598 48 3 49 131072 0 16295687 0 0 0 65 42 0 0 0
599 46 0 0 0 0 260730992 0 0 0 65 42 0 0 0
600 10 0 0 0 0 0 0 0 0 0 42 0 0 0
601 38 0 0 0 0 0 0 0 0 38 42 0 0 0
602 110 0 0 0 0 0 0 0 0 38 42 0 0 1
603 98 0 0 0 0 0 0 0 0 38 42 0 0 2
604 115 0 0 0 0 0 0 0 0 38 42 0 0 3
605 112 0 0 0 0 0 0 0 0 38 42 0 0 4
606 59 1 2773142800 0 0 15 0 0 0 38 42 0 0 0
607 32 1 2773142800 0 0 15 0 0 0 38 42 0 0 0
608 115 1 2773142800 0 0 15 0 0 0 38 42 0 0 1
609 111 1 2773142800 0 0 15 0 0 0 38 42 0 0 2
610 109 1 2773142800 0 0 15 0 0 0 38 42 0 0 3
611 101 1 2773142800 0 0 15 0 0 0 38 42 0 0 4
612 32 2 3473243077 0 0 255 0 0 0 38 42 0 0 0
613 38 2 3473243077 0 0 255 0 0 0 38 42 0 0 0
614 97 2 3473243077 0 0 255 0 0 0 38 42 0 0 1
615 109 2 3473243077 0 0 255 0 0 0 38 42 0 0 2
616 112 2 3473243077 0 0 255 0 0 0 38 42 0 0 3
617 59 3 1895154640 0 0 4095 0 0 0 38 42 0 0 0
618 32 3 1895154640 0 0 4095 0 0 0 38 42 0 0 0
619 101 3 1895154640 0 0 4095 0 0 0 38 42 0 0 1
620 110 3 1895154640 0 0 4095 0 0 0 38 42 0 0 2
621 116 3 1895154640 0 0 4095 0 0 0 38 42 0 0 3
622 105 3 1895154640 0 0 4095 0 0 0 38 42 0 0 4
623 116 3 1895154640 0 0 4095 0 0 0 38 42 0 0 5
624 105 3 1895154640 0 0 4095 0 0 0 38 42 0 0 6
625 101 3 1895154640 0 0 4095 0 0 0 38 42 0 0 7
626 115 3 1895154640 0 0 4095 0 0 0 38 42 0 0 8
627 32 4 1475168745 8 0 65530 0 0 0 38 42 0 0 0
628 38 4 1475168745 8 0 65530 0 0 0 38 42 0 0 0
629 108 4 1475168745 8 0 65530 0 0 0 38 42 0 0 1
630 116 4 1475168745 8 0 65530 0 0 0 38 42 0 0 2
631 59 5 1118458612 0 0 1048495 0 0 0 38 42 0 0 0
632 116 5 1118458612 0 0 1048495 0 0 0 38 42 0 0 1
633 97 5 1118458612 0 0 1048495 0 0 0 38 42 0 0 2
634 103 5 1118458612 0 0 1048495 0 0 0 38 42 0 0 3
635 38 6 3240805703 0 0 16775935 0 0 0 38 42 0 0 0
636 103 6 3240805703 0 0 16775935 0 0 0 38 42 0 0 1
637 116 6 3240805703 0 0 16775935 0 0 0 38 42 0 0 2
638 59 7 1118416532 0 0 268414975 0 0 0 38 42 0 0 0
639 10 0 0 0 0 0 0 0 0 0 42 0 0 0
640 100 0 0 0 0 0 0 0 0 96 96 0 0 1
641 111 0 0 0 0 0 0 0 0 96 96 0 0 2
642 110 0 0 0 0 0 0 0 0 96 96 0 0 3
643 39 0 0 0 0 0 0 0 0 96 96 0 0 4
644 116 0 0 0 0 0 0 0 0 96 96 0 0 5
645 32 1 1118391279 1024 0 13 0 0 0 96 96 0 0 0
646 99 1 1118391279 1024 0 13 0 0 0 96 96 0 0 1
647 97 1 1118391279 1024 0 13 0 0 0 96 96 0 0 2
648 110 1 1118391279 1024 0 13 0 0 0 96 96 0 0 3
649 39 1 1118391279 1024 0 13 0 0 0 96 96 0 0 4
650 116 1 1118391279 1024 0 13 0 0 0 96 96 0 0 5
651 32 2 2036711758 1024 0 221 0 0 0 96 96 0 0 0
652 105 2 2036711758 1024 0 221 0 0 0 96 96 0 0 1
653 116 2 2036711758 1024 0 221 0 0 0 96 96 0 0 2
654 39 2 2036711758 1024 0 221 0 0 0 96 96 0 0 3
655 115 2 2036711758 1024 0 221 0 0 0 96 96 0 0 4
656 32 3 1118433364 1048584 0 3546 0 0 0 96 96 0 0 0
657 116 3 1118433364 1048584 0 3546 0 0 0 96 96 0 0 1
658 104 3 1118433364 1048584 0 3546 0 0 0 96 96 0 0 2
659 101 3 1118433364 1048584 0 3546 0 0 0 96 96 0 0 3
660 32 4 3240864613 16384 0 56742 0 0 0 96 96 0 0 0
661 99 4 3240864613 16384 0 56742 0 0 0 96 96 0 0 1
662 97 4 3240864613 16384 0 56742 0 0 0 96 96 0 0 2
663 116 4 3240864613 16384 0 56742 0 0 0 96 96 0 0 3
664 32 4 2036711764 2 0 907874 0 0 0 96 96 0 0 0
665 115 4 2036711764 2 0 907874 0 0 0 96 96 0 0 1
666 97 4 2036711764 2 0 907874 0 0 0 96 96 0 0 2
667 116 4 2036711764 2 0 907874 0 0 0 96 96 0 0 3
668 32 5 3169976660 0 0 14525999 0 0 0 96 96 0 0 0
669 111 5 3169976660 0 0 14525999 0 0 0 96 96 0 0 1
670 110 5 3169976660 0 0 14525999 0 0 0 96 96 0 0 2
671 32 6 1118483854 65536 0 232415992 0 0 0 96 96 0 0 0
672 116 6 1118483854 65536 0 232415992 0 0 0 96 96 0 0 1
673 104 6 1118483854 65536 0 232415992 0 0 0 96 96 0 0 2
674 101 6 1118483854 65536 0 232415992 0 0 0 96 96 0 0 3
675 32 7 3240864613 16384 0 3718655878 0 0 0 96 96 0 0 0
676 109 7 3240864613 16384 0 3718655878 0 0 0 96 96 0 0 1
677 97 7 3240864613 16384 0 3718655878 0 0 0 96 96 0 0 2
678 116 7 3240864613 16384 0 3718655878 0 0 0 96 96 0 0 3
679 46 0 0 0 0 2788132384 0 0 0 96 96 0 0 0
680 10 0 0 0 0 0 0 0 0 0 96 0 0 0
681 234 0 0 0 0 0 0 0 0 96 96 0 0 0
682 32 0 0 0 0 0 0 0 0 96 96 0 0 0
683 169 0 0 0 0 0 0 0 0 96 96 0 0 0
684 10 0 0 0 0 0 0 0 0 0 96 0 0 0
685 153 0 0 0 0 0 0 0 0 96 96 0 0 0
686 234 0 0 0 0 0 0 0 0 96 96 0 0 0
687 32 0 0 0 0 0 0 0 0 96 96 0 0 0
688 174 0 0 0 0 0 0 0 0 96 96 0 0 0
689 224 0 0 0 0 0 0 0 0 96 96 0 0 0
690 187 0 0 0 0 0 0 0 0 96 96 0 0 0
691 46 0 0 0 0 0 0 0 0 96 96 0 0 0
692 187 0 0 0 0 0 0 0 0 96 96 0 0 0
693 32 0 0 0 0 0 0 0 0 96 96 0 0 0
694 183 0 0 0 0 0 0 0 0 96 96 0 0 0
695 175 0 0 0 0 0 0 0 0 96 96 0 0 0
696 46 0 0 0 0 0 0 0 0 96 96 0 0 0
697 239 0 0 0 0 0 0 0 0 96 96 0 0 0
698 161 0 0 0 0 0 0 0 0 96 96 0 0 0
699 138 0 0 0 0 0 0 0 0 96 96 0 0 0
700 10 0 0 0 0 0 0 0 0 0 96 0 0 0
701 130 0 0 0 0 0 0 0 0 96 96 0 0 0
702 166 0 0 0 0 0 0 0 0 96 96 0 0 0
703 10 0 0 0 0 0 0 0 0 0 96 0 0 0
704 119 0 0 0 0 0 0 0 0 96 96 0 0 1
705 111 0 0 0 0 0 0 0 0 96 96 0 0 2
706 114 0 0 0 0 0 0 0 0 96 96 0 0 3
707 100 0 0 0 0 0 0 0 0 96 96 0 0 4
708 49 1 4155777060 0 0 15 0 0 0 96 96 0 0 0
709 32 2 49 131072 0 15 0 0 0 96 96 0 0 0
710 97 2 49 131072 0 15 0 0 0 96 96 0 0 1
711 110 2 49 131072 0 15 0 0 0 96 96 0 0 2
712 111 2 49 131072 0 15 0 0 0 96 96 0 0 3
713 116 2 49 131072 0 15 0 0 0 96 96 0 0 4
714 104 2 49 131072 0 15 0 0 0 96 96 0 0 5
715 101 2 49 131072 0 15 0 0 0 96 96 0 0 6
716 114 2 49 131072 0 15 0 0 0 96 96 0 0 7
717 32 3 91021800 0 0 255 0 0 0 96 96 0 0 0
718 91 3 91021800 0 0 255 0 0 0 96 91 0 0 0
719 91 3 91021800 0 0 255 0 0 0 96 91 0 0 0
720 65 3 91021800 0 0 255 0 0 0 96 91 0 0 0
721 110 3 91021800 0 0 255 0 0 0 96 91 0 0 1
722 110 3 91021800 0 0 255 0 0 0 96 91 0 0 2
723 97 3 91021800 0 0 255 0 0 0 96 91 0 0 3
724 93 4 2815940769 0 0 4095 0 0 0 96 91 0 0 0
725 93 4 2815940769 0 0 4095 0 0 0 96 96 0 0 0
726 32 4 2815940769 0 0 4095 0 0 0 96 96 0 0 0
727 119 4 2815940769 0 0 4095 0 0 0 96 96 0 0 1
728 97 4 2815940769 0 0 4095 0 0 0 96 96 0 0 2
729 115 4 2815940769 0 0 4095 0 0 0 96 96 0 0 3
730 32 5 3453292883 1 0 65521 3453292883 0 0 96 96 0 0 0
731 97 5 3453292883 1 0 65521 3453292883 0 0 96 96 0 0 1
732 32 6 1950627777 16384 0 1048342 3453292883 0 0 96 96 0 0 0
733 39 6 1950627777 16384 0 1048342 3453292883 0 0 96 96 0 0 1
734 39 7 1950627719 0 0 16773487 3453292883 0 0 96 96 0 0 0
735 39 7 1950627719 0 0 16773487 3453292883 0 0 96 96 0 0 0
736 113 7 1950627719 0 0 16773487 3453292883 0 0 96 96 0 0 1
737 117 7 1950627719 0 0 16773487 3453292883 0 0 96 96 0 0 2
738 101 7 1950627719 0 0 16773487 3453292883 0 0 96 96 0 0 3
739 101 7 1950627719 0 0 16773487 3453292883 0 0 96 96 0 0 4
740 110 7 1950627719 0 0 16773487 3453292883 0 0 96 96 0 0 5
741 39 7 1950627719 0 0 16773487 3453292883 0 0 96 96 0 0 6
742 39 8 3278097614 8 0 268375802 3453292883 0 0 96 96 0 0 0
743 39 8 3278097614 8 0 268375802 3453292883 0 0 96 96 0 0 0
744 32 8 3278097614 8 0 268375802 3453292883 0 0 96 96 0 0 0
745 111 8 3278097614 8 0 268375802 3453292883 0 0 96 96 0 0 1
746 102 8 3278097614 8 0 268375802 3453292883 0 0 96 96 0 0 2
747 32 9 1118483846 65536 0 4294012840 3453292883 0 0 96 96 0 0 0
748 91 9 1118483846 65536 0 4294012840 3453292883 0 0 96 91 0 0 0
749 91 9 1118483846 65536 0 4294012840 3453292883 0 0 96 91 0 0 0
750 70 9 1118483846 65536 0 4294012840 3453292883 0 0 96 91 0 0 0
751 114 9 1118483846 65536 0 4294012840 3453292883 0 0 96 91 0 0 1
752 97 9 1118483846 65536 0 4294012840 3453292883 0 0 96 91 0 0 2
753 110 9 1118483846 65536 0 4294012840 3453292883 0 0 96 91 0 0 3
754 99 9 1118483846 65536 0 4294012840 3453292883 0 0 96 91 0 0 4
755 101 9 1118483846 65536 0 4294012840 3453292883 0 0 96 91 0 0 5
756 93 10 3384763555 0 0 4279696015 3453292883 0 0 96 91 0 0 0
757 93 10 3384763555 0 0 4279696015 3453292883 0 0 96 96 0 0 0
758 32 10 3384763555 0 0 4279696015 3453292883 0 0 96 96 0 0 0
759 105 10 3384763555 0 0 4279696015 3453292883 0 0 96 96 0 0 1
760 110 10 3384763555 0 0 4279696015 3453292883 0 0 96 96 0 0 2
761 32 11 1118433358 65536 0 4050626808 3453292883 0 0 96 96 0 0 0
762 49 11 1118433358 65536 0 4050626808 3453292883 0 0 96 96 0 0 0
763 55 11 1118433358 65536 0 4050626808 3453292883 0 0 96 96 0 0 0
764 56 11 1118433358 65536 0 4050626808 3453292883 0 0 96 96 0 0 0
765 57 11 1118433358 65536 0 4050626808 3453292883 0 0 96 96 0 0 0
766 46 0 0 0 0 385519488 3453292883 0 0 96 96 0 0 0
767 10 0 0 0 0 0 0 0 0 0 96 0 0 0
768 61 0 0 0 0 0 0 0 0 61 96 0 0 0
769 61 0 0 0 0 0 0 0 0 61 96 0 0 0
770 32 0 0 0 0 0 0 0 0 61 96 0 0 0
771 72 0 0 0 0 0 0 0 0 61 96 0 0 0
772 105 0 0 0 0 0 0 0 0 61 96 0 0 1
773 115 0 0 0 0 0 0 0 0 61 96 0 0 2
774 116 0 0 0 0 0 0 0 0 61 96 0 0 3
775 111 0 0 0 0 0 0 0 0 61 96 0 0 4
776 114 0 0 0 0 0 0 0 0 61 96 0 0 5
777 121 0 0 0 0 0 0 0 0 61 96 0 0 6
778 32 1 1469161513 0 0 15 0 0 0 61 96 0 0 0
779 61 1 1469161513 0 0 15 0 0 0 61 96 0 0 0
780 61 1 1469161513 0 0 15 0 0 0 61 96 0 0 0
781 10 0 0 0 0 0 0 0 0 0 96 0 0 0
782 42 0 0 0 0 0 0 0 0 42 42 0 0 0
783 32 0 0 0 0 0 0 0 0 42 42 0 0 0
784 105 0 0 0 0 0 0 0 0 96 42 0 0 1
785 116 0 0 0 0 0 0 0 0 96 42 0 0 2
786 101 0 0 0 0 0 0 0 0 96 42 0 0 3
787 109 0 0 0 0 0 0 0 0 96 42 0 0 4
788 32 1 4268574925 0 0 15 0 0 0 96 42 0 0 0
789 111 1 4268574925 0 0 15 0 0 0 96 42 0 0 1
790 110 1 4268574925 0 0 15 0 0 0 96 42 0 0 2
791 101 1 4268574925 0 0 15 0 0 0 96 42 0 0 3
792 32 2 2886769829 131072 0 254 0 0 0 96 42 0 0 0
793 40 2 2886769829 131072 0 254 0 0 0 96 42 0 0 0
794 102 2 2886769829 131072 0 254 0 0 0 96 42 0 0 1
795 105 2 2886769829 131072 0 254 0 0 0 96 42 0 0 2
796 114 2 2886769829 131072 0 254 0 0 0 96 42 0 0 3
797 115 2 2886769829 131072 0 254 0 0 0 96 42 0 0 4
798 116 2 2886769829 131072 0 254 0 0 0 96 42 0 0 5
799 41 2 2886769829 131072 0 65264 0 0 0 96 42 0 0 0
800 10 0 0 0 0 0 0 0 0 0 42 0 0 0
801 42 0 0 0 0 0 0 0 0 42 42 0 0 0
802 32 0 0 0 0 0 0 0 0 42 42 0 0 0
803 105 0 0 0 0 0 0 0 0 96 42 0 0 1
804 116 0 0 0 0 0 0 0 0 96 42 0 0 2
805 101 0 0 0 0 0 0 0 0 96 42 0 0 3
806 109 0 0 0 0 0 0 0 0 96 42 0 0 4
807 32 1 4268574925 0 0 15 0 0 0 96 42 0 0 0
808 116 1 4268574925 0 0 15 0 0 0 96 42 0 0 1
809 119 1 4268574925 0 0 15 0 0 0 96 42 0 0 2
810 111 1 4268574925 0 0 15 0 0 0 96 42 0 0 3
811 32 2 3240990863 131072 0 254 0 0 0 96 42 0 0 0
812 91 2 3240990863 131072 0 254 0 0 0 96 91 0 0 0
813 104 2 3240990863 131072 0 254 0 0 0 96 91 0 0 1
814 116 2 3240990863 131072 0 254 0 0 0 96 91 0 0 2
815 116 2 3240990863 131072 0 254 0 0 0 96 91 0 0 3
816 112 2 3240990863 131072 0 254 0 0 0 96 91 0 0 4
817 58 3 876852720 0 0 4079 0 0 0 96 91 0 0 0
818 47 3 876852720 0 0 4079 0 0 0 96 91 0 0 0
819 47 3 876852720 0 0 4079 0 0 0 96 91 0 0 0
820 101 3 876852720 0 0 4079 0 0 0 96 91 0 0 1
821 120 3 876852720 0 0 4079 0 0 0 96 91 0 0 2
822 97 3 876852720 0 0 4079 0 0 0 96 91 0 0 3
823 109 3 876852720 0 0 4079 0 0 0 96 91 0 0 4
824 112 3 876852720 0 0 4079 0 0 0 96 91 0 0 5
825 108 3 876852720 0 0 4079 0 0 0 96 91 0 0 6
826 101 3 876852720 0 0 4079 0 0 0 96 91 0 0 7
827 46 4 3291829868 0 0 1044464 0 0 0 96 91 0 0 0
828 111 4 3291829868 0 0 1044464 0 0 0 96 91 0 0 1
829 114 4 3291829868 0 0 1044464 0 0 0 96 91 0 0 2
830 103 4 3291829868 0 0 1044464 0 0 0 96 91 0 0 3
831 32 5 2886803495 0 0 16711439 0 0 0 96 91 0 0 0
832 108 5 2886803495 0 0 16711439 0 0 0 96 91 0 0 1
833 105 5 2886803495 0 0 16711439 0 0 0 96 91 0 0 2
834 110 5 2886803495 0 0 16711439 0 0 0 96 91 0 0 3
835 107 5 2886803495 0 0 16711439 0 0 0 96 91 0 0 4
836 93 6 780174507 0 0 267383039 0 0 0 96 42 0 0 0
837 32 6 780174507 0 0 267383039 0 0 1 64 42 0 0 0
838 116 6 780174507 0 0 267383039 0 0 1 64 42 0 0 1
839 101 6 780174507 0 0 267383039 0 0 1 64 42 0 0 2
840 120 6 780174507 0 0 267383039 0 0 1 64 42 0 0 3
841 116 6 780174507 0 0 267383039 0 0 1 64 42 0 0 4
842 10 0 0 0 0 0 0 0 0 0 42 0 0 0
843 84 0 0 0 0 0 0 0 0 84 42 0 0 0
844 104 0 0 0 0 0 0 0 0 84 42 0 0 1
845 101 0 0 0 0 0 0 0 0 84 42 0 0 2
846 32 1 1118424933 2048 0 4 0 0 0 84 42 0 0 0
847 123 1 1118424933 2048 0 4 0 0 0 84 42 0 0 0
848 123 1 1118424933 2048 0 4 0 0 0 84 42 0 0 0
849 99 1 1118424933 2048 0 4 0 0 0 84 42 0 0 1
850 105 1 1118424933 2048 0 4 0 0 0 84 42 0 0 2
851 116 1 1118424933 2048 0 4 0 0 0 84 42 0 0 3
852 101 1 1118424933 2048 0 4 0 0 0 84 42 0 0 4
853 124 2 318360037 0 0 79 0 0 0 84 42 0 0 0
854 121 2 318360037 0 0 79 0 0 0 84 42 0 0 1
855 101 2 318360037 0 0 79 0 0 0 84 42 0 0 2
856 97 2 318360037 0 0 79 0 0 0 84 42 0 0 3
857 114 2 318360037 0 0 79 0 0 0 84 42 0 0 4
858 61 3 1641105746 0 0 1279 0 0 0 84 42 0 0 0
859 49 3 1641105746 0 0 1279 0 0 0 84 42 0 0 0
860 56 3 1641105746 0 0 1279 0 0 0 84 42 0 0 0
861 48 3 1641105746 0 0 1279 0 0 0 84 42 0 0 0
862 49 3 1641105746 0 0 1279 0 0 0 84 42 0 0 0
863 125 4 1368491697 131072 0 1279 0 0 0 84 42 0 0 0
864 125 4 1368491697 131072 0 1279 0 0 0 84 42 0 0 0
865 32 4 1368491697 131072 0 1279 0 0 0 84 42 0 0 0
866 115 4 1368491697 131072 0 1279 0 0 0 84 42 0 0 1
867 97 4 1368491697 131072 0 1279 0 0 0 84 42 0 0 2
868 105 4 1368491697 131072 0 1279 0 0 0 84 42 0 0 3
869 100 4 1368491697 131072 0 1279 0 0 0 84 42 0 0 4
870 58 5 2481602628 0 0 20479 0 0 0 84 42 0 0 0
871 32 5 2481602628 0 0 20479 0 0 0 84 42 0 0 0
872 34 5 2481602628 0 0 20479 0 0 0 84 42 0 0 0
873 104 5 2481602628 0 0 20479 0 0 0 84 42 0 0 1
874 101 5 2481602628 0 0 20479 0 0 0 84 42 0 0 2
875 108 5 2481602628 0 0 20479 0 0 0 84 42 0 0 3
876 108 5 2481602628 0 0 20479 0 0 0 84 42 0 0 4
877 111 5 2481602628 0 0 20479 0 0 0 84 42 0 0 5
878 44 6 933891823 0 0 327679 0 0 0 84 42 0 0 0
879 32 6 933891823 0 0 327679 0 0 0 84 42 0 0 0
880 119 6 933891823 0 0 327679 0 0 0 84 42 0 0 1
881 111 6 933891823 0 0 327679 0 0 0 84 42 0 0 2
882 114 6 933891823 0 0 327679 0 0 0 84 42 0 0 3
883 108 6 933891823 0 0 327679 0 0 0 84 42 0 0 4
884 100 6 933891823 0 0 327679 0 0 0 84 42 0 0 5
885 33 7 1101113060 0 0 5242879 0 0 0 84 42 0 0 0
886 34 7 1101113060 0 0 5242879 0 0 0 84 42 0 0 0
887 10 0 0 0 0 0 0 0 0 0 42 0 0 0
888 60 0 0 0 0 0 0 0 0 60 42 0 0 0
889 114 0 0 0 0 0 0 0 0 60 42 0 0 1
890 101 0 0 0 0 0 0 0 0 60 42 0 0 2
891 102 0 0 0 0 0 0 0 0 60 42 0 0 3
892 62 1 3099181254 0 0 15 0 0 0 60 42 0 0 0
893 110 1 3099181254 0 0 15 0 0 0 60 42 0 0 1
894 111 1 3099181254 0 0 15 0 0 0 60 42 0 0 2
895 116 1 3099181254 0 0 15 0 0 0 60 42 0 0 3
896 101 1 3099181254 0 0 15 0 0 0 60 42 0 0 4
897 32 2 3693928933 0 0 255 0 0 0 60 42 0 0 0
898 49 2 3693928933 0 0 255 0 0 0 60 42 0 0 0
899 50 2 3693928933 0 0 255 0 0 0 60 42 0 0 0
900 44 3 103146 131072 0 255 0 0 0 60 42 0 0 0
901 51 3 103146 131072 0 255 0 0 0 60 42 0 0 0
902 52 3 103146 131072 0 255 0 0 0 60 42 0 0 0
903 53 3 103146 131072 0 255 0 0 0 60 42 0 0 0
904 46 0 0 0 0 4080 0 0 0 60 42 0 0 0
905 54 0 0 0 0 4080 0 0 0 60 42 0 0 0
906 55 0 0 0 0 4080 0 0 0 60 42 0 0 0
907 32 1 113671 131072 0 4080 0 0 0 60 42 0 0 0
908 104 1 113671 131072 0 4080 0 0 0 60 42 0 0 1
909 101 1 113671 131072 0 4080 0 0 0 60 42 0 0 2
910 114 1 113671 131072 0 4080 0 0 0 60 42 0 0 3
911 101 1 113671 131072 0 4080 0 0 0 60 42 0 0 4
912 60 2 4109367333 0 0 65295 0 0 0 60 42 0 0 0
913 47 2 4109367333 0 0 65295 0 0 0 60 42 0 0 0
914 114 2 4109367333 0 0 65295 0 0 0 60 42 0 0 1
915 101 2 4109367333 0 0 65295 0 0 0 60 42 0 0 2
916 102 2 4109367333 0 0 65295 0 0 0 60 42 0 0 3
917 62 3 3099181254 0 0 1044735 0 0 0 60 42 0 0 0
918 10 0 0 0 0 0 0 0 0 0 42 0 0 0
919 65 0 0 0 0 0 0 0 0 65 42 0 0 0
920 32 0 0 0 0 0 0 0 0 65 42 0 0 0
921 108 0 0 0 0 0 0 0 0 65 42 0 0 1
922 105 0 0 0 0 0 0 0 0 65 42 0 0 2
923 110 0 0 0 0 0 0 0 0 65 42 0 0 3
924 101 0 0 0 0 0 0 0 0 65 42 0 0 4
925 32 1 780174501 0 0 15 0 0 0 65 42 0 0 0
926 119 1 780174501 0 0 15 0 0 0 65 42 0 0 1
927 105 1 780174501 0 0 15 0 0 0 65 42 0 0 2
928 116 1 780174501 0 0 15 0 0 0 65 42 0 0 3
929 104 1 780174501 0 0 15 0 0 0 65 42 0 0 4
930 32 2 3730819560 65536 0 248 0 0 0 65 42 0 0 0
931 110 2 3730819560 65536 0 248 0 0 0 65 42 0 0 1
932 117 2 3730819560 65536 0 248 0 0 0 65 42 0 0 2
933 109 2 3730819560 65536 0 248 0 0 0 65 42 0 0 3
934 98 2 3730819560 65536 0 248 0 0 0 65 42 0 0 4
935 101 2 3730819560 65536 0 248 0 0 0 65 42 0 0 5
936 114 2 3730819560 65536 0 248 0 0 0 65 42 0 0 6
937 115 2 3730819560 65536 0 248 0 0 0 65 42 0 0 7
938 32 3 3416096978 8 0 3978 0 0 0 65 42 0 0 0
939 52 3 3416096978 8 0 3978 0 0 0 65 42 0 0 0
940 50 3 3416096978 8 0 3978 0 0 0 65 42 0 0 0
941 32 4 109458 131072 0 3978 0 0 0 65 42 0 0 0
942 97 4 109458 131072 0 3978 0 0 0 65 42 0 0 1
943 110 4 109458 131072 0 3978 0 0 0 65 42 0 0 2
944 100 4 109458 131072 0 3978 0 0 0 65 42 0 0 3
945 32 5 1895163044 32768 0 63655 0 0 0 65 42 0 0 0
946 51 5 1895163044 32768 0 63655 0 0 0 65 42 0 0 0
947 46 0 0 0 0 1018480 0 0 0 65 42 0 0 0
948 49 0 0 0 0 1018480 0 0 0 65 42 0 0 0
949 52 0 0 0 0 1018480 0 0 0 65 42 0 0 0
950 32 1 103148 131072 0 1018480 0 0 0 65 42 0 0 0
951 97 1 103148 131072 0 1018480 0 0 0 65 42 0 0 1
952 110 1 103148 131072 0 1018480 0 0 0 65 42 0 0 2
953 100 1 103148 131072 0 1018480 0 0 0 65 42 0 0 3
954 32 2 1895163044 32768 0 16295687 0 0 0 65 42 0 0 0
955 49 2 1895163044 32768 0 16295687 0 0 0 65 42 0 0 0
956 44 3 49 131072 0 16295687 0 0 0 65 42 0 0 0
957 48 3 49 131072 0 16295687 0 0 0 65 42 0 0 0
958 48 3 49 131072 0 16295687 0 0 0 65 42 0 0 0
959 48 3 49 131072 0 16295687 0 0 0 65 42 0 0 0
960 46 0 0 0 0 260730992 0 0 0 65 42 0 0 0
961 10 0 0 0 0 0 0 0 0 0 42 0 0 0
962 38 0 0 0 0 0 0 0 0 38 42 0 0 0
963 110 0 0 0 0 0 0 0 0 38 42 0 0 1
964 98 0 0 0 0 0 0 0 0 38 42 0 0 2
965 115 0 0 0 0 0 0 0 0 38 42 0 0 3
966 112 0 0 0 0 0 0 0 0 38 42 0 0 4
967 59 1 2773142800 0 0 15 0 0 0 38 42 0 0 0
968 32 1 2773142800 0 0 15 0 0 0 38 42 0 0 0
969 115 1 2773142800 0 0 15 0 0 0 38 42 0 0 1
970 111 1 2773142800 0 0 15 0 0 0 38 42 0 0 2
971 109 1 2773142800 0 0 15 0 0 0 38 42 0 0 3
972 101 1 2773142800 0 0 15 0 0 0 38 42 0 0 4
973 32 2 3473243077 0 0 255 0 0 0 38 42 0 0 0
974 38 2 3473243077 0 0 255 0 0 0 38 42 0 0 0
975 97 2 3473243077 0 0 255 0 0 0 38 42 0 0 1
976 109 2 3473243077 0 0 255 0 0 0 38 42 0 0 2
977 112 2 3473243077 0 0 255 0 0 0 38 42 0 0 3
978 59 3 1895154640 0 0 4095 0 0 0 38 42 0 0 0
979 32 3 1895154640 0 0 4095 0 0 0 38 42 0 0 0
980 101 3 1895154640 0 0 4095 0 0 0 38 42 0 0 1
981 110 3 1895154640 0 0 4095 0 0 0 38 42 0 0 2
982 116 3 1895154640 0 0 4095 0 0 0 38 42 0 0 3
983 105 3 1895154640 0 0 4095 0 0 0 38 42 0 0 4
984 116 3 1895154640 0 0 4095 0 0 0 38 42 0 0 5
985 105 3 1895154640 0 0 4095 0 0 0 38 42 0 0 6
986 101 3 1895154640 0 0 4095 0 0 0 38 42 0 0 7
987 115 3 1895154640 0 0 4095 0 0 0 38 42 0 0 8
988 32 4 1475168745 8 0 65530 0 0 0 38 42 0 0 0
989 38 4 1475168745 8 0 65530 0 0 0 38 42 0 0 0
990 108 4 1475168745 8 0 65530 0 0 0 38 42 0 0 1
991 116 4 1475168745 8 0 65530 0 0 0 38 42 0 0 2
992 59 5 1118458612 0 0 1048495 0 0 0 38 42 0 0 0
993 116 5 1118458612 0 0 1048495 0 0 0 38 42 0 0 1
994 97 5 1118458612 0 0 1048495 0 0 0 38 42 0 0 2
995 103 5 1118458612 0 0 1048495 0 0 0 38 42 0 0 3
996 38 6 3240805703 0 0 16775935 0 0 0 38 42 0 0 0
997 103 6 3240805703 0 0 16775935 0 0 0 38 42 0 0 1
998 116 6 3240805703 0 0 16775935 0 0 0 38 42 0 0 2
999 59 7 1118416532 0 0 268414975 0 0 0 38 42 0 0 0
1000 10 0 0 0 0 0 0 0 0 0 42 0 0 0
1001 100 0 0 0 0 0 0 0 0 96 96 0 0 1
1002 111 0 0 0 0 0 0 0 0 96 96 0 0 2
1003 110 0 0 0 0 0 0 0 0 96 96 0 0 3
1004 39 0 0 0 0 0 0 0 0 96 96 0 0 4
1005 116 0 0 0 0 0 0 0 0 96 96 0 0 5
1006 32 1 1118391279 1024 0 13 0 0 0 96 96 0 0 0
1007 99 1 1118391279 1024 0 13 0 0 0 96 96 0 0 1
1008 97 1 1118391279 1024 0 13 0 0 0 96 96 0 0 2
1009 110 1 1118391279 1024 0 13 0 0 0 96 96 0 0 3
1010 39 1 1118391279 1024 0 13 0 0 0 96 96 0 0 4
1011 116 1 1118391279 1024 0 13 0 0 0 96 96 0 0 5
1012 32 2 2036711758 1024 0 221 0 0 0 96 96 0 0 0
1013 105 2 2036711758 1024 0 221 0 0 0 96 96 0 0 1
1014 116 2 2036711758 1024 0 221 0 0 0 96 96 0 0 2
1015 39 2 2036711758 1024 0 221 0 0 0 96 96 0 0 3
1016 115 2 2036711758 1024 0 221 0 0 0 96 96 0 0 4
1017 32 3 1118433364 1048584 0 3546 0 0 0 96 96 0 0 0
1018 116 3 1118433364 1048584 0 3546 0 0 0 96 96 0 0 1
1019 104 3 1118433364 1048584 0 3546 0 0 0 96 96 0 0 2
1020 101 3 1118433364 1048584 0 3546 0 0 0 96 96 0 0 3
1021 32 4 3240864613 16384 0 56742 0 0 0 96 96 0 0 0
1022 99 4 3240864613 16384 0 56742 0 0 0 96 96 0 0 1
1023 97 4 3240864613 16384 0 56742 0 0 0 96 96 0 0 2
1024 116 4 3240864613 16384 0 56742 0 0 0 96 96 0 0 3
1025 32 4 2036711764 2 0 907874 0 0 0 96 96 0 0 0
1026 115 4 2036711764 2 0 907874 0 0 0 96 96 0 0 1
1027 97 4 2036711764 2 0 907874 0 0 0 96 96 0 0 2
1028 116 4 2036711764 2 0 907874 0 0 0 96 96 0 0 3
1029 32 5 3169976660 0 0 14525999 0 0 0 96 96 0 0 0
1030 111 5 3169976660 0 0 14525999 0 0 0 96 96 0 0 1
1031 110 5 3169976660 0 0 14525999 0 0 0 96 96 0 0 2
1032 32 6 1118483854 65536 0 232415992 0 0 0 96 96 0 0 0
1033 116 6 1118483854 65536 0 232415992 0 0 0 96 96 0 0 1
1034 104 6 1118483854 65536 0 232415992 0 0 0 96 96 0 0 2
1035 101 6 1118483854 65536 0 232415992 0 0 0 96 96 0 0 3
1036 32 7 3240864613 16384 0 3718655878 0 0 0 96 96 0 0 0
1037 109 7 3240864613 16384 0 3718655878 0 0 0 96 96 0 0 1
1038 97 7 3240864613 16384 0 3718655878 0 0 0 96 96 0 0 2
1039 116 7 3240864613 16384 0 3718655878 0 0 0 96 96 0 0 3
1040 46 0 0 0 0 2788132384 0 0 0 96 96 0 0 0
1041 10 0 0 0 0 0 0 0 0 0 96 0 0 0
1042 215 0 0 0 0 0 0 0 0 96 96 0 0 0
1043 168 0 0 0 0 0 0 0 0 96 96 0 0 0
1044 44 0 0 0 0 0 0 0 0 96 96 0 0 0
1045 131 0 0 0 0 0 0 0 0 96 96 0 0 0
1046 140 0 0 0 0 0 0 0 0 96 96 0 0 0
1047 32 0 0 0 0 0 0 0 0 96 96 0 0 0
1048 241 0 0 0 0 0 0 0 0 96 96 0 0 0
1049 148 0 0 0 0 0 0 0 0 96 96 0 0 0
1050 227 0 0 0 0 0 0 0 0 96 96 0 0 0
1051 10 0 0 0 0 0 0 0 0 0 96 0 0 0
1052 222 0 0 0 0 0 0 0 0 96 96 0 0 0
1053 10 0 0 0 0 0 0 0 0 0 96 0 0 0
1054 159 0 0 0 0 0 0 0 0 96 96 0 0 0
1055 251 0 0 0 0 0 0 0 0 96 96 0 0 0
1056 143 0 0 0 0 0 0 0 0 96 96 0 0 0
1057 32 0 0 0 0 0 0 0 0 96 96 0 0 0
1058 253 0 0 0 0 0 0 0 0 96 96 0 0 0
1059 211 0 0 0 0 0 0 0 0 96 96 0 0 0
1060 235 0 0 0 0 0 0 0 0 96 96 0 0 0
1061 10 0 0 0 0 0 0 0 0 0 96 0 0 0
1062 158 0 0 0 0 0 0 0 0 96 96 0 0 0
1063 166 0 0 0 0 0 0 0 0 96 96 0 0 0
1064 32 0 0 0 0 0 0 0 0 96 96 0 0 0
1065 170 0 0 0 0 0 0 0 0 96 96 0 0 0
1066 213 0 0 0 0 0 0 0 0 96 96 0 0 0
1067 10 0 0 0 0 0 0 0 0 0 96 0 0 0
1068 119 0 0 0 0 0 0 0 0 96 96 0 0 1
1069 111 0 0 0 0 0 0 0 0 96 96 0 0 2
1070 114 0 0 0 0 0 0 0 0 96 96 0 0 3
1071 100 0 0 0 0 0 0 0 0 96 96 0 0 4
1072 50 1 4155777060 0 0 15 0 0 0 96 96 0 0 0
1073 32 2 50 131072 0 15 0 0 0 96 96 0 0 0
1074 97 2 50 131072 0 15 0 0 0 96 96 0 0 1
1075 110 2 50 131072 0 15 0 0 0 96 96 0 0 2
1076 111 2 50 131072 0 15 0 0 0 96 96 0 0 3
1077 116 2 50 131072 0 15 0 0 0 96 96 0 0 4
1078 104 2 50 131072 0 15 0 0 0 96 96 0 0 5
1079 101 2 50 131072 0 15 0 0 0 96 96 0 0 6
1080 114 2 50 131072 0 15 0 0 0 96 96 0 0 7
1081 32 3 91021800 0 0 255 0 0 0 96 96 0 0 0
1082 91 3 91021800 0 0 255 0 0 0 96 91 0 0 0
1083 91 3 91021800 0 0 255 0 0 0 96 91 0 0 0
1084 65 3 91021800 0 0 255 0 0 0 96 91 0 0 0
1085 110 3 91021800 0 0 255 0 0 0 96 91 0 0 1
1086 110 3 91021800 0 0 255 0 0 0 96 91 0 0 2
1087 97 3 91021800 0 0 255 0 0 0 96 91 0 0 3
1088 93 4 2815940769 0 0 4095 0 0 0 96 91 0 0 0
1089 93 4 2815940769 0 0 4095 0 0 0 96 96 0 0 0
1090 32 4 2815940769 0 0 4095 0 0 0 96 96 0 0 0
1091 119 4 2815940769 0 0 4095 0 0 0 96 96 0 0 1
1092 97 4 2815940769 0 0 4095 0 0 0 96 96 0 0 2
1093 115 4 2815940769 0 0 4095 0 0 0 96 96 0 0 3
1094 32 5 3453292883 1 0 65521 3453292883 0 0 96 96 0 0 0
1095 97 5 3453292883 1 0 65521 3453292883 0 0 96 96 0 0 1
1096 32 6 1950627777 16384 0 1048342 3453292883 0 0 96 96 0 0 0
1097 39 6 1950627777 16384 0 1048342 3453292883 0 0 96 96 0 0 1
1098 39 7 1950627719 0 0 16773487 3453292883 0 0 96 96 0 0 0
1099 39 7 1950627719 0 0 16773487 3453292883 0 0 96 96 0 0 0
1100 113 7 1950627719 0 0 16773487 3453292883 0 0 96 96 0 0 1
1101 117 7 1950627719 0 0 16773487 3453292883 0 0 96 96 0 0 2
1102 101 7 1950627719 0 0 16773487 3453292883 0 0 96 96 0 0 3
1103 101 7 1950627719 0 0 16773487 3453292883 0 0 96 96 0 0 4
1104 110 7 1950627719 0 0 16773487 3453292883 0 0 96 96 0 0 5
1105 39 7 1950627719 0 0 16773487 3453292883 0 0 96 96 0 0 6
1106 39 8 3278097614 8 0 268375802 3453292883 0 0 96 96 0 0 0
1107 39 8 3278097614 8 0 268375802 3453292883 0 0 96 96 0 0 0
1108 32 8 3278097614 8 0 268375802 3453292883 0 0 96 96 0 0 0
1109 111 8 3278097614 8 0 268375802 3453292883 0 0 96 96 0 0 1
1110 102 8 3278097614 8 0 268375802 3453292883 0 0 96 96 0 0 2
1111 32 9 1118483846 65536 0 4294012840 3453292883 0 0 96 96 0 0 0
1112 91 9 1118483846 65536 0 4294012840 3453292883 0 0 96 91 0 0 0
1113 91 9 1118483846 65536 0 4294012840 3453292883 0 0 96 91 0 0 0
1114 70 9 1118483846 65536 0 4294012840 3453292883 0 0 96 91 0 0 0
1115 114 9 1118483846 65536 0 4294012840 3453292883 0 0 96 91 0 0 1
1116 97 9 1118483846 65536 0 4294012840 3453292883 0 0 96 91 0 0 2
1117 110 9 1118483846 65536 0 4294012840 3453292883 0 0 96 91 0 0 3
1118 99 9 1118483846 65536 0 4294012840 3453292883 0 0 96 91 0 0 4
1119 101 9 1118483846 65536 0 4294012840 3453292883 0 0 96 91 0 0 5
1120 93 10 3384763555 0 0 4279696015 3453292883 0 0 96 91 0 0 0
1121 93 10 3384763555 0 0 4279696015 3453292883 0 0 96 96 0 0 0
1122 32 10 3384763555 0 0 4279696015 3453292883 0 0 96 96 0 0 0
1123 105 10 3384763555 0 0 4279696015 3453292883 0 0 96 96 0 0 1
1124 110 10 3384763555 0 0 4279696015 3453292883 0 0 96 96 0 0 2
1125 32 11 1118433358 65536 0 4050626808 3453292883 0 0 96 96 0 0 0
1126 49 11 1118433358 65536 0 4050626808 3453292883 0 0 96 96 0 0 0
1127 55 11 1118433358 65536 0 4050626808 3453292883 0 0 96 96 0 0 0
1128 56 11 1118433358 65536 0 4050626808 3453292883 0 0 96 96 0 0 0
1129 57 11 1118433358 65536 0 4050626808 3453292883 0 0 96 96 0 0 0
1130 46 0 0 0 0 385519488 3453292883 0 0 96 96 0 0 0
1131 10 0 0 0 0 0 0 0 0 0 96 0 0 0
1132 61 0 0 0 0 0 0 0 0 61 96 0 0 0
1133 61 0 0 0 0 0 0 0 0 61 96 0 0 0
1134 32 0 0 0 0 0 0 0 0 61 96 0 0 0
1135 72 0 0 0 0 0 0 0 0 61 96 0 0 0
1136 105 0 0 0 0 0 0 0 0 61 96 0 0 1
1137 115 0 0 0 0 0 0 0 0 61 96 0 0 2
1138 116 0 0 0 0 0 0 0 0 61 96 0 0 3
1139 111 0 0 0 0 0 0 0 0 61 96 0 0 4
1140 114 0 0 0 0 0 0 0 0 61 96 0 0 5
1141 121 0 0 0 0 0 0 0 0 61 96 0 0 6
1142 32 1 1469161513 0 0 15 0 0 0 61 96 0 0 0
1143 61 1 1469161513 0 0 15 0 0 0 61 96 0 0 0
1144 61 1 1469161513 0 0 15 0 0 0 61 96 0 0 0
1145 10 0 0 0 0 0 0 0 0 0 96 0 0 0
1146 42 0 0 0 0 0 0 0 0 42 42 0 0 0
1147 32 0 0 0 0 0 0 0 0 42 42 0 0 0
1148 105 0 0 0 0 0 0 0 0 96 42 0 0 1
1149 116 0 0 0 0 0 0 0 0 96 42 0 0 2
1150 101 0 0 0 0 0 0 0 0 96 42 0 0 3
1151 109 0 0 0 0 0 0 0 0 96 42 0 0 4
1152 32 1 4268574925 0 0 15 0 0 0 96 42 0 0 0
1153 111 1 4268574925 0 0 15 0 0 0 96 42 0 0 1
1154 110 1 4268574925 0 0 15 0 0 0 96 42 0 0 2
1155 101 1 4268574925 0 0 15 0 0 0 96 42 0 0 3
1156 32 2 2886769829 131072 0 254 0 0 0 96 42 0 0 0
1157 40 2 2886769829 131072 0 254 0 0 0 96 42 0 0 0
1158 102 2 2886769829 131072 0 254 0 0 0 96 42 0 0 1
1159 105 2 2886769829 131072 0 254 0 0 0 96 42 0 0 2
1160 114 2 2886769829 131072 0 254 0 0 0 96 42 0 0 3
1161 115 2 2886769829 131072 0 254 0 0 0 96 42 0 0 4
1162 116 2 2886769829 131072 0 254 0 0 0 96 42 0 0 5
1163 41 2 2886769829 131072 0 65264 0 0 0 96 42 0 0 0
1164 10 0 0 0 0 0 0 0 0 0 42 0 0 0
1165 42 0 0 0 0 0 0 0 0 42 42 0 0 0
1166 32 0 0 0 0 0 0 0 0 42 42 0 0 0
1167 105 0 0 0 0 0 0 0 0 96 42 0 0 1
1168 116 0 0 0 0 0 0 0 0 96 42 0 0 2
1169 101 0 0 0 0 0 0 0 0 96 42 0 0 3
1170 109 0 0 0 0 0 0 0 0 96 42 0 0 4
1171 32 1 4268574925 0 0 15 0 0 0 96 42 0 0 0
1172 116 1 4268574925 0 0 15 0 0 0 96 42 0 0 1
1173 119 1 4268574925 0 0 15 0 0 0 96 42 0 0 2
1174 111 1 4268574925 0 0 15 0 0 0 96 42 0 0 3
1175 32 2 3240990863 131072 0 254 0 0 0 96 42 0 0 0
1176 91 2 3240990863 131072 0 254 0 0 0 96 91 0 0 0
1177 104 2 3240990863 131072 0 254 0 0 0 96 91 0 0 1
1178 116 2 3240990863 131072 0 254 0 0 0 96 91 0 0 2
1179 116 2 3240990863 131072 0 254 0 0 0 96 91 0 0 3
1180 112 2 3240990863 131072 0 254 0 0 0 96 91 0 0 4
1181 58 3 876852720 0 0 4079 0 0 0 96 91 0 0 0
1182 47 3 876852720 0 0 4079 0 0 0 96 91 0 0 0
1183 47 3 876852720 0 0 4079 0 0 0 96 91 0 0 0
1184 101 3 876852720 0 0 4079 0 0 0 96 91 0 0 1
1185 120 3 876852720 0 0 4079 0 0 0 96 91 0 0 2
1186 97 3 876852720 0 0 4079 0 0 0 96 91 0 0 3
1187 109 3 876852720 0 0 4079 0 0 0 96 91 0 0 4
1188 112 3 876852720 0 0 4079 0 0 0 96 91 0 0 5
1189 108 3 876852720 0 0 4079 0 0 0 96 91 0 0 6
1190 101 3 876852720 0 0 4079 0 0 0 96 91 0 0 7
1191 46 4 3291829868 0 0 1044464 0 0 0 96 91 0 0 0
1192 111 4 3291829868 0 0 1044464 0 0 0 96 91 0 0 1
1193 114 4 3291829868 0 0 1044464 0 0 0 96 91 0 0 2
1194 103 4 3291829868 0 0 1044464 0 0 0 96 91 0 0 3
1195 32 5 2886803495 0 0 16711439 0 0 0 96 91 0 0 0
1196 108 5 2886803495 0 0 16711439 0 0 0 96 91 0 0 1
1197 105 5 2886803495 0 0 16711439 0 0 0 96 91 0 0 2
1198 110 5 2886803495 0 0 16711439 0 0 0 96 91 0 0 3
1199 107 5 2886803495 0 0 16711439 0 0 0 96 91 0 0 4
1200 93 6 780174507 0 0 267383039 0 0 0 96 42 0 0 0
1201 32 6 780174507 0 0 267383039 0 0 1 64 42 0 0 0
1202 116 6 780174507 0 0 267383039 0 0 1 64 42 0 0 1
1203 101 6 780174507 0 0 267383039 0 0 1 64 42 0 0 2
1204 120 6 780174507 0 0 267383039 0 0 1 64 42 0 0 3
1205 116 6 780174507 0 0 267383039 0 0 1 64 42 0 0 4
1206 10 0 0 0 0 0 0 0 0 0 42 0 0 0
1207 84 0 0 0 0 0 0 0 0 84 42 0 0 0
1208 104 0 0 0 0 0 0 0 0 84 42 0 0 1
1209 101 0 0 0 0 0 0 0 0 84 42 0 0 2
1210 32 1 1118424933 2048 0 4 0 0 0 84 42 0 0 0
1211 123 1 1118424933 2048 0 4 0 0 0 84 42 0 0 0
1212 123 1 1118424933 2048 0 4 0 0 0 84 42 0 0 0
1213 99 1 1118424933 2048 0 4 0 0 0 84 42 0 0 1
1214 105 1 1118424933 2048 0 4 0 0 0 84 42 0 0 2
1215 116 1 1118424933 2048 0 4 0 0 0 84 42 0 0 3
1216 101 1 1118424933 2048 0 4 0 0 0 84 42 0 0 4
1217 124 2 318360037 0 0 79 0 0 0 84 42 0 0 0
1218 121 2 318360037 0 0 79 0 0 0 84 42 0 0 1
1219 101 2 318360037 0 0 79 0 0 0 84 42 0 0 2
1220 97 2 318360037 0 0 79 0 0 0 84 42 0 0 3
1221 114 2 318360037 0 0 79 0 0 0 84 42 0 0 4
1222 61 3 1641105746 0 0 1279 0 0 0 84 42 0 0 0
1223 49 3 1641105746 0 0 1279 0 0 0 84 42 0 0 0
1224 56 3 1641105746 0 0 1279 0 0 0 84 42 0 0 0
1225 48 3 1641105746 0 0 1279 0 0 0 84 42 0 0 0
1226 49 3 1641105746 0 0 1279 0 0 0 84 42 0 0 0
1227 125 4 1368491697 131072 0 1279 0 0 0 84 42 0 0 0
1228 125 4 1368491697 131072 0 1279 0 0 0 84 42 0 0 0
1229 32 4 1368491697 131072 0 1279 0 0 0 84 42 0 0 0
1230 115 4 1368491697 131072 0 1279 0 0 0 84 42 0 0 1
1231 97 4 1368491697 131072 0 1279 0 0 0 84 42 0 0 2
1232 105 4 1368491697 131072 0 1279 0 0 0 84 42 0 0 3
1233 100 4 1368491697 131072 0 1279 0 0 0 84 42 0 0 4
1234 58 5 2481602628 0 0 20479 0 0 0 84 42 0 0 0
1235 32 5 2481602628 0 0 20479 0 0 0 84 42 0 0 0
1236 34 5 2481602628 0 0 20479 0 0 0 84 42 0 0 0
1237 104 5 2481602628 0 0 20479 0 0 0 84 42 0 0 1
1238 101 5 2481602628 0 0 20479 0 0 0 84 42 0 0 2
1239 108 5 2481602628 0 0 20479 0 0 0 84 42 0 0 3
1240 108 5 2481602628 0 0 20479 0 0 0 84 42 0 0 4
1241 111 5 2481602628 0 0 20479 0 0 0 84 42 0 0 5
1242 44 6 933891823 0 0 327679 0 0 0 84 42 0 0 0
1243 32 6 933891823 0 0 327679 0 0 0 84 42 0 0 0
1244 119 6 933891823 0 0 327679 0 0 0 84 42 0 0 1
1245 111 6 933891823 0 0 327679 0 0 0 84 42 0 0 2
1246 114 6 933891823 0 0 327679 0 0 0 84 42 0 0 3
1247 108 6 933891823 0 0 327679 0 0 0 84 42 0 0 4
1248 100 6 933891823 0 0 327679 0 0 0 84 42 0 0 5
1249 33 7 1101113060 0 0 5242879 0 0 0 84 42 0 0 0
1250 34 7 1101113060 0 0 5242879 0 0 0 84 42 0 0 0
1251 10 0 0 0 0 0 0 0 0 0 42 0 0 0
1252 60 0 0 0 0 0 0 0 0 60 42 0 0 0
1253 114 0 0 0 0 0 0 0 0 60 42 0 0 1
1254 101 0 0 0 0 0 0 0 0 60 42 0 0 2
1255 102 0 0 0 0 0 0 0 0 60 42 0 0 3
1256 62 1 3099181254 0 0 15 0 0 0 60 42 0 0 0
1257 110 1 3099181254 0 0 15 0 0 0 60 42 0 0 1
1258 111 1 3099181254 0 0 15 0 0 0 60 42 0 0 2
1259 116 1 3099181254 0 0 15 0 0 0 60 42 0 0 3
1260 101 1 3099181254 0 0 15 0 0 0 60 42 0 0 4
1261 32 2 3693928933 0 0 255 0 0 0 60 42 0 0 0
1262 49 2 3693928933 0 0 255 0 0 0 60 42 0 0 0
1263 50 2 3693928933 0 0 255 0 0 0 60 42 0 0 0
1264 44 3 103146 131072 0 255 0 0 0 60 42 0 0 0
1265 51 3 103146 131072 0 255 0 0 0 60 42 0 0 0
1266 52 3 103146 131072 0 255 0 0 0 60 42 0 0 0
1267 53 3 103146 131072 0 255 0 0 0 60 42 0 0 0
1268 46 0 0 0 0 4080 0 0 0 60 42 0 0 0
1269 54 0 0 0 0 4080 0 0 0 60 42 0 0 0
1270 55 0 0 0 0 4080 0 0 0 60 42 0 0 0
1271 32 1 113671 131072 0 4080 0 0 0 60 42 0 0 0
1272 104 1 113671 131072 0 4080 0 0 0 60 42 0 0 1
1273 101 1 113671 131072 0 4080 0 0 0 60 42 0 0 2
1274 114 1 113671 131072 0 4080 0 0 0 60 42 0 0 3
1275 101 1 113671 131072 0 4080 0 0 0 60 42 0 0 4
1276 60 2 4109367333 0 0 65295 0 0 0 60 42 0 0 0
1277 47 2 4109367333 0 0 65295 0 0 0 60 42 0 0 0
1278 114 2 4109367333 0 0 65295 0 0 0 60 42 0 0 1
1279 101 2 4109367333 0 0 65295 0 0 0 60 42 0 0 2
1280 102 2 4109367333 0 0 65295 0 0 0 60 42 0 0 3
1281 62 3 3099181254 0 0 1044735 0 0 0 60 42 0 0 0
1282 10 0 0 0 0 0 0 0 0 0 42 0 0 0
1283 65 0 0 0 0 0 0 0 0 65 42 0 0 0
1284 32 0 0 0 0 0 0 0 0 65 42 0 0 0
1285 108 0 0 0 0 0 0 0 0 65 42 0 0 1
1286 105 0 0 0 0 0 0 0 0 65 42 0 0 2
1287 110 0 0 0 0 0 0 0 0 65 42 0 0 3
1288 101 0 0 0 0 0 0 0 0 65 42 0 0 4
1289 32 1 780174501 0 0 15 0 0 0 65 42 0 0 0
1290 119 1 780174501 0 0 15 0 0 0 65 42 0 0 1
1291 105 1 780174501 0 0 15 0 0 0 65 42 0 0 2
1292 116 1 780174501 0 0 15 0 0 0 65 42 0 0 3
1293 104 1 780174501 0 0 15 0 0 0 65 42 0 0 4
1294 32 2 3730819560 65536 0 248 0 0 0 65 42 0 0 0
1295 110 2 3730819560 65536 0 248 0 0 0 65 42 0 0 1
1296 117 2 3730819560 65536 0 248 0 0 0 65 42 0 0 2
1297 109 2 3730819560 65536 0 248 0 0 0 65 42 0 0 3
1298 98 2 3730819560 65536 0 248 0 0 0 65 42 0 0 4
1299 101 2 3730819560 65536 0 248 0 0 0 65 42 0 0 5
1300 114 2 3730819560 65536 0 248 0 0 0 65 42 0 0 6
1301 115 2 3730819560 65536 0 248 0 0 0 65 42 0 0 7
1302 32 3 3416096978 8 0 3978 0 0 0 65 42 0 0 0
1303 52 3 3416096978 8 0 3978 0 0 0 65 42 0 0 0
1304 50 3 3416096978 8 0 3978 0 0 0 65 42 0 0 0
1305 32 4 109458 131072 0 3978 0 0 0 65 42 0 0 0
1306 97 4 109458 131072 0 3978 0 0 0 65 42 0 0 1
1307 110 4 109458 131072 0 3978 0 0 0 65 42 0 0 2
1308 100 4 109458 131072 0 3978 0 0 0 65 42 0 0 3
1309 32 5 1895163044 32768 0 63655 0 0 0 65 42 0 0 0
1310 51 5 1895163044 32768 0 63655 0 0 0 65 42 0 0 0
1311 46 0 0 0 0 1018480 0 0 0 65 42 0 0 0
1312 49 0 0 0 0 1018480 0 0 0 65 42 0 0 0
1313 52 0 0 0 0 1018480 0 0 0 65 42 0 0 0
1314 32 1 103148 131072 0 1018480 0 0 0 65 42 0 0 0
1315 97 1 103148 131072 0 1018480 0 0 0 65 42 0 0 1
1316 110 1 103148 131072 0 1018480 0 0 0 65 42 0 0 2
1317 100 1 103148 131072 0 1018480 0 0 0 65 42 0 0 3
1318 32 2 1895163044 32768 0 16295687 0 0 0 65 42 0 0 0
1319 49 2 1895163044 32768 0 16295687 0 0 0 65 42 0 0 0
1320 44 3 49 131072 0 16295687 0 0 0 65 42 0 0 0
1321 48 3 49 131072 0 16295687 0 0 0 65 42 0 0 0
1322 48 3 49 131072 0 16295687 0 0 0 65 42 0 0 0
1323 48 3 49 131072 0 16295687 0 0 0 65 42 0 0 0
1324 46 0 0 0 0 260730992 0 0 0 65 42 0 0 0
1325 10 0 0 0 0 0 0 0 0 0 42 0 0 0
1326 38 0 0 0 0 0 0 0 0 38 42 0 0 0
1327 110 0 0 0 0 0 0 0 0 38 42 0 0 1
1328 98 0 0 0 0 0 0 0 0 38 42 0 0 2
1329 115 0 0 0 0 0 0 0 0 38 42 0 0 3
1330 112 0 0 0 0 0 0 0 0 38 42 0 0 4
1331 59 1 2773142800 0 0 15 0 0 0 38 42 0 0 0
1332 32 1 2773142800 0 0 15 0 0 0 38 42 0 0 0
1333 115 1 2773142800 0 0 15 0 0 0 38 42 0 0 1
1334 111 1 2773142800 0 0 15 0 0 0 38 42 0 0 2
1335 109 1 2773142800 0 0 15 0 0 0 38 42 0 0 3
1336 101 1 2773142800 0 0 15 0 0 0 38 42 0 0 4
1337 32 2 3473243077 0 0 255 0 0 0 38 42 0 0 0
1338 38 2 3473243077 0 0 255 0 0 0 38 42 0 0 0
1339 97 2 3473243077 0 0 255 0 0 0 38 42 0 0 1
1340 109 2 3473243077 0 0 255 0 0 0 38 42 0 0 2
1341 112 2 3473243077 0 0 255 0 0 0 38 42 0 0 3
1342 59 3 1895154640 0 0 4095 0 0 0 38 42 0 0 0
1343 32 3 1895154640 0 0 4095 0 0 0 38 42 0 0 0
1344 101 3 1895154640 0 0 4095 0 0 0 38 42 0 0 1
1345 110 3 1895154640 0 0 4095 0 0 0 38 42 0 0 2
1346 116 3 1895154640 0 0 4095 0 0 0 38 42 0 0 3
1347 105 3 1895154640 0 0 4095 0 0 0 38 42 0 0 4
1348 116 3 1895154640 0 0 4095 0 0 0 38 42 0 0 5
1349 105 3 1895154640 0 0 4095 0 0 0 38 42 0 0 6
1350 101 3 1895154640 0 0 4095 0 0 0 38 42 0 0 7
1351 115 3 1895154640 0 0 4095 0 0 0 38 42 0 0 8
1352 32 4 1475168745 8 0 65530 0 0 0 38 42 0 0 0
1353 38 4 1475168745 8 0 65530 0 0 0 38 42 0 0 0
1354 108 4 1475168745 8 0 65530 0 0 0 38 42 0 0 1
1355 116 4 1475168745 8 0 65530 0 0 0 38 42 0 0 2
1356 59 5 1118458612 0 0 1048495 0 0 0 38 42 0 0 0
1357 116 5 1118458612 0 0 1048495 0 0 0 38 42 0 0 1
1358 97 5 1118458612 0 0 1048495 0 0 0 38 42 0 0 2
1359 103 5 1118458612 0 0 1048495 0 0 0 38 42 0 0 3
1360 38 6 3240805703 0 0 16775935 0 0 0 38 42 0 0 0
1361 103 6 3240805703 0 0 16775935 0 0 0 38 42 0 0 1
1362 116 6 3240805703 0 0 16775935 0 0 0 38 42 0 0 2
1363 59 7 1118416532 0 0 268414975 0 0 0 38 42 0 0 0
1364 10 0 0 0 0 0 0 0 0 0 42 0 0 0
1365 100 0 0 0 0 0 0 0 0 96 96 0 0 1
1366 111 0 0 0 0 0 0 0 0 96 96 0 0 2
1367 110 0 0 0 0 0 0 0 0 96 96 0 0 3
1368 39 0 0 0 0 0 0 0 0 96 96 0 0 4
1369 116 0 0 0 0 0 0 0 0 96 96 0 0 5
1370 32 1 1118391279 1024 0 13 0 0 0 96 96 0 0 0
1371 99 1 1118391279 1024 0 13 0 0 0 96 96 0 0 1
1372 97 1 1118391279 1024 0 13 0 0 0 96 96 0 0 2
1373 110 1 1118391279 1024 0 13 0 0 0 96 96 0 0 3
1374 39 1 1118391279 1024 0 13 0 0 0 96 96 0 0 4
1375 116 1 1118391279 1024 0 13 0 0 0 96 96 0 0 5
1376 32 2 2036711758 1024 0 221 0 0 0 96 96 0 0 0
1377 105 2 2036711758 1024 0 221 0 0 0 96 96 0 0 1
1378 116 2 2036711758 1024 0 221 0 0 0 96 96 0 0 2
1379 39 2 2036711758 1024 0 221 0 0 0 96 96 0 0 3
1380 115 2 2036711758 1024 0 221 0 0 0 96 96 0 0 4
1381 32 3 1118433364 1048584 0 3546 0 0 0 96 96 0 0 0
1382 116 3 1118433364 1048584 0 3546 0 0 0 96 96 0 0 1
1383 104 3 1118433364 1048584 0 3546 0 0 0 96 96 0 0 2
1384 101 3 1118433364 1048584 0 3546 0 0 0 96 96 0 0 3
1385 32 4 3240864613 16384 0 56742 0 0 0 96 96 0 0 0
1386 99 4 3240864613 16384 0 56742 0 0 0 96 96 0 0 1
1387 97 4 3240864613 16384 0 56742 0 0 0 96 96 0 0 2
1388 116 4 3240864613 16384 0 56742 0 0 0 96 96 0 0 3
1389 32 4 2036711764 2 0 907874 0 0 0 96 96 0 0 0
1390 115 4 2036711764 2 0 907874 0 0 0 96 96 0 0 1
1391 97 4 2036711764 2 0 907874 0 0 0 96 96 0 0 2
1392 116 4 2036711764 2 0 907874 0 0 0 96 96 0 0 3
1393 32 5 3169976660 0 0 14525999 0 0 0 96 96 0 0 0
1394 111 5 3169976660 0 0 14525999 0 0 0 96 96 0 0 1
1395 110 5 3169976660 0 0 14525999 0 0 0 96 96 0 0 2
1396 32 6 1118483854 65536 0 232415992 0 0 0 96 96 0 0 0
1397 116 6 1118483854 65536 0 232415992 0 0 0 96 96 0 0 1
1398 104 6 1118483854 65536 0 232415992 0 0 0 96 96 0 0 2
1399 101 6 1118483854 65536 0 232415992 0 0 0 96 96 0 0 3
1400 32 7 3240864613 16384 0 3718655878 0 0 0 96 96 0 0 0
1401 109 7 3240864613 16384 0 3718655878 0 0 0 96 96 0 0 1
1402 97 7 3240864613 16384 0 3718655878 0 0 0 96 96 0 0 2
1403 116 7 3240864613 16384 0 3718655878 0 0 0 96 96 0 0 3
1404 46 0 0 0 0 2788132384 0 0 0 96 96 0 0 0
1405 10 0 0 0 0 0 0 0 0 0 96 0 0 0
1406 169 0 0 0 0 0 0 0 0 96 96 0 0 0
1407 10 0 0 0 0 0 0 0 0 0 96 0 0 0
1408 166 0 0 0 0 0 0 0 0 96 96 0 0 0
1409 151 0 0 0 0 0 0 0 0 96 96 0 0 0
1410 32 0 0 0 0 0 0 0 0 96 96 0 0 0
1411 128 0 0 0 0 0 0 0 0 96 96 0 0 0
1412 44 0 0 0 0 0 0 0 0 96 96 0 0 0
1413 152 0 0 0 0 0 0 0 0 96 96 0 0 0
1414 46 0 0 0 0 0 0 0 0 96 96 0 0 0
1415 231 0 0 0 0 0 0 0 0 96 96 0 0 0
1416 144 0 0 0 0 0 0 0 0 96 96 0 0 0
1417 245 0 0 0 0 0 0 0 0 96 96 0 0 0
1418 44 0 0 0 0 0 0 0 0 96 96 0 0 0
1419 190 0 0 0 0 0 0 0 0 96 96 0 0 0
1420 10 0 0 0 0 0 0 0 0 0 96 0 0 0
1421 223 0 0 0 0 0 0 0 0 96 96 0 0 0
1422 46 0 0 0 0 0 0 0 0 96 96 0 0 0
1423 229 0 0 0 0 0 0 0 0 96 96 0 0 0
1424 10 0 0 0 0 0 0 0 0 0 96 0 0 0
1425 119 0 0 0 0 0 0 0 0 96 96 0 0 1
1426 111 0 0 0 0 0 0 0 0 96 96 0 0 2
1427 114 0 0 0 0 0 0 0 0 96 96 0 0 3
1428 100 0 0 0 0 0 0 0 0 96 96 0 0 4
1429 51 1 4155777060 0 0 15 0 0 0 96 96 0 0 0
1430 32 2 51 131072 0 15 0 0 0 96 96 0 0 0
1431 97 2 51 131072 0 15 0 0 0 96 96 0 0 1
1432 110 2 51 131072 0 15 0 0 0 96 96 0 0 2
1433 111 2 51 131072 0 15 0 0 0 96 96 0 0 3
1434 116 2 51 131072 0 15 0 0 0 96 96 0 0 4
1435 104 2 51 131072 0 15 0 0 0 96 96 0 0 5
1436 101 2 51 131072 0 15 0 0 0 96 96 0 0 6
1437 114 2 51 131072 0 15 0 0 0 96 96 0 0 7
1438 32 3 91021800 0 0 255 0 0 0 96 96 0 0 0
1439 91 3 91021800 0 0 255 0 0 0 96 91 0 0 0
1440 91 3 91021800 0 0 255 0 0 0 96 91 0 0 0
1441 65 3 91021800 0 0 255 0 0 0 96 91 0 0 0
1442 110 3 91021800 0 0 255 0 0 0 96 91 0 0 1
1443 110 3 91021800 0 0 255 0 0 0 96 91 0 0 2
1444 97 3 91021800 0 0 255 0 0 0 96 91 0 0 3
1445 93 4 2815940769 0 0 4095 0 0 0 96 91 0 0 0
1446 93 4 2815940769 0 0 4095 0 0 0 96 96 0 0 0
1447 32 4 2815940769 0 0 4095 0 0 0 96 96 0 0 0
1448 119 4 2815940769 0 0 4095 0 0 0 96 96 0 0 1
1449 97 4 2815940769 0 0 4095 0 0 0 96 96 0 0 2
1450 115 4 2815940769 0 0 4095 0 0 0 96 96 0 0 3
1451 32 5 3453292883 1 0 65521 3453292883 0 0 96 96 0 0 0
1452 97 5 3453292883 1 0 65521 3453292883 0 0 96 96 0 0 1
1453 32 6 1950627777 16384 0 1048342 3453292883 0 0 96 96 0 0 0
1454 39 6 1950627777 16384 0 1048342 3453292883 0 0 96 96 0 0 1
1455 39 7 1950627719 0 0 16773487 3453292883 0 0 96 96 0 0 0
1456 39 7 1950627719 0 0 16773487 3453292883 0 0 96 96 0 0 0
1457 113 7 1950627719 0 0 16773487 3453292883 0 0 96 96 0 0 1
1458 117 7 1950627719 0 0 16773487 3453292883 0 0 96 96 0 0 2
1459 101 7 1950627719 0 0 16773487 3453292883 0 0 96 96 0 0 3
1460 101 7 1950627719 0 0 16773487 3453292883 0 0 96 96 0 0 4
1461 110 7 1950627719 0 0 16773487 3453292883 0 0 96 96 0 0 5
1462 39 7 1950627719 0 0 16773487 3453292883 0 0 96 96 0 0 6
1463 39 8 3278097614 8 0 268375802 3453292883 0 0 96 96 0 0 0
1464 39 8 3278097614 8 0 268375802 3453292883 0 0 96 96 0 0 0
1465 32 8 3278097614 8 0 268375802 3453292883 0 0 96 96 0 0 0
1466 111 8 3278097614 8 0 268375802 3453292883 0 0 96 96 0 0 1
1467 102 8 3278097614 8 0 268375802 3453292883 0 0 96 96 0 0 2
1468 32 9 1118483846 65536 0 4294012840 3453292883 0 0 96 96 0 0 0
1469 91 9 1118483846 65536 0 4294012840 3453292883 0 0 96 91 0 0 0
1470 91 9 1118483846 65536 0 4294012840 3453292883 0 0 96 91 0 0 0
1471 70 9 1118483846 65536 0 4294012840 3453292883 0 0 96 91 0 0 0
1472 114 9 1118483846 65536 0 4294012840 3453292883 0 0 96 91 0 0 1
1473 97 9 1118483846 65536 0 4294012840 3453292883 0 0 96 91 0 0 2
1474 110 9 1118483846 65536 0 4294012840 3453292883 0 0 96 91 0 0 3
1475 99 9 1118483846 65536 0 4294012840 3453292883 0 0 96 91 0 0 4
1476 101 9 1118483846 65536 0 4294012840 3453292883 0 0 96 91 0 0 5
1477 93 10 3384763555 0 0 4279696015 3453292883 0 0 96 91 0 0 0
1478 93 10 3384763555 0 0 4279696015 3453292883 0 0 96 96 0 0 0
1479 32 10 3384763555 0 0 4279696015 3453292883 0 0 96 96 0 0 0
1480 105 10 3384763555 0 0 4279696015 3453292883 0 0 96 96 0 0 1
1481 110 10 3384763555 0 0 4279696015 3453292883 0 0 96 96 0 0 2
1482 32 11 1118433358 65536 0 4050626808 3453292883 0 0 96 96 0 0 0
1483 49 11 1118433358 65536 0 4050626808 3453292883 0 0 96 96 0 0 0
1484 55 11 1118433358 65536 0 4050626808 3453292883 0 0 96 96 0 0 0
1485 56 11 1118433358 65536 0 4050626808 3453292883 0 0 96 96 0 0 0
1486 57 11 1118433358 65536 0 4050626808 3453292883 0 0 96 96 0 0 0
1487 46 0 0 0 0 385519488 3453292883 0 0 96 96 0 0 0
1488 10 0 0 0 0 0 0 0 0 0 96 0 0 0
1489 61 0 0 0 0 0 0 0 0 61 96 0 0 0
1490 61 0 0 0 0 0 0 0 0 61 96 0 0 0
1491 32 0 0 0 0 0 0 0 0 61 96 0 0 0
1492 72 0 0 0 0 0 0 0 0 61 96 0 0 0
1493 105 0 0 0 0 0 0 0 0 61 96 0 0 1
1494 115 0 0 0 0 0 0 0 0 61 96 0 0 2
1495 116 0 0 0 0 0 0 0 0 61 96 0 0 3
1496 111 0 0 0 0 0 0 0 0 61 96 0 0 4
1497 114 0 0 0 0 0 0 0 0 61 96 0 0 5
1498 121 0 0 0 0 0 0 0 0 61 96 0 0 6
1499 32 1 1469161513 0 0 15 0 0 0 61 96 0 0 0
1500 61 1 1469161513 0 0 15 0 0 0 61 96 0 0 0
1501 61 1 1469161513 0 0 15 0 0 0 61 96 0 0 0
1502 10 0 0 0 0 0 0 0 0 0 96 0 0 0
1503 42 0 0 0 0 0 0 0 0 42 42 0 0 0
1504 32 0 0 0 0 0 0 0 0 42 42 0 0 0
1505 105 0 0 0 0 0 0 0 0 96 42 0 0 1
1506 116 0 0 0 0 0 0 0 0 96 42 0 0 2
1507 101 0 0 0 0 0 0 0 0 96 42 0 0 3
1508 109 0 0 0 0 0 0 0 0 96 42 0 0 4
1509 32 1 4268574925 0 0 15 0 0 0 96 42 0 0 0
1510 111 1 4268574925 0 0 15 0 0 0 96 42 0 0 1
1511 110 1 4268574925 0 0 15 0 0 0 96 42 0 0 2
1512 101 1 4268574925 0 0 15 0 0 0 96 42 0 0 3
1513 32 2 2886769829 131072 0 254 0 0 0 96 42 0 0 0
1514 40 2 2886769829 131072 0 254 0 0 0 96 42 0 0 0
1515 102 2 2886769829 131072 0 254 0 0 0 96 42 0 0 1
1516 105 2 2886769829 131072 0 254 0 0 0 96 42 0 0 2
1517 114 2 2886769829 131072 0 254 0 0 0 96 42 0 0 3
1518 115 2 2886769829 131072 0 254 0 0 0 96 42 0 0 4
1519 116 2 2886769829 131072 0 254 0 0 0 96 42 0 0 5
1520 41 2 2886769829 131072 0 65264 0 0 0 96 42 0 0 0
1521 10 0 0 0 0 0 0 0 0 0 42 0 0 0
1522 42 0 0 0 0 0 0 0 0 42 42 0 0 0
1523 32 0 0 0 0 0 0 0 0 42 42 0 0 0
1524 105 0 0 0 0 0 0 0 0 96 42 0 0 1
1525 116 0 0 0 0 0 0 0 0 96 42 0 0 2
1526 101 0 0 0 0 0 0 0 0 96 42 0 0 3
1527 109 0 0 0 0 0 0 0 0 96 42 0 0 4
1528 32 1 4268574925 0 0 15 0 0 0 96 42 0 0 0
1529 116 1 4268574925 0 0 15 0 0 0 96 42 0 0 1
1530 119 1 4268574925 0 0 15 0 0 0 96 42 0 0 2
1531 111 1 4268574925 0 0 15 0 0 0 96 42 0 0 3
1532 32 2 3240990863 131072 0 254 0 0 0 96 42 0 0 0
1533 91 2 3240990863 131072 0 254 0 0 0 96 91 0 0 0
1534 104 2 3240990863 131072 0 254 0 0 0 96 91 0 0 1
1535 116 2 3240990863 131072 0 254 0 0 0 96 91 0 0 2
1536 116 2 3240990863 131072 0 254 0 0 0 96 91 0 0 3
1537 112 2 3240990863 131072 0 254 0 0 0 96 91 0 0 4
1538 58 3 876852720 0 0 4079 0 0 0 96 91 0 0 0
1539 47 3 876852720 0 0 4079 0 0 0 96 91 0 0 0
1540 47 3 876852720 0 0 4079 0 0 0 96 91 0 0 0
1541 101 3 876852720 0 0 4079 0 0 0 96 91 0 0 1
1542 120 3 876852720 0 0 4079 0 0 0 96 91 0 0 2
1543 97 3 876852720 0 0 4079 0 0 0 96 91 0 0 3
1544 109 3 876852720 0 0 4079 0 0 0 96 91 0 0 4
1545 112 3 876852720 0 0 4079 0 0 0 96 91 0 0 5
1546 108 3 876852720 0 0 4079 0 0 0 96 91 0 0 6
1547 101 3 876852720 0 0 4079 0 0 0 96 91 0 0 7
1548 46 4 3291829868 0 0 1044464 0 0 0 96 91 0 0 0
1549 111 4 3291829868 0 0 1044464 0 0 0 96 91 0 0 1
1550 114 4 3291829868 0 0 1044464 0 0 0 96 91 0 0 2
1551 103 4 3291829868 0 0 1044464 0 0 0 96 91 0 0 3
1552 32 5 2886803495 0 0 16711439 0 0 0 96 91 0 0 0
1553 108 5 2886803495 0 0 16711439 0 0 0 96 91 0 0 1
1554 105 5 2886803495 0 0 16711439 0 0 0 96 91 0 0 2
1555 110 5 2886803495 0 0 16711439 0 0 0 96 91 0 0 3
1556 107 5 2886803495 0 0 16711439 0 0 0 96 91 0 0 4
1557 93 6 780174507 0 0 267383039 0 0 0 96 42 0 0 0
1558 32 6 780174507 0 0 267383039 0 0 1 64 42 0 0 0
1559 116 6 780174507 0 0 267383039 0 0 1 64 42 0 0 1
1560 101 6 780174507 0 0 267383039 0 0 1 64 42 0 0 2
1561 120 6 780174507 0 0 267383039 0 0 1 64 42 0 0 3
1562 116 6 780174507 0 0 267383039 0 0 1 64 42 0 0 4
1563 10 0 0 0 0 0 0 0 0 0 42 0 0 0
1564 84 0 0 0 0 0 0 0 0 84 42 0 0 0
1565 104 0 0 0 0 0 0 0 0 84 42 0 0 1
1566 101 0 0 0 0 0 0 0 0 84 42 0 0 2
1567 32 1 1118424933 2048 0 4 0 0 0 84 42 0 0 0
1568 123 1 1118424933 2048 0 4 0 0 0 84 42 0 0 0
1569 123 1 1118424933 2048 0 4 0 0 0 84 42 0 0 0
1570 99 1 1118424933 2048 0 4 0 0 0 84 42 0 0 1
1571 105 1 1118424933 2048 0 4 0 0 0 84 42 0 0 2
1572 116 1 1118424933 2048 0 4 0 0 0 84 42 0 0 3
1573 101 1 1118424933 2048 0 4 0 0 0 84 42 0 0 4
1574 124 2 318360037 0 0 79 0 0 0 84 42 0 0 0
1575 121 2 318360037 0 0 79 0 0 0 84 42 0 0 1
1576 101 2 318360037 0 0 79 0 0 0 84 42 0 0 2
1577 97 2 318360037 0 0 79 0 0 0 84 42 0 0 3
1578 114 2 318360037 0 0 79 0 0 0 84 42 0 0 4
1579 61 3 1641105746 0 0 1279 0 0 0 84 42 0 0 0
1580 49 3 1641105746 0 0 1279 0 0 0 84 42 0 0 0
1581 56 3 1641105746 0 0 1279 0 0 0 84 42 0 0 0
1582 48 3 1641105746 0 0 1279 0 0 0 84 42 0 0 0
1583 49 3 1641105746 0 0 1279 0 0 0 84 42 0 0 0
1584 125 4 1368491697 131072 0 1279 0 0 0 84 42 0 0 0
1585 125 4 1368491697 131072 0 1279 0 0 0 84 42 0 0 0
1586 32 4 1368491697 131072 0 1279 0 0 0 84 42 0 0 0
1587 115 4 1368491697 131072 0 1279 0 0 0 84 42 0 0 1
1588 97 4 1368491697 131072 0 1279 0 0 0 84 42 0 0 2
1589 105 4 1368491697 131072 0 1279 0 0 0 84 42 0 0 3
1590 100 4 1368491697 131072 0 1279 0 0 0 84 42 0 0 4
1591 58 5 2481602628 0 0 20479 0 0 0 84 42 0 0 0
1592 32 5 2481602628 0 0 20479 0 0 0 84 42 0 0 0
1593 34 5 2481602628 0 0 20479 0 0 0 84 42 0 0 0
1594 104 5 2481602628 0 0 20479 0 0 0 84 42 0 0 1
1595 101 5 2481602628 0 0 20479 0 0 0 84 42 0 0 2
1596 108 5 2481602628 0 0 20479 0 0 0 84 42 0 0 3
1597 108 5 2481602628 0 0 20479 0 0 0 84 42 0 0 4
1598 111 5 2481602628 0 0 20479 0 0 0 84 42 0 0 5
1599 44 6 933891823 0 0 327679 0 0 0 84 42 0 0 0
1600 32 6 933891823 0 0 327679 0 0 0 84 42 0 0 0
1601 119 6 933891823 0 0 327679 0 0 0 84 42 0 0 1
1602 111 6 933891823 0 0 327679 0 0 0 84 42 0 0 2
1603 114 6 933891823 0 0 327679 0 0 0 84 42 0 0 3
1604 108 6 933891823 0 0 327679 0 0 0 84 42 0 0 4
1605 100 6 933891823 0 0 327679 0 0 0 84 42 0 0 5
1606 33 7 1101113060 0 0 5242879 0 0 0 84 42 0 0 0
1607 34 7 1101113060 0 0 5242879 0 0 0 84 42 0 0 0
1608 10 0 0 0 0 0 0 0 0 0 42 0 0 0
1609 60 0 0 0 0 0 0 0 0 60 42 0 0 0
1610 114 0 0 0 0 0 0 0 0 60 42 0 0 1
1611 101 0 0 0 0 0 0 0 0 60 42 0 0 2
1612 102 0 0 0 0 0 0 0 0 60 42 0 0 3
1613 62 1 3099181254 0 0 15 0 0 0 60 42 0 0 0
1614 110 1 3099181254 0 0 15 0 0 0 60 42 0 0 1
1615 111 1 3099181254 0 0 15 0 0 0 60 42 0 0 2
1616 116 1 3099181254 0 0 15 0 0 0 60 42 0 0 3
1617 101 1 3099181254 0 0 15 0 0 0 60 42 0 0 4
1618 32 2 3693928933 0 0 255 0 0 0 60 42 0 0 0
1619 49 2 3693928933 0 0 255 0 0 0 60 42 0 0 0
1620 50 2 3693928933 0 0 255 0 0 0 60 42 0 0 0
1621 44 3 103146 131072 0 255 0 0 0 60 42 0 0 0
1622 51 3 103146 131072 0 255 0 0 0 60 42 0 0 0
1623 52 3 103146 131072 0 255 0 0 0 60 42 0 0 0
1624 53 3 103146 131072 0 255 0 0 0 60 42 0 0 0
1625 46 0 0 0 0 4080 0 0 0 60 42 0 0 0
1626 54 0 0 0 0 4080 0 0 0 60 42 0 0 0
1627 55 0 0 0 0 4080 0 0 0 60 42 0 0 0
1628 32 1 113671 131072 0 4080 0 0 0 60 42 0 0 0
1629 104 1 113671 131072 0 4080 0 0 0 60 42 0 0 1
1630 101 1 113671 131072 0 4080 0 0 0 60 42 0 0 2
1631 114 1 113671 131072 0 4080 0 0 0 60 42 0 0 3
1632 101 1 113671 131072 0 4080 0 0 0 60 42 0 0 4
1633 60 2 4109367333 0 0 65295 0 0 0 60 42 0 0 0
1634 47 2 4109367333 0 0 65295 0 0 0 60 42 0 0 0
1635 114 2 4109367333 0 0 65295 0 0 0 60 42 0 0 1
1636 101 2 4109367333 0 0 65295 0 0 0 60 42 0 0 2
1637 102 2 4109367333 0 0 65295 0 0 0 60 42 0 0 3
1638 62 3 3099181254 0 0 1044735 0 0 0 60 42 0 0 0
1639 10 0 0 0 0 0 0 0 0 0 42 0 0 0
1640 65 0 0 0 0 0 0 0 0 65 42 0 0 0
1641 32 0 0 0 0 0 0 0 0 65 42 0 0 0
1642 108 0 0 0 0 0 0 0 0 65 42 0 0 1
1643 105 0 0 0 0 0 0 0 0 65 42 0 0 2
1644 110 0 0 0 0 0 0 0 0 65 42 0 0 3
1645 101 0 0 0 0 0 0 0 0 65 42 0 0 4
1646 32 1 780174501 0 0 15 0 0 0 65 42 0 0 0
1647 119 1 780174501 0 0 15 0 0 0 65 42 0 0 1
1648 105 1 780174501 0 0 15 0 0 0 65 42 0 0 2
1649 116 1 780174501 0 0 15 0 0 0 65 42 0 0 3
1650 104 1 780174501 0 0 15 0 0 0 65 42 0 0 4
1651 32 2 3730819560 65536 0 248 0 0 0 65 42 0 0 0
1652 110 2 3730819560 65536 0 248 0 0 0 65 42 0 0 1
1653 117 2 3730819560 65536 0 248 0 0 0 65 42 0 0 2
1654 109 2 3730819560 65536 0 248 0 0 0 65 42 0 0 3
1655 98 2 3730819560 65536 0 248 0 0 0 65 42 0 0 4
1656 101 2 3730819560 65536 0 248 0 0 0 65 42 0 0 5
1657 114 2 3730819560 65536 0 248 0 0 0 65 42 0 0 6
1658 115 2 3730819560 65536 0 248 0 0 0 65 42 0 0 7
1659 32 3 3416096978 8 0 3978 0 0 0 65 42 0 0 0
1660 52 3 3416096978 8 0 3978 0 0 0 65 42 0 0 0
1661 50 3 3416096978 8 0 3978 0 0 0 65 42 0 0 0
1662 32 4 109458 131072 0 3978 0 0 0 65 42 0 0 0
1663 97 4 109458 131072 0 3978 0 0 0 65 42 0 0 1
1664 110 4 109458 131072 0 3978 0 0 0 65 42 0 0 2
1665 100 4 109458 131072 0 3978 0 0 0 65 42 0 0 3
1666 32 5 1895163044 32768 0 63655 0 0 0 65 42 0 0 0
1667 51 5 1895163044 32768 0 63655 0 0 0 65 42 0 0 0
1668 46 0 0 0 0 1018480 0 0 0 65 42 0 0 0
1669 49 0 0 0 0 1018480 0 0 0 65 42 0 0 0
1670 52 0 0 0 0 1018480 0 0 0 65 42 0 0 0
1671 32 1 103148 131072 0 1018480 0 0 0 65 42 0 0 0
1672 97 1 103148 131072 0 1018480 0 0 0 65 42 0 0 1
1673 110 1 103148 131072 0 1018480 0 0 0 65 42 0 0 2
1674 100 1 103148 131072 0 1018480 0 0 0 65 42 0 0 3
1675 32 2 1895163044 32768 0 16295687 0 0 0 65 42 0 0 0
1676 49 2 1895163044 32768 0 16295687 0 0 0 65 42 0 0 0
1677 44 3 49 131072 0 16295687 0 0 0 65 42 0 0 0
1678 48 3 49 131072 0 16295687 0 0 0 65 42 0 0 0
1679 48 3 49 131072 0 16295687 0 0 0 65 42 0 0 0
1680 48 3 49 131072 0 16295687 0 0 0 65 42 0 0 0
1681 46 0 0 0 0 260730992 0 0 0 65 42 0 0 0
1682 10 0 0 0 0 0 0 0 0 0 42 0 0 0
1683 38 0 0 0 0 0 0 0 0 38 42 0 0 0
1684 110 0 0 0 0 0 0 0 0 38 42 0 0 1
1685 98 0 0 0 0 0 0 0 0 38 42 0 0 2
1686 115 0 0 0 0 0 0 0 0 38 42 0 0 3
1687 112 0 0 0 0 0 0 0 0 38 42 0 0 4
1688 59 1 2773142800 0 0 15 0 0 0 38 42 0 0 0
1689 32 1 2773142800 0 0 15 0 0 0 38 42 0 0 0
1690 115 1 2773142800 0 0 15 0 0 0 38 42 0 0 1
1691 111 1 2773142800 0 0 15 0 0 0 38 42 0 0 2
1692 109 1 2773142800 0 0 15 0 0 0 38 42 0 0 3
1693 101 1 2773142800 0 0 15 0 0 0 38 42 0 0 4
1694 32 2 3473243077 0 0 255 0 0 0 38 42 0 0 0
1695 38 2 3473243077 0 0 255 0 0 0 38 42 0 0 0
1696 97 2 3473243077 0 0 255 0 0 0 38 42 0 0 1
1697 109 2 3473243077 0 0 255 0 0 0 38 42 0 0 2
1698 112 2 3473243077 0 0 255 0 0 0 38 42 0 0 3
1699 59 3 1895154640 0 0 4095 0 0 0 38 42 0 0 0
1700 32 3 1895154640 0 0 4095 0 0 0 38 42 0 0 0
1701 101 3 1895154640 0 0 4095 0 0 0 38 42 0 0 1
1702 110 3 1895154640 0 0 4095 0 0 0 38 42 0 0 2
1703 116 3 1895154640 0 0 4095 0 0 0 38 42 0 0 3
1704 105 3 1895154640 0 0 4095 0 0 0 38 42 0 0 4
1705 116 3 1895154640 0 0 4095 0 0 0 38 42 0 0 5
1706 105 3 1895154640 0 0 4095 0 0 0 38 42 0 0 6
1707 101 3 1895154640 0 0 4095 0 0 0 38 42 0 0 7
1708 115 3 1895154640 0 0 4095 0 0 0 38 42 0 0 8
1709 32 4 1475168745 8 0 65530 0 0 0 38 42 0 0 0
1710 38 4 1475168745 8 0 65530 0 0 0 38 42 0 0 0
1711 108 4 1475168745 8 0 65530 0 0 0 38 42 0 0 1
1712 116 4 1475168745 8 0 65530 0 0 0 38 42 0 0 2
1713 59 5 1118458612 0 0 1048495 0 0 0 38 42 0 0 0
1714 116 5 1118458612 0 0 1048495 0 0 0 38 42 0 0 1
1715 97 5 1118458612 0 0 1048495 0 0 0 38 42 0 0 2
1716 103 5 1118458612 0 0 1048495 0 0 0 38 42 0 0 3
1717 38 6 3240805703 0 0 16775935 0 0 0 38 42 0 0 0
1718 103 6 3240805703 0 0 16775935 0 0 0 38 42 0 0 1
1719 116 6 3240805703 0 0 16775935 0 0 0 38 42 0 0 2
1720 59 7 1118416532 0 0 268414975 0 0 0 38 42 0 0 0
1721 10 0 0 0 0 0 0 0 0 0 42 0 0 0
1722 100 0 0 0 0 0 0 0 0 96 96 0 0 1
1723 111 0 0 0 0 0 0 0 0 96 96 0 0 2
1724 110 0 0 0 0 0 0 0 0 96 96 0 0 3
1725 39 0 0 0 0 0 0 0 0 96 96 0 0 4
1726 116 0 0 0 0 0 0 0 0 96 96 0 0 5
1727 32 1 1118391279 1024 0 13 0 0 0 96 96 0 0 0
1728 99 1 1118391279 1024 0 13 0 0 0 96 96 0 0 1
1729 97 1 1118391279 1024 0 13 0 0 0 96 96 0 0 2
1730 110 1 1118391279 1024 0 13 0 0 0 96 96 0 0 3
1731 39 1 1118391279 1024 0 13 0 0 0 96 96 0 0 4
1732 116 1 1118391279 1024 0 13 0 0 0 96 96 0 0 5
1733 32 2 2036711758 1024 0 221 0 0 0 96 96 0 0 0
1734 105 2 2036711758 1024 0 221 0 0 0 96 96 0 0 1
1735 116 2 2036711758 1024 0 221 0 0 0 96 96 0 0 2
1736 39 2 2036711758 1024 0 221 0 0 0 96 96 0 0 3
1737 115 2 2036711758 1024 0 221 0 0 0 96 96 0 0 4
1738 32 3 1118433364 1048584 0 3546 0 0 0 96 96 0 0 0
1739 116 3 1118433364 1048584 0 3546 0 0 0 96 96 0 0 1
1740 104 3 1118433364 1048584 0 3546 0 0 0 96 96 0 0 2
1741 101 3 1118433364 1048584 0 3546 0 0 0 96 96 0 0 3
1742 32 4 3240864613 16384 0 56742 0 0 0 96 96 0 0 0
1743 99 4 3240864613 16384 0 56742 0 0 0 96 96 0 0 1
1744 97 4 3240864613 16384 0 56742 0 0 0 96 96 0 0 2
1745 116 4 3240864613 16384 0 56742 0 0 0 96 96 0 0 3
1746 32 4 2036711764 2 0 907874 0 0 0 96 96 0 0 0
1747 115 4 2036711764 2 0 907874 0 0 0 96 96 0 0 1
1748 97 4 2036711764 2 0 907874 0 0 0 96 96 0 0 2
1749 116 4 2036711764 2 0 907874 0 0 0 96 96 0 0 3
1750 32 5 3169976660 0 0 14525999 0 0 0 96 96 0 0 0
1751 111 5 3169976660 0 0 14525999 0 0 0 96 96 0 0 1
1752 110 5 3169976660 0 0 14525999 0 0 0 96 96 0 0 2
1753 32 6 1118483854 65536 0 232415992 0 0 0 96 96 0 0 0
1754 116 6 1118483854 65536 0 232415992 0 0 0 96 96 0 0 1
1755 104 6 1118483854 65536 0 232415992 0 0 0 96 96 0 0 2
1756 101 6 1118483854 65536 0 232415992 0 0 0 96 96 0 0 3
1757 32 7 3240864613 16384 0 3718655878 0 0 0 96 96 0 0 0
1758 109 7 3240864613 16384 0 3718655878 0 0 0 96 96 0 0 1
1759 97 7 3240864613 16384 0 3718655878 0 0 0 96 96 0 0 2
1760 116 7 3240864613 16384 0 3718655878 0 0 0 96 96 0 0 3
1761 46 0 0 0 0 2788132384 0 0 0 96 96 0 0 0
1762 10 0 0 0 0 0 0 0 0 0 96 0 0 0
1763 191 0 0 0 0 0 0 0 0 96 96 0 0 0
1764 44 0 0 0 0 0 0 0 0 96 96 0 0 0
1765 234 0 0 0 0 0 0 0 0 96 96 0 0 0
1766 211 0 0 0 0 0 0 0 0 96 96 0 0 0
1767 158 0 0 0 0 0 0 0 0 96 96 0 0 0
1768 32 0 0 0 0 0 0 0 0 96 96 0 0 0
1769 245 0 0 0 0 0 0 0 0 96 96 0 0 0
1770 177 0 0 0 0 0 0 0 0 96 96 0 0 0
1771 179 0 0 0 0 0 0 0 0 96 96 0 0 0
1772 10 0 0 0 0 0 0 0 0 0 96 0 0 0
1773 187 0 0 0 0 0 0 0 0 96 96 0 0 0
1774 212 0 0 0 0 0 0 0 0 96 96 0 0 0
1775 202 0 0 0 0 0 0 0 0 96 96 0 0 0
1776 10 0 0 0 0 0 0 0 0 0 96 0 0 0
1777 143 0 0 0 0 0 0 0 0 96 96 0 0 0
1778 194 0 0 0 0 0 0 0 0 96 96 0 0 0
1779 237 0 0 0 0 0 0 0 0 96 96 0 0 0
1780 32 0 0 0 0 0 0 0 0 96 96 0 0 0
1781 155 0 0 0 0 0 0 0 0 96 96 0 0 0
1782 145 0 0 0 0 0 0 0 0 96 96 0 0 0
1783 10 0 0 0 0 0 0 0 0 0 96 0 0 0
1784 137 0 0 0 0 0 0 0 0 96 96 0 0 0
1785 198 0 0 0 0 0 0 0 0 96 96 0 0 0
1786 44 0 0 0 0 0 0 0 0 96 96 0 0 0
1787 222 0 0 0 0 0 0 0 0 96 96 0 0 0
1788 230 0 0 0 0 0 0 0 0 96 96 0 0 0
1789 206 0 0 0 0 0 0 0 0 96 96 0 0 0
1790 44 0 0 0 0 0 0 0 0 96 96 0 0 0
1791 119 0 0 0 0 0 0 0 0 96 96 0 0 1
1792 111 0 0 0 0 0 0 0 0 96 96 0 0 2
1793 114 0 0 0 0 0 0 0 0 96 96 0 0 3
1794 100 0 0 0 0 0 0 0 0 96 96 0 0 4
1795 52 1 4155777060 0 0 15 0 0 0 96 96 0 0 0
1796 32 2 52 131072 0 15 0 0 0 96 96 0 0 0
1797 97 2 52 131072 0 15 0 0 0 96 96 0 0 1
1798 110 2 52 131072 0 15 0 0 0 96 96 0 0 2
1799 111 2 52 131072 0 15 0 0 0 96 96 0 0 3
1800 116 2 52 131072 0 15 0 0 0 96 96 0 0 4
1801 104 2 52 131072 0 15 0 0 0 96 96 0 0 5
1802 101 2 52 131072 0 15 0 0 0 96 96 0 0 6
1803 114 2 52 131072 0 15 0 0 0 96 96 0 0 7
1804 32 3 91021800 0 0 255 0 0 0 96 96 0 0 0
1805 91 3 91021800 0 0 255 0 0 0 96 91 0 0 0
1806 91 3 91021800 0 0 255 0 0 0 96 91 0 0 0
1807 65 3 91021800 0 0 255 0 0 0 96 91 0 0 0
1808 110 3 91021800 0 0 255 0 0 0 96 91 0 0 1
1809 110 3 91021800 0 0 255 0 0 0 96 91 0 0 2
1810 97 3 91021800 0 0 255 0 0 0 96 91 0 0 3
1811 93 4 2815940769 0 0 4095 0 0 0 96 91 0 0 0
1812 93 4 2815940769 0 0 4095 0 0 0 96 96 0 0 0
1813 32 4 2815940769 0 0 4095 0 0 0 96 96 0 0 0
1814 119 4 2815940769 0 0 4095 0 0 0 96 96 0 0 1
1815 97 4 2815940769 0 0 4095 0 0 0 96 96 0 0 2
1816 115 4 2815940769 0 0 4095 0 0 0 96 96 0 0 3
1817 32 5 3453292883 1 0 65521 3453292883 0 0 96 96 0 0 0
1818 97 5 3453292883 1 0 65521 3453292883 0 0 96 96 0 0 1
1819 32 6 1950627777 16384 0 1048342 3453292883 0 0 96 96 0 0 0
1820 39 6 1950627777 16384 0 1048342 3453292883 0 0 96 96 0 0 1
1821 39 7 1950627719 0 0 16773487 3453292883 0 0 96 96 0 0 0
1822 39 7 1950627719 0 0 16773487 3453292883 0 0 96 96 0 0 0
1823 113 7 1950627719 0 0 16773487 3453292883 0 0 96 96 0 0 1
1824 117 7 1950627719 0 0 16773487 3453292883 0 0 96 96 0 0 2
1825 101 7 1950627719 0 0 16773487 3453292883 0 0 96 96 0 0 3
1826 101 7 1950627719 0 0 16773487 3453292883 0 0 96 96 0 0 4
1827 110 7 1950627719 0 0 16773487 3453292883 0 0 96 96 0 0 5
1828 39 7 1950627719 0 0 16773487 3453292883 0 0 96 96 0 0 6
1829 39 8 3278097614 8 0 268375802 3453292883 0 0 96 96 0 0 0
1830 39 8 3278097614 8 0 268375802 3453292883 0 0 96 96 0 0 0
1831 32 8 3278097614 8 0 268375802 3453292883 0 0 96 96 0 0 0
1832 111 8 3278097614 8 0 268375802 3453292883 0 0 96 96 0 0 1
1833 102 8 3278097614 8 0 268375802 3453292883 0 0 96 96 0 0 2
1834 32 9 1118483846 65536 0 4294012840 3453292883 0 0 96 96 0 0 0
1835 91 9 1118483846 65536 0 4294012840 3453292883 0 0 96 91 0 0 0
1836 91 9 1118483846 65536 0 4294012840 3453292883 0 0 96 91 0 0 0
1837 70 9 1118483846 65536 0 4294012840 3453292883 0 0 96 91 0 0 0
1838 114 9 1118483846 65536 0 4294012840 3453292883 0 0 96 91 0 0 1
1839 97 9 1118483846 65536 0 4294012840 3453292883 0 0 96 91 0 0 2
1840 110 9 1118483846 65536 0 4294012840 3453292883 0 0 96 91 0 0 3
1841 99 9 1118483846 65536 0 4294012840 3453292883 0 0 96 91 0 0 4
1842 101 9 1118483846 65536 0 4294012840 3453292883 0 0 96 91 0 0 5
1843 93 10 3384763555 0 0 4279696015 3453292883 0 0 96 91 0 0 0
1844 93 10 3384763555 0 0 4279696015 3453292883 0 0 96 96 0 0 0
1845 32 10 3384763555 0 0 4279696015 3453292883 0 0 96 96 0 0 0
1846 105 10 3384763555 0 0 4279696015 3453292883 0 0 96 96 0 0 1
1847 110 10 3384763555 0 0 4279696015 3453292883 0 0 96 96 0 0 2
1848 32 11 1118433358 65536 0 4050626808 3453292883 0 0 96 96 0 0 0
1849 49 11 1118433358 65536 0 4050626808 3453292883 0 0 96 96 0 0 0
1850 55 11 1118433358 65536 0 4050626808 3453292883 0 0 96 96 0 0 0
1851 56 11 1118433358 65536 0 4050626808 3453292883 0 0 96 96 0 0 0
1852 57 11 1118433358 65536 0 4050626808 3453292883 0 0 96 96 0 0 0
1853 46 0 0 0 0 385519488 3453292883 0 0 96 96 0 0 0
1854 10 0 0 0 0 0 0 0 0 0 96 0 0 0
1855 61 0 0 0 0 0 0 0 0 61 96 0 0 0
1856 61 0 0 0 0 0 0 0 0 61 96 0 0 0
1857 32 0 0 0 0 0 0 0 0 61 96 0 0 0
1858 72 0 0 0 0 0 0 0 0 61 96 0 0 0
1859 105 0 0 0 0 0 0 0 0 61 96 0 0 1
1860 115 0 0 0 0 0 0 0 0 61 96 0 0 2
1861 116 0 0 0 0 0 0 0 0 61 96 0 0 3
1862 111 0 0 0 0 0 0 0 0 61 96 0 0 4
1863 114 0 0 0 0 0 0 0 0 61 96 0 0 5
1864 121 0 0 0 0 0 0 0 0 61 96 0 0 6
1865 32 1 1469161513 0 0 15 0 0 0 61 96 0 0 0
1866 61 1 1469161513 0 0 15 0 0 0 61 96 0 0 0
1867 61 1 1469161513 0 0 15 0 0 0 61 96 0 0 0
1868 10 0 0 0 0 0 0 0 0 0 96 0 0 0
1869 42 0 0 0 0 0 0 0 0 42 42 0 0 0
1870 32 0 0 0 0 0 0 0 0 42 42 0 0 0
1871 105 0 0 0 0 0 0 0 0 96 42 0 0 1
1872 116 0 0 0 0 0 0 0 0 96 42 0 0 2
1873 101 0 0 0 0 0 0 0 0 96 42 0 0 3
1874 109 0 0 0 0 0 0 0 0 96 42 0 0 4
1875 32 1 4268574925 0 0 15 0 0 0 96 42 0 0 0
1876 111 1 4268574925 0 0 15 0 0 0 96 42 0 0 1
1877 110 1 4268574925 0 0 15 0 0 0 96 42 0 0 2
1878 101 1 4268574925 0 0 15 0 0 0 96 42 0 0 3
1879 32 2 2886769829 131072 0 254 0 0 0 96 42 0 0 0
1880 40 2 2886769829 131072 0 254 0 0 0 96 42 0 0 0
1881 102 2 2886769829 131072 0 254 0 0 0 96 42 0 0 1
1882 105 2 2886769829 131072 0 254 0 0 0 96 42 0 0 2
1883 114 2 2886769829 131072 0 254 0 0 0 96 42 0 0 3
1884 115 2 2886769829 131072 0 254 0 0 0 96 42 0 0 4
1885 116 2 2886769829 131072 0 254 0 0 0 96 42 0 0 5
1886 41 2 2886769829 131072 0 65264 0 0 0 96 42 0 0 0
1887 10 0 0 0 0 0 0 0 0 0 42 0 0 0
1888 42 0 0 0 0 0 0 0 0 42 42 0 0 0
1889 32 0 0 0 0 0 0 0 0 42 42 0 0 0
1890 105 0 0 0 0 0 0 0 0 96 42 0 0 1
1891 116 0 0 0 0 0 0 0 0 96 42 0 0 2
1892 101 0 0 0 0 0 0 0 0 96 42 0 0 3
1893 109 0 0 0 0 0 0 0 0 96 42 0 0 4
1894 32 1 4268574925 0 0 15 0 0 0 96 42 0 0 0
1895 116 1 4268574925 0 0 15 0 0 0 96 42 0 0 1
1896 119 1 4268574925 0 0 15 0 0 0 96 42 0 0 2
1897 111 1 4268574925 0 0 15 0 0 0 96 42 0 0 3
1898 32 2 3240990863 131072 0 254 0 0 0 96 42 0 0 0
1899 91 2 3240990863 131072 0 254 0 0 0 96 91 0 0 0
1900 104 2 3240990863 131072 0 254 0 0 0 96 91 0 0 1
1901 116 2 3240990863 131072 0 254 0 0 0 96 91 0 0 2
1902 116 2 3240990863 131072 0 254 0 0 0 96 91 0 0 3
1903 112 2 3240990863 131072 0 254 0 0 0 96 91 0 0 4
1904 58 3 876852720 0 0 4079 0 0 0 96 91 0 0 0
1905 47 3 876852720 0 0 4079 0 0 0 96 91 0 0 0
1906 47 3 876852720 0 0 4079 0 0 0 96 91 0 0 0
1907 101 3 876852720 0 0 4079 0 0 0 96 91 0 0 1
1908 120 3 876852720 0 0 4079 0 0 0 96 91 0 0 2
1909 97 3 876852720 0 0 4079 0 0 0 96 91 0 0 3
1910 109 3 876852720 0 0 4079 0 0 0 96 91 0 0 4
1911 112 3 876852720 0 0 4079 0 0 0 96 91 0 0 5
1912 108 3 876852720 0 0 4079 0 0 0 96 91 0 0 6
1913 101 3 876852720 0 0 4079 0 0 0 96 91 0 0 7
1914 46 4 3291829868 0 0 1044464 0 0 0 96 91 0 0 0
1915 111 4 3291829868 0 0 1044464 0 0 0 96 91 0 0 1
1916 114 4 3291829868 0 0 1044464 0 0 0 96 91 0 0 2
1917 103 4 3291829868 0 0 1044464 0 0 0 96 91 0 0 3
1918 32 5 2886803495 0 0 16711439 0 0 0 96 91 0 0 0
1919 108 5 2886803495 0 0 16711439 0 0 0 96 91 0 0 1
1920 105 5 2886803495 0 0 16711439 0 0 0 96 91 0 0 2
1921 110 5 2886803495 0 0 16711439 0 0 0 96 91 0 0 3
1922 107 5 2886803495 0 0 16711439 0 0 0 96 91 0 0 4
1923 93 6 780174507 0 0 267383039 0 0 0 96 42 0 0 0
1924 32 6 780174507 0 0 267383039 0 0 1 64 42 0 0 0
1925 116 6 780174507 0 0 267383039 0 0 1 64 42 0 0 1
1926 101 6 780174507 0 0 267383039 0 0 1 64 42 0 0 2
1927 120 6 780174507 0 0 267383039 0 0 1 64 42 0 0 3
1928 116 6 780174507 0 0 267383039 0 0 1 64 42 0 0 4
1929 10 0 0 0 0 0 0 0 0 0 42 0 0 0
1930 84 0 0 0 0 0 0 0 0 84 42 0 0 0
1931 104 0 0 0 0 0 0 0 0 84 42 0 0 1
1932 101 0 0 0 0 0 0 0 0 84 42 0 0 2
1933 32 1 1118424933 2048 0 4 0 0 0 84 42 0 0 0
1934 123 1 1118424933 2048 0 4 0 0 0 84 42 0 0 0
1935 123 1 1118424933 2048 0 4 0 0 0 84 42 0 0 0
1936 99 1 1118424933 2048 0 4 0 0 0 84 42 0 0 1
1937 105 1 1118424933 2048 0 4 0 0 0 84 42 0 0 2
1938 116 1 1118424933 2048 0 4 0 0 0 84 42 0 0 3
1939 101 1 1118424933 2048 0 4 0 0 0 84 42 0 0 4
1940 124 2 318360037 0 0 79 0 0 0 84 42 0 0 0
1941 121 2 318360037 0 0 79 0 0 0 84 42 0 0 1
1942 101 2 318360037 0 0 79 0 0 0 84 42 0 0 2
1943 97 2 318360037 0 0 79 0 0 0 84 42 0 0 3
1944 114 2 318360037 0 0 79 0 0 0 84 42 0 0 4
1945 61 3 1641105746 0 0 1279 0 0 0 84 42 0 0 0
1946 49 3 1641105746 0 0 1279 0 0 0 84 42 0 0 0
1947 56 3 1641105746 0 0 1279 0 0 0 84 42 0 0 0
1948 48 3 1641105746 0 0 1279 0 0 0 84 42 0 0 0
1949 49 3 1641105746 0 0 1279 0 0 0 84 42 0 0 0
1950 125 4 1368491697 131072 0 1279 0 0 0 84 42 0 0 0
1951 125 4 1368491697 131072 0 1279 0 0 0 84 42 0 0 0
1952 32 4 1368491697 131072 0 1279 0 0 0 84 42 0 0 0
1953 115 4 1368491697 131072 0 1279 0 0 0 84 42 0 0 1
1954 97 4 1368491697 131072 0 1279 0 0 0 84 42 0 0 2
1955 105 4 1368491697 131072 0 1279 0 0 0 84 42 0 0 3
1956 100 4 1368491697 131072 0 1279 0 0 0 84 42 0 0 4
1957 58 5 2481602628 0 0 20479 0 0 0 84 42 0 0 0
1958 32 5 2481602628 0 0 20479 0 0 0 84 42 0 0 0
1959 34 5 2481602628 0 0 20479 0 0 0 84 42 0 0 0
1960 104 5 2481602628 0 0 20479 0 0 0 84 42 0 0 1
1961 101 5 2481602628 0 0 20479 0 0 0 84 42 0 0 2
1962 108 5 2481602628 0 0 20479 0 0 0 84 42 0 0 3
1963 108 5 2481602628 0 0 20479 0 0 0 84 42 0 0 4
1964 111 5 2481602628 0 0 20479 0 0 0 84 42 0 0 5
1965 44 6 933891823 0 0 327679 0 0 0 84 42 0 0 0
1966 32 6 933891823 0 0 327679 0 0 0 84 42 0 0 0
1967 119 6 933891823 0 0 327679 0 0 0 84 42 0 0 1
1968 111 6 933891823 0 0 327679 0 0 0 84 42 0 0 2
1969 114 6 933891823 0 0 327679 0 0 0 84 42 0 0 3
1970 108 6 933891823 0 0 327679 0 0 0 84 42 0 0 4
1971 100 6 933891823 0 0 327679 0 0 0 84 42 0 0 5
1972 33 7 1101113060 0 0 5242879 0 0 0 84 42 0 0 0
1973 34 7 1101113060 0 0 5242879 0 0 0 84 42 0 0 0
1974 10 0 0 0 0 0 0 0 0 0 42 0 0 0
1975 60 0 0 0 0 0 0 0 0 60 42 0 0 0
1976 114 0 0 0 0 0 0 0 0 60 42 0 0 1
1977 101 0 0 0 0 0 0 0 0 60 42 0 0 2
1978 102 0 0 0 0 0 0 0 0 60 42 0 0 3
1979 62 1 3099181254 0 0 15 0 0 0 60 42 0 0 0
1980 110 1 3099181254 0 0 15 0 0 0 60 42 0 0 1
1981 111 1 3099181254 0 0 15 0 0 0 60 42 0 0 2
1982 116 1 3099181254 0 0 15 0 0 0 60 42 0 0 3
1983 101 1 3099181254 0 0 15 0 0 0 60 42 0 0 4
1984 32 2 3693928933 0 0 255 0 0 0 60 42 0 0 0
1985 49 2 3693928933 0 0 255 0 0 0 60 42 0 0 0
1986 50 2 3693928933 0 0 255 0 0 0 60 42 0 0 0
1987 44 3 103146 131072 0 255 0 0 0 60 42 0 0 0
1988 51 3 103146 131072 0 255 0 0 0 60 42 0 0 0
1989 52 3 103146 131072 0 255 0 0 0 60 42 0 0 0
1990 53 3 103146 131072 0 255 0 0 0 60 42 0 0 0
1991 46 0 0 0 0 4080 0 0 0 60 42 0 0 0
1992 54 0 0 0 0 4080 0 0 0 60 42 0 0 0
1993 55 0 0 0 0 4080 0 0 0 60 42 0 0 0
1994 32 1 113671 131072 0 4080 0 0 0 60 42 0 0 0
1995 104 1 113671 131072 0 4080 0 0 0 60 42 0 0 1
1996 101 1 113671 131072 0 4080 0 0 0 60 42 0 0 2
1997 114 1 113671 131072 0 4080 0 0 0 60 42 0 0 3
1998 101 1 113671 131072 0 4080 0 0 0 60 42 0 0 4
1999 60 2 4109367333 0 0 65295 0 0 0 60 42 0 0 0
2000 47 2 4109367333 0 0 65295 0 0 0 60 42 0 0 0
2001 114 2 4109367333 0 0 65295 0 0 0 60 42 0 0 1
2002 101 2 4109367333 0 0 65295 0 0 0 60 42 0 0 2
2003 102 2 4109367333 0 0 65295 0 0 0 60 42 0 0 3
2004 62 3 3099181254 0 0 1044735 0 0 0 60 42 0 0 0
2005 10 0 0 0 0 0 0 0 0 0 42 0 0 0
2006 65 0 0 0 0 0 0 0 0 65 42 0 0 0
2007 32 0 0 0 0 0 0 0 0 65 42 0 0 0
2008 108 0 0 0 0 0 0 0 0 65 42 0 0 1
2009 105 0 0 0 0 0 0 0 0 65 42 0 0 2
2010 110 0 0 0 0 0 0 0 0 65 42 0 0 3
2011 101 0 0 0 0 0 0 0 0 65 42 0 0 4
2012 32 1 780174501 0 0 15 0 0 0 65 42 0 0 0
2013 119 1 780174501 0 0 15 0 0 0 65 42 0 0 1
2014 105 1 780174501 0 0 15 0 0 0 65 42 0 0 2
2015 116 1 780174501 0 0 15 0 0 0 65 42 0 0 3
2016 104 1 780174501 0 0 15 0 0 0 65 42 0 0 4
2017 32 2 3730819560 65536 0 248 0 0 0 65 42 0 0 0
2018 110 2 3730819560 65536 0 248 0 0 0 65 42 0 0 1
2019 117 2 3730819560 65536 0 248 0 0 0 65 42 0 0 2
2020 109 2 3730819560 65536 0 248 0 0 0 65 42 0 0 3
2021 98 2 3730819560 65536 0 248 0 0 0 65 42 0 0 4
2022 101 2 3730819560 65536 0 248 0 0 0 65 42 0 0 5
2023 114 2 3730819560 65536 0 248 0 0 0 65 42 0 0 6
2024 115 2 3730819560 65536 0 248 0 0 0 65 42 0 0 7
2025 32 3 3416096978 8 0 3978 0 0 0 65 42 0 0 0
2026 52 3 3416096978 8 0 3978 0 0 0 65 42 0 0 0
2027 50 3 3416096978 8 0 3978 0 0 0 65 42 0 0 0
2028 32 4 109458 131072 0 3978 0 0 0 65 42 0 0 0
2029 97 4 109458 131072 0 3978 0 0 0 65 42 0 0 1
2030 110 4 109458 131072 0 3978 0 0 0 65 42 0 0 2
2031 100 4 109458 131072 0 3978 0 0 0 65 42 0 0 3
2032 32 5 1895163044 32768 0 63655 0 0 0 65 42 0 0 0
2033 51 5 1895163044 32768 0 63655 0 0 0 65 42 0 0 0
2034 46 0 0 0 0 1018480 0 0 0 65 42 0 0 0
2035 49 0 0 0 0 1018480 0 0 0 65 42 0 0 0
2036 52 0 0 0 0 1018480 0 0 0 65 42 0 0 0
2037 32 1 103148 131072 0 1018480 0 0 0 65 42 0 0 0
2038 97 1 103148 131072 0 1018480 0 0 0 65 42 0 0 1
2039 110 1 103148 131072 0 1018480 0 0 0 65 42 0 0 2
2040 100 1 103148 131072 0 1018480 0 0 0 65 42 0 0 3
2041 32 2 1895163044 32768 0 16295687 0 0 0 65 42 0 0 0
2042 49 2 1895163044 32768 0 16295687 0 0 0 65 42 0 0 0
2043 44 3 49 131072 0 16295687 0 0 0 65 42 0 0 0
2044 48 3 49 131072 0 16295687 0 0 0 65 42 0 0 0
2045 48 3 49 131072 0 16295687 0 0 0 65 42 0 0 0
2046 48 3 49 131072 0 16295687 0 0 0 65 42 0 0 0
2047 46 0 0 0 0 260730992 0 0 0 65 42 0 0 0
2048 10 0 0 0 0 0 0 0 0 0 42 0 0 0
2049 38 0 0 0 0 0 0 0 0 38 42 0 0 0
2050 110 0 0 0 0 0 0 0 0 38 42 0 0 1
2051 98 0 0 0 0 0 0 0 0 38 42 0 0 2
2052 115 0 0 0 0 0 0 0 0 38 42 0 0 3
2053 112 0 0 0 0 0 0 0 0 38 42 0 0 4
2054 59 1 2773142800 0 0 15 0 0 0 38 42 0 0 0
2055 32 1 2773142800 0 0 15 0 0 0 38 42 0 0 0
2056 115 1 2773142800 0 0 15 0 0 0 38 42 0 0 1
2057 111 1 2773142800 0 0 15 0 0 0 38 42 0 0 2
2058 109 1 2773142800 0 0 15 0 0 0 38 42 0 0 3
2059 101 1 2773142800 0 0 15 0 0 0 38 42 0 0 4
2060 32 2 3473243077 0 0 255 0 0 0 38 42 0 0 0
2061 38 2 3473243077 0 0 255 0 0 0 38 42 0 0 0
2062 97 2 3473243077 0 0 255 0 0 0 38 42 0 0 1
2063 109 2 3473243077 0 0 255 0 0 0 38 42 0 0 2
2064 112 2 3473243077 0 0 255 0 0 0 38 42 0 0 3
2065 59 3 1895154640 0 0 4095 0 0 0 38 42 0 0 0
2066 32 3 1895154640 0 0 4095 0 0 0 38 42 0 0 0
2067 101 3 1895154640 0 0 4095 0 0 0 38 42 0 0 1
2068 110 3 1895154640 0 0 4095 0 0 0 38 42 0 0 2
2069 116 3 1895154640 0 0 4095 0 0 0 38 42 0 0 3
2070 105 3 1895154640 0 0 4095 0 0 0 38 42 0 0 4
2071 116 3 1895154640 0 0 4095 0 0 0 38 42 0 0 5
2072 105 3 1895154640 0 0 4095 0 0 0 38 42 0 0 6
2073 101 3 1895154640 0 0 4095 0 0 0 38 42 0 0 7
2074 115 3 1895154640 0 0 4095 0 0 0 38 42 0 0 8
2075 32 4 1475168745 8 0 65530 0 0 0 38 42 0 0 0
2076 38 4 1475168745 8 0 65530 0 0 0 38 42 0 0 0
2077 108 4 1475168745 8 0 65530 0 0 0 38 42 0 0 1
2078 116 4 1475168745 8 0 65530 0 0 0 38 42 0 0 2
2079 59 5 1118458612 0 0 1048495 0 0 0 38 42 0 0 0
2080 116 5 1118458612 0 0 1048495 0 0 0 38 42 0 0 1
2081 97 5 1118458612 0 0 1048495 0 0 0 38 42 0 0 2
2082 103 5 1118458612 0 0 1048495 0 0 0 38 42 0 0 3
2083 38 6 3240805703 0 0 16775935 0 0 0 38 42 0 0 0
2084 103 6 3240805703 0 0 16775935 0 0 0 38 42 0 0 1
2085 116 6 3240805703 0 0 16775935 0 0 0 38 42 0 0 2
2086 59 7 1118416532 0 0 268414975 0 0 0 38 42 0 0 0
2087 10 0 0 0 0 0 0 0 0 0 42 0 0 0
2088 100 0 0 0 0 0 0 0 0 96 96 0 0 1
2089 111 0 0 0 0 0 0 0 0 96 96 0 0 2
2090 110 0 0 0 0 0 0 0 0 96 96 0 0 3
2091 39 0 0 0 0 0 0 0 0 96 96 0 0 4
2092 116 0 0 0 0 0 0 0 0 96 96 0 0 5
2093 32 1 1118391279 1024 0 13 0 0 0 96 96 0 0 0
2094 99 1 1118391279 1024 0 13 0 0 0 96 96 0 0 1
2095 97 1 1118391279 1024 0 13 0 0 0 96 96 0 0 2
2096 110 1 1118391279 1024 0 13 0 0 0 96 96 0 0 3
2097 39 1 1118391279 1024 0 13 0 0 0 96 96 0 0 4
2098 116 1 1118391279 1024 0 13 0 0 0 96 96 0 0 5
2099 32 2 2036711758 1024 0 221 0 0 0 96 96 0 0 0
2100 105 2 2036711758 1024 0 221 0 0 0 96 96 0 0 1
2101 116 2 2036711758 1024 0 221 0 0 0 96 96 0 0 2
2102 39 2 2036711758 1024 0 221 0 0 0 96 96 0 0 3
2103 115 2 2036711758 1024 0 221 0 0 0 96 96 0 0 4
2104 32 3 1118433364 1048584 0 3546 0 0 0 96 96 0 0 0
2105 116 3 1118433364 1048584 0 3546 0 0 0 96 96 0 0 1
2106 104 3 1118433364 1048584 0 3546 0 0 0 96 96 0 0 2
2107 101 3 1118433364 1048584 0 3546 0 0 0 96 96 0 0 3
2108 32 4 3240864613 16384 0 56742 0 0 0 96 96 0 0 0
2109 99 4 3240864613 16384 0 56742 0 0 0 96 96 0 0 1
2110 97 4 3240864613 16384 0 56742 0 0 0 96 96 0 0 2
2111 116 4 3240864613 16384 0 56742 0 0 0 96 96 0 0 3
2112 32 4 2036711764 2 0 907874 0 0 0 96 96 0 0 0
2113 115 4 2036711764 2 0 907874 0 0 0 96 96 0 0 1
2114 97 4 2036711764 2 0 907874 0 0 0 96 96 0 0 2
2115 116 4 2036711764 2 0 907874 0 0 0 96 96 0 0 3
2116 32 5 3169976660 0 0 14525999 0 0 0 96 96 0 0 0
2117 111 5 3169976660 0 0 14525999 0 0 0 96 96 0 0 1
2118 110 5 3169976660 0 0 14525999 0 0 0 96 96 0 0 2
2119 32 6 1118483854 65536 0 232415992 0 0 0 96 96 0 0 0
2120 116 6 1118483854 65536 0 232415992 0 0 0 96 96 0 0 1
2121 104 6 1118483854 65536 0 232415992 0 0 0 96 96 0 0 2
2122 101 6 1118483854 65536 0 232415992 0 0 0 96 96 0 0 3
2123 32 7 3240864613 16384 0 3718655878 0 0 0 96 96 0 0 0
2124 109 7 3240864613 16384 0 3718655878 0 0 0 96 96 0 0 1
2125 97 7 3240864613 16384 0 3718655878 0 0 0 96 96 0 0 2
2126 116 7 3240864613 16384 0 3718655878 0 0 0 96 96 0 0 3
2127 46 0 0 0 0 2788132384 0 0 0 96 96 0 0 0
2128 10 0 0 0 0 0 0 0 0 0 96 0 0 0
2129 195 0 0 0 0 0 0 0 0 96 96 0 0 0
2130 207 0 0 0 0 0 0 0 0 96 96 0 0 0
2131 254 0 0 0 0 0 0 0 0 96 96 0 0 0
2132 44 0 0 0 0 0 0 0 0 96 96 0 0 0
2133 195 0 0 0 0 0 0 0 0 96 96 0 0 0
2134 44 0 0 0 0 0 0 0 0 96 96 0 0 0
2135 184 0 0 0 0 0 0 0 0 96 96 0 0 0
2136 46 0 0 0 0 0 0 0 0 96 96 0 0 0
2137 128 0 0 0 0 0 0 0 0 96 96 0 0 0
2138 32 0 0 0 0 0 0 0 0 96 96 0 0 0
2139 156 0 0 0 0 0 0 0 0 96 96 0 0 0
2140 10 0 0 0 0 0 0 0 0 0 96 0 0 0
2141 253 0 0 0 0 0 0 0 0 96 96 0 0 0
2142 174 0 0 0 0 0 0 0 0 96 96 0 0 0
2143 46 0 0 0 0 0 0 0 0 96 96 0 0 0
2144 181 0 0 0 0 0 0 0 0 96 96 0 0 0
2145 204 0 0 0 0 0 0 0 0 96 96 0 0 0
2146 46 0 0 0 0 0 0 0 0 96 96 0 0 0
2147 147 0 0 0 0 0 0 0 0 96 96 0 0 0
2148 205 0 0 0 0 0 0 0 0 96 96 0 0 0
2149 46 0 0 0 0 0 0 0 0 96 96 0 0 0
2150 119 0 0 0 0 0 0 0 0 96 96 0 0 1
2151 111 0 0 0 0 0 0 0 0 96 96 0 0 2
2152 114 0 0 0 0 0 0 0 0 96 96 0 0 3
2153 100 0 0 0 0 0 0 0 0 96 96 0 0 4
2154 53 1 4155777060 0 0 15 0 0 0 96 96 0 0 0
2155 32 2 53 131072 0 15 0 0 0 96 96 0 0 0
2156 97 2 53 131072 0 15 0 0 0 96 96 0 0 1
2157 110 2 53 131072 0 15 0 0 0 96 96 0 0 2
2158 111 2 53 131072 0 15 0 0 0 96 96 0 0 3
2159 116 2 53 131072 0 15 0 0 0 96 96 0 0 4
2160 104 2 53 131072 0 15 0 0 0 96 96 0 0 5
2161 101 2 53 131072 0 15 0 0 0 96 96 0 0 6
2162 114 2 53 131072 0 15 0 0 0 96 96 0 0 7
2163 32 3 91021800 0 0 255 0 0 0 96 96 0 0 0
2164 91 3 91021800 0 0 255 0 0 0 96 91 0 0 0
2165 91 3 91021800 0 0 255 0 0 0 96 91 0 0 0
2166 65 3 91021800 0 0 255 0 0 0 96 91 0 0 0
2167 110 3 91021800 0 0 255 0 0 0 96 91 0 0 1
2168 110 3 91021800 0 0 255 0 0 0 96 91 0 0 2
2169 97 3 91021800 0 0 255 0 0 0 96 91 0 0 3
2170 93 4 2815940769 0 0 4095 0 0 0 96 91 0 0 0
2171 93 4 2815940769 0 0 4095 0 0 0 96 96 0 0 0
2172 32 4 2815940769 0 0 4095 0 0 0 96 96 0 0 0
2173 119 4 2815940769 0 0 4095 0 0 0 96 96 0 0 1
2174 97 4 2815940769 0 0 4095 0 0 0 96 96 0 0 2
2175 115 4 2815940769 0 0 4095 0 0 0 96 96 0 0 3
2176 32 5 3453292883 1 0 65521 3453292883 0 0 96 96 0 0 0
2177 97 5 3453292883 1 0 65521 3453292883 0 0 96 96 0 0 1
2178 32 6 1950627777 16384 0 1048342 3453292883 0 0 96 96 0 0 0
2179 39 6 1950627777 16384 0 1048342 3453292883 0 0 96 96 0 0 1
2180 39 7 1950627719 0 0 16773487 3453292883 0 0 96 96 0 0 0
2181 39 7 1950627719 0 0 16773487 3453292883 0 0 96 96 0 0 0
2182 113 7 1950627719 0 0 16773487 3453292883 0 0 96 96 0 0 1
2183 117 7 1950627719 0 0 16773487 3453292883 0 0 96 96 0 0 2
2184 101 7 1950627719 0 0 16773487 3453292883 0 0 96 96 0 0 3
2185 101 7 1950627719 0 0 16773487 3453292883 0 0 96 96 0 0 4
2186 110 7 1950627719 0 0 16773487 3453292883 0 0 96 96 0 0 5
2187 39 7 1950627719 0 0 16773487 3453292883 0 0 96 96 0 0 6
2188 39 8 3278097614 8 0 268375802 3453292883 0 0 96 96 0 0 0
2189 39 8 3278097614 8 0 268375802 3453292883 0 0 96 96 0 0 0
2190 32 8 3278097614 8 0 268375802 3453292883 0 0 96 96 0 0 0
2191 111 8 3278097614 8 0 268375802 3453292883 0 0 96 96 0 0 1
2192 102 8 3278097614 8 0 268375802 3453292883 0 0 96 96 0 0 2
2193 32 9 1118483846 65536 0 4294012840 3453292883 0 0 96 96 0 0 0
2194 91 9 1118483846 65536 0 4294012840 3453292883 0 0 96 91 0 0 0
2195 91 9 1118483846 65536 0 4294012840 3453292883 0 0 96 91 0 0 0
2196 70 9 1118483846 65536 0 4294012840 3453292883 0 0 96 91 0 0 0
2197 114 9 1118483846 65536 0 4294012840 3453292883 0 0 96 91 0 0 1
2198 97 9 1118483846 65536 0 4294012840 3453292883 0 0 96 91 0 0 2
2199 110 9 1118483846 65536 0 4294012840 3453292883 0 0 96 91 0 0 3
2200 99 9 1118483846 65536 0 4294012840 3453292883 0 0 96 91 0 0 4
2201 101 9 1118483846 65536 0 4294012840 3453292883 0 0 96 91 0 0 5
2202 93 10 3384763555 0 0 4279696015 3453292883 0 0 96 91 0 0 0
2203 93 10 3384763555 0 0 4279696015 3453292883 0 0 96 96 0 0 0
2204 32 10 3384763555 0 0 4279696015 3453292883 0 0 96 96 0 0 0
2205 105 10 3384763555 0 0 4279696015 3453292883 0 0 96 96 0 0 1
2206 110 10 3384763555 0 0 4279696015 3453292883 0 0 96 96 0 0 2
2207 32 11 1118433358 65536 0 4050626808 3453292883 0 0 96 96 0 0 0
2208 49 11 1118433358 65536 0 4050626808 3453292883 0 0 96 96 0 0 0
2209 55 11 1118433358 65536 0 4050626808 3453292883 0 0 96 96 0 0 0
2210 56 11 1118433358 65536 0 4050626808 3453292883 0 0 96 96 0 0 0
2211 57 11 1118433358 65536 0 4050626808 3453292883 0 0 96 96 0 0 0
2212 46 0 0 0 0 385519488 3453292883 0 0 96 96 0 0 0
2213 10 0 0 0 0 0 0 0 0 0 96 0 0 0
2214 61 0 0 0 0 0 0 0 0 61 96 0 0 0
2215 61 0 0 0 0 0 0 0 0 61 96 0 0 0
2216 32 0 0 0 0 0 0 0 0 61 96 0 0 0
2217 72 0 0 0 0 0 0 0 0 61 96 0 0 0
2218 105 0 0 0 0 0 0 0 0 61 96 0 0 1
2219 115 0 0 0 0 0 0 0 0 61 96 0 0 2
2220 116 0 0 0 0 0 0 0 0 61 96 0 0 3
2221 111 0 0 0 0 0 0 0 0 61 96 0 0 4
2222 114 0 0 0 0 0 0 0 0 61 96 0 0 5
2223 121 0 0 0 0 0 0 0 0 61 96 0 0 6
2224 32 1 1469161513 0 0 15 0 0 0 61 96 0 0 0
2225 61 1 1469161513 0 0 15 0 0 0 61 96 0 0 0
2226 61 1 1469161513 0 0 15 0 0 0 61 96 0 0 0
2227 10 0 0 0 0 0 0 0 0 0 96 0 0 0
2228 42 0 0 0 0 0 0 0 0 42 42 0 0 0
2229 32 0 0 0 0 0 0 0 0 42 42 0 0 0
2230 105 0 0 0 0 0 0 0 0 96 42 0 0 1
2231 116 0 0 0 0 0 0 0 0 96 42 0 0 2
2232 101 0 0 0 0 0 0 0 0 96 42 0 0 3
2233 109 0 0 0 0 0 0 0 0 96 42 0 0 4
2234 32 1 4268574925 0 0 15 0 0 0 96 42 0 0 0
2235 111 1 4268574925 0 0 15 0 0 0 96 42 0 0 1
2236 110 1 4268574925 0 0 15 0 0 0 96 42 0 0 2
2237 101 1 4268574925 0 0 15 0 0 0 96 42 0 0 3
2238 32 2 2886769829 131072 0 254 0 0 0 96 42 0 0 0
2239 40 2 2886769829 131072 0 254 0 0 0 96 42 0 0 0
2240 102 2 2886769829 131072 0 254 0 0 0 96 42 0 0 1
2241 105 2 2886769829 131072 0 254 0 0 0 96 42 0 0 2
2242 114 2 2886769829 131072 0 254 0 0 0 96 42 0 0 3
2243 115 2 2886769829 131072 0 254 0 0 0 96 42 0 0 4
2244 116 2 2886769829 131072 0 254 0 0 0 96 42 0 0 5
2245 41 2 2886769829 131072 0 65264 0 0 0 96 42 0 0 0
2246 10 0 0 0 0 0 0 0 0 0 42 0 0 0
2247 42 0 0 0 0 0 0 0 0 42 42 0 0 0
2248 32 0 0 0 0 0 0 0 0 42 42 0 0 0
2249 105 0 0 0 0 0 0 0 0 96 42 0 0 1
2250 116 0 0 0 0 0 0 0 0 96 42 0 0 2
2251 101 0 0 0 0 0 0 0 0 96 42 0 0 3
2252 109 0 0 0 0 0 0 0 0 96 42 0 0 4
2253 32 1 4268574925 0 0 15 0 0 0 96 42 0 0 0
2254 116 1 4268574925 0 0 15 0 0 0 96 42 0 0 1
2255 119 1 4268574925 0 0 15 0 0 0 96 42 0 0 2
2256 111 1 4268574925 0 0 15 0 0 0 96 42 0 0 3
2257 32 2 3240990863 131072 0 254 0 0 0 96 42 0 0 0
2258 91 2 3240990863 131072 0 254 0 0 0 96 91 0 0 0
2259 104 2 3240990863 131072 0 254 0 0 0 96 91 0 0 1
2260 116 2 3240990863 131072 0 254 0 0 0 96 91 0 0 2
2261 116 2 3240990863 131072 0 254 0 0 0 96 91 0 0 3
2262 112 2 3240990863 131072 0 254 0 0 0 96 91 0 0 4
2263 58 3 876852720 0 0 4079 0 0 0 96 91 0 0 0
2264 47 3 876852720 0 0 4079 0 0 0 96 91 0 0 0
2265 47 3 876852720 0 0 4079 0 0 0 96 91 0 0 0
2266 101 3 876852720 0 0 4079 0 0 0 96 91 0 0 1
2267 120 3 876852720 0 0 4079 0 0 0 96 91 0 0 2
2268 97 3 876852720 0 0 4079 0 0 0 96 91 0 0 3
2269 109 3 876852720 0 0 4079 0 0 0 96 91 0 0 4
2270 112 3 876852720 0 0 4079 0 0 0 96 91 0 0 5
2271 108 3 876852720 0 0 4079 0 0 0 96 91 0 0 6
2272 101 3 876852720 0 0 4079 0 0 0 96 91 0 0 7
2273 46 4 3291829868 0 0 1044464 0 0 0 96 91 0 0 0
2274 111 4 3291829868 0 0 1044464 0 0 0 96 91 0 0 1
2275 114 4 3291829868 0 0 1044464 0 0 0 96 91 0 0 2
2276 103 4 3291829868 0 0 1044464 0 0 0 96 91 0 0 3
2277 32 5 2886803495 0 0 16711439 0 0 0 96 91 0 0 0
2278 108 5 2886803495 0 0 16711439 0 0 0 96 91 0 0 1
2279 105 5 2886803495 0 0 16711439 0 0 0 96 91 0 0 2
2280 110 5 2886803495 0 0 16711439 0 0 0 96 91 0 0 3
2281 107 5 2886803495 0 0 16711439 0 0 0 96 91 0 0 4
2282 93 6 780174507 0 0 267383039 0 0 0 96 42 0 0 0
2283 32 6 780174507 0 0 267383039 0 0 1 64 42 0 0 0
2284 116 6 780174507 0 0 267383039 0 0 1 64 42 0 0 1
2285 101 6 780174507 0 0 267383039 0 0 1 64 42 0 0 2
2286 120 6 780174507 0 0 267383039 0 0 1 64 42 0 0 3
2287 116 6 780174507 0 0 267383039 0 0 1 64 42 0 0 4
2288 10 0 0 0 0 0 0 0 0 0 42 0 0 0
2289 84 0 0 0 0 0 0 0 0 84 42 0 0 0
2290 104 0 0 0 0 0 0 0 0 84 42 0 0 1
2291 101 0 0 0 0 0 0 0 0 84 42 0 0 2
2292 32 1 1118424933 2048 0 4 0 0 0 84 42 0 0 0
2293 123 1 1118424933 2048 0 4 0 0 0 84 42 0 0 0
2294 123 1 1118424933 2048 0 4 0 0 0 84 42 0 0 0
2295 99 1 1118424933 2048 0 4 0 0 0 84 42 0 0 1
2296 105 1 1118424933 2048 0 4 0 0 0 84 42 0 0 2
2297 116 1 1118424933 2048 0 4 0 0 0 84 42 0 0 3
2298 101 1 1118424933 2048 0 4 0 0 0 84 42 0 0 4
2299 124 2 318360037 0 0 79 0 0 0 84 42 0 0 0
2300 121 2 318360037 0 0 79 0 0 0 84 42 0 0 1
2301 101 2 318360037 0 0 79 0 0 0 84 42 0 0 2
2302 97 2 318360037 0 0 79 0 0 0 84 42 0 0 3
2303 114 2 318360037 0 0 79 0 0 0 84 42 0 0 4
2304 61 3 1641105746 0 0 1279 0 0 0 84 42 0 0 0
2305 49 3 1641105746 0 0 1279 0 0 0 84 42 0 0 0
2306 56 3 1641105746 0 0 1279 0 0 0 84 42 0 0 0
2307 48 3 1641105746 0 0 1279 0 0 0 84 42 0 0 0
2308 49 3 1641105746 0 0 1279 0 0 0 84 42 0 0 0
2309 125 4 1368491697 131072 0 1279 0 0 0 84 42 0 0 0
2310 125 4 1368491697 131072 0 1279 0 0 0 84 42 0 0 0
2311 32 4 1368491697 131072 0 1279 0 0 0 84 42 0 0 0
2312 115 4 1368491697 131072 0 1279 0 0 0 84 42 0 0 1
2313 97 4 1368491697 131072 0 1279 0 0 0 84 42 0 0 2
2314 105 4 1368491697 131072 0 1279 0 0 0 84 42 0 0 3
2315 100 4 1368491697 131072 0 1279 0 0 0 84 42 0 0 4
2316 58 5 2481602628 0 0 20479 0 0 0 84 42 0 0 0
2317 32 5 2481602628 0 0 20479 0 0 0 84 42 0 0 0
2318 34 5 2481602628 0 0 20479 0 0 0 84 42 0 0 0
2319 104 5 2481602628 0 0 20479 0 0 0 84 42 0 0 1
2320 101 5 2481602628 0 0 20479 0 0 0 84 42 0 0 2
2321 108 5 2481602628 0 0 20479 0 0 0 84 42 0 0 3
2322 108 5 2481602628 0 0 20479 0 0 0 84 42 0 0 4
2323 111 5 2481602628 0 0 20479 0 0 0 84 42 0 0 5
2324 44 6 933891823 0 0 327679 0 0 0 84 42 0 0 0
2325 32 6 933891823 0 0 327679 0 0 0 84 42 0 0 0
2326 119 6 933891823 0 0 327679 0 0 0 84 42 0 0 1
2327 111 6 933891823 0 0 327679 0 0 0 84 42 0 0 2
2328 114 6 933891823 0 0 327679 0 0 0 84 42 0 0 3
2329 108 6 933891823 0 0 327679 0 0 0 84 42 0 0 4
2330 100 6 933891823 0 0 327679 0 0 0 84 42 0 0 5
2331 33 7 1101113060 0 0 5242879 0 0 0 84 42 0 0 0
2332 34 7 1101113060 0 0 5242879 0 0 0 84 42 0 0 0
2333 10 0 0 0 0 0 0 0 0 0 42 0 0 0
2334 60 0 0 0 0 0 0 0 0 60 42 0 0 0
2335 114 0 0 0 0 0 0 0 0 60 42 0 0 1
2336 101 0 0 0 0 0 0 0 0 60 42 0 0 2
2337 102 0 0 0 0 0 0 0 0 60 42 0 0 3
2338 62 1 3099181254 0 0 15 0 0 0 60 42 0 0 0
2339 110 1 3099181254 0 0 15 0 0 0 60 42 0 0 1
2340 111 1 3099181254 0 0 15 0 0 0 60 42 0 0 2
2341 116 1 3099181254 0 0 15 0 0 0 60 42 0 0 3
2342 101 1 3099181254 0 0 15 0 0 0 60 42 0 0 4
2343 32 2 3693928933 0 0 255 0 0 0 60 42 0 0 0
2344 49 2 3693928933 0 0 255 0 0 0 60 42 0 0 0
2345 50 2 3693928933 0 0 255 0 0 0 60 42 0 0 0
2346 44 3 103146 131072 0 255 0 0 0 60 42 0 0 0
2347 51 3 103146 131072 0 255 0 0 0 60 42 0 0 0
2348 52 3 103146 131072 0 255 0 0 0 60 42 0 0 0
2349 53 3 103146 131072 0 255 0 0 0 60 42 0 0 0
2350 46 0 0 0 0 4080 0 0 0 60 42 0 0 0
2351 54 0 0 0 0 4080 0 0 0 60 42 0 0 0
2352 55 0 0 0 0 4080 0 0 0 60 42 0 0 0
2353 32 1 113671 131072 0 4080 0 0 0 60 42 0 0 0
2354 104 1 113671 131072 0 4080 0 0 0 60 42 0 0 1
2355 101 1 113671 131072 0 4080 0 0 0 60 42 0 0 2
2356 114 1 113671 131072 0 4080 0 0 0 60 42 0 0 3
2357 101 1 113671 131072 0 4080 0 0 0 60 42 0 0 4
2358 60 2 4109367333 0 0 65295 0 0 0 60 42 0 0 0
2359 47 2 4109367333 0 0 65295 0 0 0 60 42 0 0 0
2360 114 2 4109367333 0 0 65295 0 0 0 60 42 0 0 1
2361 101 2 4109367333 0 0 65295 0 0 0 60 42 0 0 2
2362 102 2 4109367333 0 0 65295 0 0 0 60 42 0 0 3
2363 62 3 3099181254 0 0 1044735 0 0 0 60 42 0 0 0
2364 10 0 0 0 0 0 0 0 0 0 42 0 0 0
2365 65 0 0 0 0 0 0 0 0 65 42 0 0 0
2366 32 0 0 0 0 0 0 0 0 65 42 0 0 0
2367 108 0 0 0 0 0 0 0 0 65 42 0 0 1
2368 105 0 0 0 0 0 0 0 0 65 42 0 0 2
2369 110 0 0 0 0 0 0 0 0 65 42 0 0 3
2370 101 0 0 0 0 0 0 0 0 65 42 0 0 4
2371 32 1 780174501 0 0 15 0 0 0 65 42 0 0 0
2372 119 1 780174501 0 0 15 0 0 0 65 42 0 0 1
2373 105 1 780174501 0 0 15 0 0 0 65 42 0 0 2
2374 116 1 780174501 0 0 15 0 0 0 65 42 0 0 3
2375 104 1 780174501 0 0 15 0 0 0 65 42 0 0 4
2376 32 2 3730819560 65536 0 248 0 0 0 65 42 0 0 0
2377 110 2 3730819560 65536 0 248 0 0 0 65 42 0 0 1
2378 117 2 3730819560 65536 0 248 0 0 0 65 42 0 0 2
2379 109 2 3730819560 65536 0 248 0 0 0 65 42 0 0 3
2380 98 2 3730819560 65536 0 248 0 0 0 65 42 0 0 4
2381 101 2 3730819560 65536 0 248 0 0 0 65 42 0 0 5
2382 114 2 3730819560 65536 0 248 0 0 0 65 42 0 0 6
2383 115 2 3730819560 65536 0 248 0 0 0 65 42 0 0 7
2384 32 3 3416096978 8 0 3978 0 0 0 65 42 0 0 0
2385 52 3 3416096978 8 0 3978 0 0 0 65 42 0 0 0
2386 50 3 3416096978 8 0 3978 0 0 0 65 42 0 0 0
2387 32 4 109458 131072 0 3978 0 0 0 65 42 0 0 0
2388 97 4 109458 131072 0 3978 0 0 0 65 42 0 0 1
2389 110 4 109458 131072 0 3978 0 0 0 65 42 0 0 2
2390 100 4 109458 131072 0 3978 0 0 0 65 42 0 0 3
2391 32 5 1895163044 32768 0 63655 0 0 0 65 42 0 0 0
2392 51 5 1895163044 32768 0 63655 0 0 0 65 42 0 0 0
2393 46 0 0 0 0 1018480 0 0 0 65 42 0 0 0
2394 49 0 0 0 0 1018480 0 0 0 65 42 0 0 0
2395 52 0 0 0 0 1018480 0 0 0 65 42 0 0 0
2396 32 1 103148 131072 0 1018480 0 0 0 65 42 0 0 0
2397 97 1 103148 131072 0 1018480 0 0 0 65 42 0 0 1
2398 110 1 103148 131072 0 1018480 0 0 0 65 42 0 0 2
2399 100 1 103148 131072 0 1018480 0 0 0 65 42 0 0 3
2400 32 2 1895163044 32768 0 16295687 0 0 0 65 42 0 0 0
2401 49 2 1895163044 32768 0 16295687 0 0 0 65 42 0 0 0
2402 44 3 49 131072 0 16295687 0 0 0 65 42 0 0 0
2403 48 3 49 131072 0 16295687 0 0 0 65 42 0 0 0
2404 48 3 49 131072 0 16295687 0 0 0 65 42 0 0 0
2405 48 3 49 131072 0 16295687 0 0 0 65 42 0 0 0
2406 46 0 0 0 0 260730992 0 0 0 65 42 0 0 0
2407 10 0 0 0 0 0 0 0 0 0 42 0 0 0
2408 38 0 0 0 0 0 0 0 0 38 42 0 0 0
2409 110 0 0 0 0 0 0 0 0 38 42 0 0 1
2410 98 0 0 0 0 0 0 0 0 38 42 0 0 2
2411 115 0 0 0 0 0 0 0 0 38 42 0 0 3
2412 112 0 0 0 0 0 0 0 0 38 42 0 0 4
2413 59 1 2773142800 0 0 15 0 0 0 38 42 0 0 0
2414 32 1 2773142800 0 0 15 0 0 0 38 42 0 0 0
2415 115 1 2773142800 0 0 15 0 0 0 38 42 0 0 1
2416 111 1 2773142800 0 0 15 0 0 0 38 42 0 0 2
2417 109 1 2773142800 0 0 15 0 0 0 38 42 0 0 3
2418 101 1 2773142800 0 0 15 0 0 0 38 42 0 0 4
2419 32 2 3473243077 0 0 255 0 0 0 38 42 0 0 0
2420 38 2 3473243077 0 0 255 0 0 0 38 42 0 0 0
2421 97 2 3473243077 0 0 255 0 0 0 38 42 0 0 1
2422 109 2 3473243077 0 0 255 0 0 0 38 42 0 0 2
2423 112 2 3473243077 0 0 255 0 0 0 38 42 0 0 3
2424 59 3 1895154640 0 0 4095 0 0 0 38 42 0 0 0
2425 32 3 1895154640 0 0 4095 0 0 0 38 42 0 0 0
2426 101 3 1895154640 0 0 4095 0 0 0 38 42 0 0 1
2427 110 3 1895154640 0 0 4095 0 0 0 38 42 0 0 2
2428 116 3 1895154640 0 0 4095 0 0 0 38 42 0 0 3
2429 105 3 1895154640 0 0 4095 0 0 0 38 42 0 0 4
2430 116 3 1895154640 0 0 4095 0 0 0 38 42 0 0 5
2431 105 3 1895154640 0 0 4095 0 0 0 38 42 0 0 6
2432 101 3 1895154640 0 0 4095 0 0 0 38 42 0 0 7
2433 115 3 1895154640 0 0 4095 0 0 0 38 42 0 0 8
2434 32 4 1475168745 8 0 65530 0 0 0 38 42 0 0 0
2435 38 4 1475168745 8 0 65530 0 0 0 38 42 0 0 0
2436 108 4 1475168745 8 0 65530 0 0 0 38 42 0 0 1
2437 116 4 1475168745 8 0 65530 0 0 0 38 42 0 0 2
2438 59 5 1118458612 0 0 1048495 0 0 0 38 42 0 0 0
2439 116 5 1118458612 0 0 1048495 0 0 0 38 42 0 0 1
2440 97 5 1118458612 0 0 1048495 0 0 0 38 42 0 0 2
2441 103 5 1118458612 0 0 1048495 0 0 0 38 42 0 0 3
2442 38 6 3240805703 0 0 16775935 0 0 0 38 42 0 0 0
2443 103 6 3240805703 0 0 16775935 0 0 0 38 42 0 0 1
2444 116 6 3240805703 0 0 16775935 0 0 0 38 42 0 0 2
2445 59 7 1118416532 0 0 268414975 0 0 0 38 42 0 0 0
2446 10 0 0 0 0 0 0 0 0 0 42 0 0 0
2447 100 0 0 0 0 0 0 0 0 96 96 0 0 1
2448 111 0 0 0 0 0 0 0 0 96 96 0 0 2
2449 110 0 0 0 0 0 0 0 0 96 96 0 0 3
2450 39 0 0 0 0 0 0 0 0 96 96 0 0 4
2451 116 0 0 0 0 0 0 0 0 96 96 0 0 5
2452 32 1 1118391279 1024 0 13 0 0 0 96 96 0 0 0
2453 99 1 1118391279 1024 0 13 0 0 0 96 96 0 0 1
2454 97 1 1118391279 1024 0 13 0 0 0 96 96 0 0 2
2455 110 1 1118391279 1024 0 13 0 0 0 96 96 0 0 3
2456 39 1 1118391279 1024 0 13 0 0 0 96 96 0 0 4
2457 116 1 1118391279 1024 0 13 0 0 0 96 96 0 0 5
2458 32 2 2036711758 1024 0 221 0 0 0 96 96 0 0 0
2459 105 2 2036711758 1024 0 221 0 0 0 96 96 0 0 1
2460 116 2 2036711758 1024 0 221 0 0 0 96 96 0 0 2
2461 39 2 2036711758 1024 0 221 0 0 0 96 96 0 0 3
2462 115 2 2036711758 1024 0 221 0 0 0 96 96 0 0 4
2463 32 3 1118433364 1048584 0 3546 0 0 0 96 96 0 0 0
2464 116 3 1118433364 1048584 0 3546 0 0 0 96 96 0 0 1
2465 104 3 1118433364 1048584 0 3546 0 0 0 96 96 0 0 2
2466 101 3 1118433364 1048584 0 3546 0 0 0 96 96 0 0 3
2467 32 4 3240864613 16384 0 56742 0 0 0 96 96 0 0 0
2468 99 4 3240864613 16384 0 56742 0 0 0 96 96 0 0 1
2469 97 4 3240864613 16384 0 56742 0 0 0 96 96 0 0 2
2470 116 4 3240864613 16384 0 56742 0 0 0 96 96 0 0 3
2471 32 4 2036711764 2 0 907874 0 0 0 96 96 0 0 0
2472 115 4 2036711764 2 0 907874 0 0 0 96 96 0 0 1
2473 97 4 2036711764 2 0 907874 0 0 0 96 96 0 0 2
2474 116 4 2036711764 2 0 907874 0 0 0 96 96 0 0 3
2475 32 5 3169976660 0 0 14525999 0 0 0 96 96 0 0 0
2476 111 5 3169976660 0 0 14525999 0 0 0 96 96 0 0 1
2477 110 5 3169976660 0 0 14525999 0 0 0 96 96 0 0 2
2478 32 6 1118483854 65536 0 232415992 0 0 0 96 96 0 0 0
2479 116 6 1118483854 65536 0 232415992 0 0 0 96 96 0 0 1
2480 104 6 1118483854 65536 0 232415992 0 0 0 96 96 0 0 2
2481 101 6 1118483854 65536 0 232415992 0 0 0 96 96 0 0 3
2482 32 7 3240864613 16384 0 3718655878 0 0 0 96 96 0 0 0
2483 109 7 3240864613 16384 0 3718655878 0 0 0 96 96 0 0 1
2484 97 7 3240864613 16384 0 3718655878 0 0 0 96 96 0 0 2
2485 116 7 3240864613 16384 0 3718655878 0 0 0 96 96 0 0 3
2486 46 0 0 0 0 2788132384 0 0 0 96 96 0 0 0
2487 10 0 0 0 0 0 0 0 0 0 96 0 0 0
2488 235 0 0 0 0 0 0 0 0 96 96 0 0 0
2489 10 0 0 0 0 0 0 0 0 0 96 0 0 0
2490 148 0 0 0 0 0 0 0 0 96 96 0 0 0
2491 10 0 0 0 0 0 0 0 0 0 96 0 0 0
2492 187 0 0 0 0 0 0 0 0 96 96 0 0 0
2493 213 0 0 0 0 0 0 0 0 96 96 0 0 0
2494 44 0 0 0 0 0 0 0 0 96 96 0 0 0
2495 131 0 0 0 0 0 0 0 0 96 96 0 0 0
2496 10 0 0 0 0 0 0 0 0 0 96 0 0 0
2497 136 0 0 0 0 0 0 0 0 96 96 0 0 0
2498 46 0 0 0 0 0 0 0 0 96 96 0 0 0
2499 209 0 0 0 0 0 0 0 0 96 96 0 0 0
2500 138 0 0 0 0 0 0 0 0 96 96 0 0 0
2501 10 0 0 0 0 0 0 0 0 0 96 0 0 0
2502 252 0 0 0 0 0 0 0 0 96 96 0 0 0
2503 10 0 0 0 0 0 0 0 0 0 96 0 0 0
2504 180 0 0 0 0 0 0 0 0 96 96 0 0 0
2505 194 0 0 0 0 0 0 0 0 96 96 0 0 0
2506 219 0 0 0 0 0 0 0 0 96 96 0 0 0
2507 10 0 0 0 0 0 0 0 0 0 96 0 0 0
2508 119 0 0 0 0 0 0 0 0 96 96 0 0 1
2509 111 0 0 0 0 0 0 0 0 96 96 0 0 2
2510 114 0 0 0 0 0 0 0 0 96 96 0 0 3
2511 100 0 0 0 0 0 0 0 0 96 96 0 0 4
2512 54 1 4155777060 0 0 15 0 0 0 96 96 0 0 0
2513 32 2 54 131072 0 15 0 0 0 96 96 0 0 0
2514 97 2 54 131072 0 15 0 0 0 96 96 0 0 1
2515 110 2 54 131072 0 15 0 0 0 96 96 0 0 2
2516 111 2 54 131072 0 15 0 0 0 96 96 0 0 3
2517 116 2 54 131072 0 15 0 0 0 96 96 0 0 4
2518 104 2 54 131072 0 15 0 0 0 96 96 0 0 5
2519 101 2 54 131072 0 15 0 0 0 96 96 0 0 6
2520 114 2 54 131072 0 15 0 0 0 96 96 0 0 7
2521 32 3 91021800 0 0 255 0 0 0 96 96 0 0 0
2522 91 3 91021800 0 0 255 0 0 0 96 91 0 0 0
2523 91 3 91021800 0 0 255 0 0 0 96 91 0 0 0
2524 65 3 91021800 0 0 255 0 0 0 96 91 0 0 0
2525 110 3 91021800 0 0 255 0 0 0 96 91 0 0 1
2526 110 3 91021800 0 0 255 0 0 0 96 91 0 0 2
2527 97 3 91021800 0 0 255 0 0 0 96 91 0 0 3
2528 93 4 2815940769 0 0 4095 0 0 0 96 91 0 0 0
2529 93 4 2815940769 0 0 4095 0 0 0 96 96 0 0 0
2530 32 4 2815940769 0 0 4095 0 0 0 96 96 0 0 0
2531 119 4 2815940769 0 0 4095 0 0 0 96 96 0 0 1
2532 97 4 2815940769 0 0 4095 0 0 0 96 96 0 0 2
2533 115 4 2815940769 0 0 4095 0 0 0 96 96 0 0 3
2534 32 5 3453292883 1 0 65521 3453292883 0 0 96 96 0 0 0
2535 97 5 3453292883 1 0 65521 3453292883 0 0 96 96 0 0 1
2536 32 6 1950627777 16384 0 1048342 3453292883 0 0 96 96 0 0 0
2537 39 6 1950627777 16384 0 1048342 3453292883 0 0 96 96 0 0 1
2538 39 7 1950627719 0 0 16773487 3453292883 0 0 96 96 0 0 0
2539 39 7 1950627719 0 0 16773487 3453292883 0 0 96 96 0 0 0
2540 113 7 1950627719 0 0 16773487 3453292883 0 0 96 96 0 0 1
2541 117 7 1950627719 0 0 16773487 3453292883 0 0 96 96 0 0 2
2542 101 7 1950627719 0 0 16773487 3453292883 0 0 96 96 0 0 3
2543 101 7 1950627719 0 0 16773487 3453292883 0 0 96 96 0 0 4
2544 110 7 1950627719 0 0 16773487 3453292883 0 0 96 96 0 0 5
2545 39 7 1950627719 0 0 16773487 3453292883 0 0 96 96 0 0 6
2546 39 8 3278097614 8 0 268375802 3453292883 0 0 96 96 0 0 0
2547 39 8 3278097614 8 0 268375802 3453292883 0 0 96 96 0 0 0
2548 32 8 3278097614 8 0 268375802 3453292883 0 0 96 96 0 0 0
2549 111 8 3278097614 8 0 268375802 3453292883 0 0 96 96 0 0 1
2550 102 8 3278097614 8 0 268375802 3453292883 0 0 96 96 0 0 2
2551 32 9 1118483846 65536 0 4294012840 3453292883 0 0 96 96 0 0 0
2552 91 9 1118483846 65536 0 4294012840 3453292883 0 0 96 91 0 0 0
2553 91 9 1118483846 65536 0 4294012840 3453292883 0 0 96 91 0 0 0
2554 70 9 1118483846 65536 0 4294012840 3453292883 0 0 96 91 0 0 0
2555 114 9 1118483846 65536 0 4294012840 3453292883 0 0 96 91 0 0 1
2556 97 9 1118483846 65536 0 4294012840 3453292883 0 0 96 91 0 0 2
2557 110 9 1118483846 65536 0 4294012840 3453292883 0 0 96 91 0 0 3
2558 99 9 1118483846 65536 0 4294012840 3453292883 0 0 96 91 0 0 4
2559 101 9 1118483846 65536 0 4294012840 3453292883 0 0 96 91 0 0 5
2560 93 10 3384763555 0 0 4279696015 3453292883 0 0 96 91 0 0 0
2561 93 10 3384763555 0 0 4279696015 3453292883 0 0 96 96 0 0 0
2562 32 10 3384763555 0 0 4279696015 3453292883 0 0 96 96 0 0 0
2563 105 10 3384763555 0 0 4279696015 3453292883 0 0 96 96 0 0 1
2564 110 10 3384763555 0 0 4279696015 3453292883 0 0 96 96 0 0 2
2565 32 11 1118433358 65536 0 4050626808 3453292883 0 0 96 96 0 0 0
2566 49 11 1118433358 65536 0 4050626808 3453292883 0 0 96 96 0 0 0
2567 55 11 1118433358 65536 0 4050626808 3453292883 0 0 96 96 0 0 0
2568 56 11 1118433358 65536 0 4050626808 3453292883 0 0 96 96 0 0 0
2569 57 11 1118433358 65536 0 4050626808 3453292883 0 0 96 96 0 0 0
2570 46 0 0 0 0 385519488 3453292883 0 0 96 96 0 0 0
2571 10 0 0 0 0 0 0 0 0 0 96 0 0 0
2572 61 0 0 0 0 0 0 0 0 61 96 0 0 0
2573 61 0 0 0 0 0 0 0 0 61 96 0 0 0
2574 32 0 0 0 0 0 0 0 0 61 96 0 0 0
2575 72 0 0 0 0 0 0 0 0 61 96 0 0 0
2576 105 0 0 0 0 0 0 0 0 61 96 0 0 1
2577 115 0 0 0 0 0 0 0 0 61 96 0 0 2
2578 116 0 0 0 0 0 0 0 0 61 96 0 0 3
2579 111 0 0 0 0 0 0 0 0 61 96 0 0 4
2580 114 0 0 0 0 0 0 0 0 61 96 0 0 5
2581 121 0 0 0 0 0 0 0 0 61 96 0 0 6
2582 32 1 1469161513 0 0 15 0 0 0 61 96 0 0 0
2583 61 1 1469161513 0 0 15 0 0 0 61 96 0 0 0
2584 61 1 1469161513 0 0 15 0 0 0 61 96 0 0 0
2585 10 0 0 0 0 0 0 0 0 0 96 0 0 0
2586 42 0 0 0 0 0 0 0 0 42 42 0 0 0
2587 32 0 0 0 0 0 0 0 0 42 42 0 0 0
2588 105 0 0 0 0 0 0 0 0 96 42 0 0 1
2589 116 0 0 0 0 0 0 0 0 96 42 0 0 2
2590 101 0 0 0 0 0 0 0 0 96 42 0 0 3
2591 109 0 0 0 0 0 0 0 0 96 42 0 0 4
2592 32 1 4268574925 0 0 15 0 0 0 96 42 0 0 0
2593 111 1 4268574925 0 0 15 0 0 0 96 42 0 0 1
2594 110 1 4268574925 0 0 15 0 0 0 96 42 0 0 2
2595 101 1 4268574925 0 0 15 0 0 0 96 42 0 0 3
2596 32 2 2886769829 131072 0 254 0 0 0 96 42 0 0 0
2597 40 2 2886769829 131072 0 254 0 0 0 96 42 0 0 0
2598 102 2 2886769829 131072 0 254 0 0 0 96 42 0 0 1
2599 105 2 2886769829 131072 0 254 0 0 0 96 42 0 0 2
2600 114 2 2886769829 131072 0 254 0 0 0 96 42 0 0 3
2601 115 2 2886769829 131072 0 254 0 0 0 96 42 0 0 4
2602 116 2 2886769829 131072 0 254 0 0 0 96 42 0 0 5
2603 41 2 2886769829 131072 0 65264 0 0 0 96 42 0 0 0
2604 10 0 0 0 0 0 0 0 0 0 42 0 0 0
2605 42 0 0 0 0 0 0 0 0 42 42 0 0 0
2606 32 0 0 0 0 0 0 0 0 42 42 0 0 0
2607 105 0 0 0 0 0 0 0 0 96 42 0 0 1
2608 116 0 0 0 0 0 0 0 0 96 42 0 0 2
2609 101 0 0 0 0 0 0 0 0 96 42 0 0 3
2610 109 0 0 0 0 0 0 0 0 96 42 0 0 4
2611 32 1 4268574925 0 0 15 0 0 0 96 42 0 0 0
2612 116 1 4268574925 0 0 15 0 0 0 96 42 0 0 1
2613 119 1 4268574925 0 0 15 0 0 0 96 42 0 0 2
2614 111 1 4268574925 0 0 15 0 0 0 96 42 0 0 3
2615 32 2 3240990863 131072 0 254 0 0 0 96 42 0 0 0
2616 91 2 3240990863 131072 0 254 0 0 0 96 91 0 0 0
2617 104 2 3240990863 131072 0 254 0 0 0 96 91 0 0 1
2618 116 2 3240990863 131072 0 254 0 0 0 96 91 0 0 2
2619 116 2 3240990863 131072 0 254 0 0 0 96 91 0 0 3
2620 112 2 3240990863 131072 0 254 0 0 0 96 91 0 0 4
2621 58 3 876852720 0 0 4079 0 0 0 96 91 0 0 0
2622 47 3 876852720 0 0 4079 0 0 0 96 91 0 0 0
2623 47 3 876852720 0 0 4079 0 0 0 96 91 0 0 0
2624 101 3 876852720 0 0 4079 0 0 0 96 91 0 0 1
2625 120 3 876852720 0 0 4079 0 0 0 96 91 0 0 2
2626 97 3 876852720 0 0 4079 0 0 0 96 91 0 0 3
2627 109 3 876852720 0 0 4079 0 0 0 96 91 0 0 4
2628 112 3 876852720 0 0 4079 0 0 0 96 91 0 0 5
2629 108 3 876852720 0 0 4079 0 0 0 96 91 0 0 6
2630 101 3 876852720 0 0 4079 0 0 0 96 91 0 0 7
2631 46 4 3291829868 0 0 1044464 0 0 0 96 91 0 0 0
2632 111 4 3291829868 0 0 1044464 0 0 0 96 91 0 0 1
2633 114 4 3291829868 0 0 1044464 0 0 0 96 91 0 0 2
2634 103 4 3291829868 0 0 1044464 0 0 0 96 91 0 0 3
2635 32 5 2886803495 0 0 16711439 0 0 0 96 91 0 0 0
2636 108 5 2886803495 0 0 16711439 0 0 0 96 91 0 0 1
2637 105 5 2886803495 0 0 16711439 0 0 0 96 91 0 0 2
2638 110 5 2886803495 0 0 16711439 0 0 0 96 91 0 0 3
2639 107 5 2886803495 0 0 16711439 0 0 0 96 91 0 0 4
2640 93 6 780174507 0 0 267383039 0 0 0 96 42 0 0 0
2641 32 6 780174507 0 0 267383039 0 0 1 64 42 0 0 0
2642 116 6 780174507 0 0 267383039 0 0 1 64 42 0 0 1
2643 101 6 780174507 0 0 267383039 0 0 1 64 42 0 0 2
2644 120 6 780174507 0 0 267383039 0 0 1 64 42 0 0 3
2645 116 6 780174507 0 0 267383039 0 0 1 64 42 0 0 4
2646 10 0 0 0 0 0 0 0 0 0 42 0 0 0
2647 84 0 0 0 0 0 0 0 0 84 42 0 0 0
2648 104 0 0 0 0 0 0 0 0 84 42 0 0 1
2649 101 0 0 0 0 0 0 0 0 84 42 0 0 2
2650 32 1 1118424933 2048 0 4 0 0 0 84 42 0 0 0
2651 123 1 1118424933 2048 0 4 0 0 0 84 42 0 0 0
2652 123 1 1118424933 2048 0 4 0 0 0 84 42 0 0 0
2653 99 1 1118424933 2048 0 4 0 0 0 84 42 0 0 1
2654 105 1 1118424933 2048 0 4 0 0 0 84 42 0 0 2
2655 116 1 1118424933 2048 0 4 0 0 0 84 42 0 0 3
2656 101 1 1118424933 2048 0 4 0 0 0 84 42 0 0 4
2657 124 2 318360037 0 0 79 0 0 0 84 42 0 0 0
2658 121 2 318360037 0 0 79 0 0 0 84 42 0 0 1
2659 101 2 318360037 0 0 79 0 0 0 84 42 0 0 2
2660 97 2 318360037 0 0 79 0 0 0 84 42 0 0 3
2661 114 2 318360037 0 0 79 0 0 0 84 42 0 0 4
2662 61 3 1641105746 0 0 1279 0 0 0 84 42 0 0 0
2663 49 3 1641105746 0 0 1279 0 0 0 84 42 0 0 0
2664 56 3 1641105746 0 0 1279 0 0 0 84 42 0 0 0
2665 48 3 1641105746 0 0 1279 0 0 0 84 42 0 0 0
2666 49 3 1641105746 0 0 1279 0 0 0 84 42 0 0 0
2667 125 4 1368491697 131072 0 1279 0 0 0 84 42 0 0 0
2668 125 4 1368491697 131072 0 1279 0 0 0 84 42 0 0 0
2669 32 4 1368491697 131072 0 1279 0 0 0 84 42 0 0 0
2670 115 4 1368491697 131072 0 1279 0 0 0 84 42 0 0 1
2671 97 4 1368491697 131072 0 1279 0 0 0 84 42 0 0 2
2672 105 4 1368491697 131072 0 1279 0 0 0 84 42 0 0 3
2673 100 4 1368491697 131072 0 1279 0 0 0 84 42 0 0 4
2674 58 5 2481602628 0 0 20479 0 0 0 84 42 0 0 0
2675 32 5 2481602628 0 0 20479 0 0 0 84 42 0 0 0
2676 34 5 2481602628 0 0 20479 0 0 0 84 42 0 0 0
2677 104 5 2481602628 0 0 20479 0 0 0 84 42 0 0 1
2678 101 5 2481602628 0 0 20479 0 0 0 84 42 0 0 2
2679 108 5 2481602628 0 0 20479 0 0 0 84 42 0 0 3
2680 108 5 2481602628 0 0 20479 0 0 0 84 42 0 0 4
2681 111 5 2481602628 0 0 20479 0 0 0 84 42 0 0 5
2682 44 6 933891823 0 0 327679 0 0 0 84 42 0 0 0
2683 32 6 933891823 0 0 327679 0 0 0 84 42 0 0 0
2684 119 6 933891823 0 0 327679 0 0 0 84 42 0 0 1
2685 111 6 933891823 0 0 327679 0 0 0 84 42 0 0 2
2686 114 6 933891823 0 0 327679 0 0 0 84 42 0 0 3
2687 108 6 933891823 0 0 327679 0 0 0 84 42 0 0 4
2688 100 6 933891823 0 0 327679 0 0 0 84 42 0 0 5
2689 33 7 1101113060 0 0 5242879 0 0 0 84 42 0 0 0
2690 34 7 1101113060 0 0 5242879 0 0 0 84 42 0 0 0
2691 10 0 0 0 0 0 0 0 0 0 42 0 0 0
2692 60 0 0 0 0 0 0 0 0 60 42 0 0 0
2693 114 0 0 0 0 0 0 0 0 60 42 0 0 1
2694 101 0 0 0 0 0 0 0 0 60 42 0 0 2
2695 102 0 0 0 0 0 0 0 0 60 42 0 0 3
2696 62 1 3099181254 0 0 15 0 0 0 60 42 0 0 0
2697 110 1 3099181254 0 0 15 0 0 0 60 42 0 0 1
2698 111 1 3099181254 0 0 15 0 0 0 60 42 0 0 2
2699 116 1 3099181254 0 0 15 0 0 0 60 42 0 0 3
2700 101 1 3099181254 0 0 15 0 0 0 60 42 0 0 4
2701 32 2 3693928933 0 0 255 0 0 0 60 42 0 0 0
2702 49 2 3693928933 0 0 255 0 0 0 60 42 0 0 0
2703 50 2 3693928933 0 0 255 0 0 0 60 42 0 0 0
2704 44 3 103146 131072 0 255 0 0 0 60 42 0 0 0
2705 51 3 103146 131072 0 255 0 0 0 60 42 0 0 0
2706 52 3 103146 131072 0 255 0 0 0 60 42 0 0 0
2707 53 3 103146 131072 0 255 0 0 0 60 42 0 0 0
2708 46 0 0 0 0 4080 0 0 0 60 42 0 0 0
2709 54 0 0 0 0 4080 0 0 0 60 42 0 0 0
2710 55 0 0 0 0 4080 0 0 0 60 42 0 0 0
2711 32 1 113671 131072 0 4080 0 0 0 60 42 0 0 0
2712 104 1 113671 131072 0 4080 0 0 0 60 42 0 0 1
2713 101 1 113671 131072 0 4080 0 0 0 60 42 0 0 2
2714 114 1 113671 131072 0 4080 0 0 0 60 42 0 0 3
2715 101 1 113671 131072 0 4080 0 0 0 60 42 0 0 4
2716 60 2 4109367333 0 0 65295 0 0 0 60 42 0 0 0
2717 47 2 4109367333 0 0 65295 0 0 0 60 42 0 0 0
2718 114 2 4109367333 0 0 65295 0 0 0 60 42 0 0 1
2719 101 2 4109367333 0 0 65295 0 0 0 60 42 0 0 2
2720 102 2 4109367333 0 0 65295 0 0 0 60 42 0 0 3
2721 62 3 3099181254 0 0 1044735 0 0 0 60 42 0 0 0
2722 10 0 0 0 0 0 0 0 0 0 42 0 0 0
2723 65 0 0 0 0 0 0 0 0 65 42 0 0 0
2724 32 0 0 0 0 0 0 0 0 65 42 0 0 0
2725 108 0 0 0 0 0 0 0 0 65 42 0 0 1
2726 105 0 0 0 0 0 0 0 0 65 42 0 0 2
2727 110 0 0 0 0 0 0 0 0 65 42 0 0 3
2728 101 0 0 0 0 0 0 0 0 65 42 0 0 4
2729 32 1 780174501 0 0 15 0 0 0 65 42 0 0 0
2730 119 1 780174501 0 0 15 0 0 0 65 42 0 0 1
2731 105 1 780174501 0 0 15 0 0 0 65 42 0 0 2
2732 116 1 780174501 0 0 15 0 0 0 65 42 0 0 3
2733 104 1 780174501 0 0 15 0 0 0 65 42 0 0 4
2734 32 2 3730819560 65536 0 248 0 0 0 65 42 0 0 0
2735 110 2 3730819560 65536 0 248 0 0 0 65 42 0 0 1
2736 117 2 3730819560 65536 0 248 0 0 0 65 42 0 0 2
2737 109 2 3730819560 65536 0 248 0 0 0 65 42 0 0 3
2738 98 2 3730819560 65536 0 248 0 0 0 65 42 0 0 4
2739 101 2 3730819560 65536 0 248 0 0 0 65 42 0 0 5
2740 114 2 3730819560 65536 0 248 0 0 0 65 42 0 0 6
2741 115 2 3730819560 65536 0 248 0 0 0 65 42 0 0 7
2742 32 3 3416096978 8 0 3978 0 0 0 65 42 0 0 0
2743 52 3 3416096978 8 0 3978 0 0 0 65 42 0 0 0
2744 50 3 3416096978 8 0 3978 0 0 0 65 42 0 0 0
2745 32 4 109458 131072 0 3978 0 0 0 65 42 0 0 0
2746 97 4 109458 131072 0 3978 0 0 0 65 42 0 0 1
2747 110 4 109458 131072 0 3978 0 0 0 65 42 0 0 2
2748 100 4 109458 131072 0 3978 0 0 0 65 42 0 0 3
2749 32 5 1895163044 32768 0 63655 0 0 0 65 42 0 0 0
2750 51 5 1895163044 32768 0 63655 0 0 0 65 42 0 0 0
2751 46 0 0 0 0 1018480 0 0 0 65 42 0 0 0
2752 49 0 0 0 0 1018480 0 0 0 65 42 0 0 0
2753 52 0 0 0 0 1018480 0 0 0 65 42 0 0 0
2754 32 1 103148 131072 0 1018480 0 0 0 65 42 0 0 0
2755 97 1 103148 131072 0 1018480 0 0 0 65 42 0 0 1
2756 110 1 103148 131072 0 1018480 0 0 0 65 42 0 0 2
2757 100 1 103148 131072 0 1018480 0 0 0 65 42 0 0 3
2758 32 2 1895163044 32768 0 16295687 0 0 0 65 42 0 0 0
2759 49 2 1895163044 32768 0 16295687 0 0 0 65 42 0 0 0
2760 44 3 49 131072 0 16295687 0 0 0 65 42 0 0 0
2761 48 3 49 131072 0 16295687 0 0 0 65 42 0 0 0
2762 48 3 49 131072 0 16295687 0 0 0 65 42 0 0 0
2763 48 3 49 131072 0 16295687 0 0 0 65 42 0 0 0
2764 46 0 0 0 0 260730992 0 0 0 65 42 0 0 0
2765 10 0 0 0 0 0 0 0 0 0 42 0 0 0
2766 38 0 0 0 0 0 0 0 0 38 42 0 0 0
2767 110 0 0 0 0 0 0 0 0 38 42 0 0 1
2768 98 0 0 0 0 0 0 0 0 38 42 0 0 2
2769 115 0 0 0 0 0 0 0 0 38 42 0 0 3
2770 112 0 0 0 0 0 0 0 0 38 42 0 0 4
2771 59 1 2773142800 0 0 15 0 0 0 38 42 0 0 0
2772 32 1 2773142800 0 0 15 0 0 0 38 42 0 0 0
2773 115 1 2773142800 0 0 15 0 0 0 38 42 0 0 1
2774 111 1 2773142800 0 0 15 0 0 0 38 42 0 0 2
2775 109 1 2773142800 0 0 15 0 0 0 38 42 0 0 3
2776 101 1 2773142800 0 0 15 0 0 0 38 42 0 0 4
2777 32 2 3473243077 0 0 255 0 0 0 38 42 0 0 0
2778 38 2 3473243077 0 0 255 0 0 0 38 42 0 0 0
2779 97 2 3473243077 0 0 255 0 0 0 38 42 0 0 1
2780 109 2 3473243077 0 0 255 0 0 0 38 42 0 0 2
2781 112 2 3473243077 0 0 255 0 0 0 38 42 0 0 3
2782 59 3 1895154640 0 0 4095 0 0 0 38 42 0 0 0
2783 32 3 1895154640 0 0 4095 0 0 0 38 42 0 0 0
2784 101 3 1895154640 0 0 4095 0 0 0 38 42 0 0 1
2785 110 3 1895154640 0 0 4095 0 0 0 38 42 0 0 2
2786 116 3 1895154640 0 0 4095 0 0 0 38 42 0 0 3
2787 105 3 1895154640 0 0 4095 0 0 0 38 42 0 0 4
2788 116 3 1895154640 0 0 4095 0 0 0 38 42 0 0 5
2789 105 3 1895154640 0 0 4095 0 0 0 38 42 0 0 6
2790 101 3 1895154640 0 0 4095 0 0 0 38 42 0 0 7
2791 115 3 1895154640 0 0 4095 0 0 0 38 42 0 0 8
2792 32 4 1475168745 8 0 65530 0 0 0 38 42 0 0 0
2793 38 4 1475168745 8 0 65530 0 0 0 38 42 0 0 0
2794 108 4 1475168745 8 0 65530 0 0 0 38 42 0 0 1
2795 116 4 1475168745 8 0 65530 0 0 0 38 42 0 0 2
2796 59 5 1118458612 0 0 1048495 0 0 0 38 42 0 0 0
2797 116 5 1118458612 0 0 1048495 0 0 0 38 42 0 0 1
2798 97 5 1118458612 0 0 1048495 0 0 0 38 42 0 0 2
2799 103 5 1118458612 0 0 1048495 0 0 0 38 42 0 0 3
2800 38 6 3240805703 0 0 16775935 0 0 0 38 42 0 0 0
2801 103 6 3240805703 0 0 16775935 0 0 0 38 42 0 0 1
2802 116 6 3240805703 0 0 16775935 0 0 0 38 42 0 0 2
2803 59 7 1118416532 0 0 268414975 0 0 0 38 42 0 0 0
2804 10 0 0 0 0 0 0 0 0 0 42 0 0 0
2805 100 0 0 0 0 0 0 0 0 96 96 0 0 1
2806 111 0 0 0 0 0 0 0 0 96 96 0 0 2
2807 110 0 0 0 0 0 0 0 0 96 96 0 0 3
2808 39 0 0 0 0 0 0 0 0 96 96 0 0 4
2809 116 0 0 0 0 0 0 0 0 96 96 0 0 5
2810 32 1 1118391279 1024 0 13 0 0 0 96 96 0 0 0
2811 99 1 1118391279 1024 0 13 0 0 0 96 96 0 0 1
2812 97 1 1118391279 1024 0 13 0 0 0 96 96 0 0 2
2813 110 1 1118391279 1024 0 13 0 0 0 96 96 0 0 3
2814 39 1 1118391279 1024 0 13 0 0 0 96 96 0 0 4
2815 116 1 1118391279 1024 0 13 0 0 0 96 96 0 0 5
2816 32 2 2036711758 1024 0 221 0 0 0 96 96 0 0 0
2817 105 2 2036711758 1024 0 221 0 0 0 96 96 0 0 1
2818 116 2 2036711758 1024 0 221 0 0 0 96 96 0 0 2
2819 39 2 2036711758 1024 0 221 0 0 0 96 96 0 0 3
2820 115 2 2036711758 1024 0 221 0 0 0 96 96 0 0 4
2821 32 3 1118433364 1048584 0 3546 0 0 0 96 96 0 0 0
2822 116 3 1118433364 1048584 0 3546 0 0 0 96 96 0 0 1
2823 104 3 1118433364 1048584 0 3546 0 0 0 96 96 0 0 2
2824 101 3 1118433364 1048584 0 3546 0 0 0 96 96 0 0 3
2825 32 4 3240864613 16384 0 56742 0 0 0 96 96 0 0 0
2826 99 4 3240864613 16384 0 56742 0 0 0 96 96 0 0 1
2827 97 4 3240864613 16384 0 56742 0 0 0 96 96 0 0 2
2828 116 4 3240864613 16384 0 56742 0 0 0 96 96 0 0 3
2829 32 4 2036711764 2 0 907874 0 0 0 96 96 0 0 0
2830 115 4 2036711764 2 0 907874 0 0 0 96 96 0 0 1
2831 97 4 2036711764 2 0 907874 0 0 0 96 96 0 0 2
2832 116 4 2036711764 2 0 907874 0 0 0 96 96 0 0 3
2833 32 5 3169976660 0 0 14525999 0 0 0 96 96 0 0 0
2834 111 5 3169976660 0 0 14525999 0 0 0 96 96 0 0 1
2835 110 5 3169976660 0 0 14525999 0 0 0 96 96 0 0 2
2836 32 6 1118483854 65536 0 232415992 0 0 0 96 96 0 0 0
2837 116 6 1118483854 65536 0 232415992 0 0 0 96 96 0 0 1
2838 104 6 1118483854 65536 0 232415992 0 0 0 96 96 0 0 2
2839 101 6 1118483854 65536 0 232415992 0 0 0 96 96 0 0 3
2840 32 7 3240864613 16384 0 3718655878 0 0 0 96 96 0 0 0
2841 109 7 3240864613 16384 0 3718655878 0 0 0 96 96 0 0 1
2842 97 7 3240864613 16384 0 3718655878 0 0 0 96 96 0 0 2
2843 116 7 3240864613 16384 0 3718655878 0 0 0 96 96 0 0 3
2844 46 0 0 0 0 2788132384 0 0 0 96 96 0 0 0
2845 10 0 0 0 0 0 0 0 0 0 96 0 0 0
2846 200 0 0 0 0 0 0 0 0 96 96 0 0 0
2847 137 0 0 0 0 0 0 0 0 96 96 0 0 0
2848 151 0 0 0 0 0 0 0 0 96 96 0 0 0
2849 32 0 0 0 0 0 0 0 0 96 96 0 0 0
2850 181 0 0 0 0 0 0 0 0 96 96 0 0 0
2851 232 0 0 0 0 0 0 0 0 96 96 0 0 0
2852 131 0 0 0 0 0 0 0 0 96 96 0 0 0
2853 10 0 0 0 0 0 0 0 0 0 96 0 0 0
2854 211 0 0 0 0 0 0 0 0 96 96 0 0 0
2855 169 0 0 0 0 0 0 0 0 96 96 0 0 0
2856 245 0 0 0 0 0 0 0 0 96 96 0 0 0
2857 44 0 0 0 0 0 0 0 0 96 96 0 0 0
2858 134 0 0 0 0 0 0 0 0 96 96 0 0 0
2859 223 0 0 0 0 0 0 0 0 96 96 0 0 0
2860 32 0 0 0 0 0 0 0 0 96 96 0 0 0
2861 218 0 0 0 0 0 0 0 0 96 96 0 0 0
2862 132 0 0 0 0 0 0 0 0 96 96 0 0 0
2863 46 0 0 0 0 0 0 0 0 96 96 0 0 0
2864 240 0 0 0 0 0 0 0 0 96 96 0 0 0
2865 139 0 0 0 0 0 0 0 0 96 96 0 0 0
2866 46 0 0 0 0 0 0 0 0 96 96 0 0 0
2867 227 0 0 0 0 0 0 0 0 96 96 0 0 0
2868 204 0 0 0 0 0 0 0 0 96 96 0 0 0
2869 10 0 0 0 0 0 0 0 0 0 96 0 0 0
2870 142 0 0 0 0 0 0 0 0 96 96 0 0 0
2871 156 0 0 0 0 0 0 0 0 96 96 0 0 0
2872 44 0 0 0 0 0 0 0 0 96 96 0 0 0
2873 119 0 0 0 0 0 0 0 0 96 96 0 0 1
2874 111 0 0 0 0 0 0 0 0 96 96 0 0 2
2875 114 0 0 0 0 0 0 0 0 96 96 0 0 3
2876 100 0 0 0 0 0 0 0 0 96 96 0 0 4
2877 55 1 4155777060 0 0 15 0 0 0 96 96 0 0 0
2878 32 2 55 131072 0 15 0 0 0 96 96 0 0 0
2879 97 2 55 131072 0 15 0 0 0 96 96 0 0 1
2880 110 2 55 131072 0 15 0 0 0 96 96 0 0 2
2881 111 2 55 131072 0 15 0 0 0 96 96 0 0 3
2882 116 2 55 131072 0 15 0 0 0 96 96 0 0 4
2883 104 2 55 131072 0 15 0 0 0 96 96 0 0 5
2884 101 2 55 131072 0 15 0 0 0 96 96 0 0 6
2885 114 2 55 131072 0 15 0 0 0 96 96 0 0 7
2886 32 3 91021800 0 0 255 0 0 0 96 96 0 0 0
2887 91 3 91021800 0 0 255 0 0 0 96 91 0 0 0
2888 91 3 91021800 0 0 255 0 0 0 96 91 0 0 0
2889 65 3 91021800 0 0 255 0 0 0 96 91 0 0 0
2890 110 3 91021800 0 0 255 0 0 0 96 91 0 0 1
2891 110 3 91021800 0 0 255 0 0 0 96 91 0 0 2
2892 97 3 91021800 0 0 255 0 0 0 96 91 0 0 3
2893 93 4 2815940769 0 0 4095 0 0 0 96 91 0 0 0
2894 93 4 2815940769 0 0 4095 0 0 0 96 96 0 0 0
2895 32 4 2815940769 0 0 4095 0 0 0 96 96 0 0 0
2896 119 4 2815940769 0 0 4095 0 0 0 96 96 0 0 1
2897 97 4 2815940769 0 0 4095 0 0 0 96 96 0 0 2
2898 115 4 2815940769 0 0 4095 0 0 0 96 96 0 0 3
2899 32 5 3453292883 1 0 65521 3453292883 0 0 96 96 0 0 0
2900 97 5 3453292883 1 0 65521 3453292883 0 0 96 96 0 0 1
2901 32 6 1950627777 16384 0 1048342 3453292883 0 0 96 96 0 0 0
2902 39 6 1950627777 16384 0 1048342 3453292883 0 0 96 96 0 0 1
2903 39 7 1950627719 0 0 16773487 3453292883 0 0 96 96 0 0 0
2904 39 7 1950627719 0 0 16773487 3453292883 0 0 96 96 0 0 0
2905 113 7 1950627719 0 0 16773487 3453292883 0 0 96 96 0 0 1
2906 117 7 1950627719 0 0 16773487 3453292883 0 0 96 96 0 0 2
2907 101 7 1950627719 0 0 16773487 3453292883 0 0 96 96 0 0 3
2908 101 7 1950627719 0 0 16773487 3453292883 0 0 96 96 0 0 4
2909 110 7 1950627719 0 0 16773487 3453292883 0 0 96 96 0 0 5
2910 39 7 1950627719 0 0 16773487 3453292883 0 0 96 96 0 0 6
2911 39 8 3278097614 8 0 268375802 3453292883 0 0 96 96 0 0 0
2912 39 8 3278097614 8 0 268375802 3453292883 0 0 96 96 0 0 0
2913 32 8 3278097614 8 0 268375802 3453292883 0 0 96 96 0 0 0
2914 111 8 3278097614 8 0 268375802 3453292883 0 0 96 96 0 0 1
2915 102 8 3278097614 8 0 268375802 3453292883 0 0 96 96 0 0 2
2916 32 9 1118483846 65536 0 4294012840 3453292883 0 0 96 96 0 0 0
2917 91 9 1118483846 65536 0 4294012840 3453292883 0 0 96 91 0 0 0
2918 91 9 1118483846 65536 0 4294012840 3453292883 0 0 96 91 0 0 0
2919 70 9 1118483846 65536 0 4294012840 3453292883 0 0 96 91 0 0 0
2920 114 9 1118483846 65536 0 4294012840 3453292883 0 0 96 91 0 0 1
2921 97 9 1118483846 65536 0 4294012840 3453292883 0 0 96 91 0 0 2
2922 110 9 1118483846 65536 0 4294012840 3453292883 0 0 96 91 0 0 3
2923 99 9 1118483846 65536 0 4294012840 3453292883 0 0 96 91 0 0 4
2924 101 9 1118483846 65536 0 4294012840 3453292883 0 0 96 91 0 0 5
2925 93 10 3384763555 0 0 4279696015 3453292883 0 0 96 91 0 0 0
2926 93 10 3384763555 0 0 4279696015 3453292883 0 0 96 96 0 0 0
2927 32 10 3384763555 0 0 4279696015 3453292883 0 0 96 96 0 0 0
2928 105 10 3384763555 0 0 4279696015 3453292883 0 0 96 96 0 0 1
2929 110 10 3384763555 0 0 4279696015 3453292883 0 0 96 96 0 0 2
2930 32 11 1118433358 65536 0 4050626808 3453292883 0 0 96 96 0 0 0
2931 49 11 1118433358 65536 0 4050626808 3453292883 0 0 96 96 0 0 0
2932 55 11 1118433358 65536 0 4050626808 3453292883 0 0 96 96 0 0 0
2933 56 11 1118433358 65536 0 4050626808 3453292883 0 0 96 96 0 0 0
2934 57 11 1118433358 65536 0 4050626808 3453292883 0 0 96 96 0 0 0
2935 46 0 0 0 0 385519488 3453292883 0 0 96 96 0 0 0
2936 10 0 0 0 0 0 0 0 0 0 96 0 0 0
2937 61 0 0 0 0 0 0 0 0 61 96 0 0 0
2938 61 0 0 0 0 0 0 0 0 61 96 0 0 0
2939 32 0 0 0 0 0 0 0 0 61 96 0 0 0
2940 72 0 0 0 0 0 0 0 0 61 96 0 0 0
2941 105 0 0 0 0 0 0 0 0 61 96 0 0 1
2942 115 0 0 0 0 0 0 0 0 61 96 0 0 2
2943 116 0 0 0 0 0 0 0 0 61 96 0 0 3
2944 111 0 0 0 0 0 0 0 0 61 96 0 0 4
2945 114 0 0 0 0 0 0 0 0 61 96 0 0 5
2946 121 0 0 0 0 0 0 0 0 61 96 0 0 6
2947 32 1 1469161513 0 0 15 0 0 0 61 96 0 0 0
2948 61 1 1469161513 0 0 15 0 0 0 61 96 0 0 0
2949 61 1 1469161513 0 0 15 0 0 0 61 96 0 0 0
2950 10 0 0 0 0 0 0 0 0 0 96 0 0 0
2951 42 0 0 0 0 0 0 0 0 42 42 0 0 0
2952 32 0 0 0 0 0 0 0 0 42 42 0 0 0
2953 105 0 0 0 0 0 0 0 0 96 42 0 0 1
2954 116 0 0 0 0 0 0 0 0 96 42 0 0 2
2955 101 0 0 0 0 0 0 0 0 96 42 0 0 3
2956 109 0 0 0 0 0 0 0 0 96 42 0 0 4
2957 32 1 4268574925 0 0 15 0 0 0 96 42 0 0 0
2958 111 1 4268574925 0 0 15 0 0 0 96 42 0 0 1
2959 110 1 4268574925 0 0 15 0 0 0 96 42 0 0 2
2960 101 1 4268574925 0 0 15 0 0 0 96 42 0 0 3
2961 32 2 2886769829 131072 0 254 0 0 0 96 42 0 0 0
2962 40 2 2886769829 131072 0 254 0 0 0 96 42 0 0 0
2963 102 2 2886769829 131072 0 254 0 0 0 96 42 0 0 1
2964 105 2 2886769829 131072 0 254 0 0 0 96 42 0 0 2
2965 114 2 2886769829 131072 0 254 0 0 0 96 42 0 0 3
2966 115 2 2886769829 131072 0 254 0 0 0 96 42 0 0 4
2967 116 2 2886769829 131072 0 254 0 0 0 96 42 0 0 5
2968 41 2 2886769829 131072 0 65264 0 0 0 96 42 0 0 0
2969 10 0 0 0 0 0 0 0 0 0 42 0 0 0
2970 42 0 0 0 0 0 0 0 0 42 42 0 0 0
2971 32 0 0 0 0 0 0 0 0 42 42 0 0 0
2972 105 0 0 0 0 0 0 0 0 96 42 0 0 1
2973 116 0 0 0 0 0 0 0 0 96 42 0 0 2
2974 101 0 0 0 0 0 0 0 0 96 42 0 0 3
2975 109 0 0 0 0 0 0 0 0 96 42 0 0 4
2976 32 1 4268574925 0 0 15 0 0 0 96 42 0 0 0
2977 116 1 4268574925 0 0 15 0 0 0 96 42 0 0 1
2978 119 1 4268574925 0 0 15 0 0 0 96 42 0 0 2
2979 111 1 4268574925 0 0 15 0 0 0 96 42 0 0 3
2980 32 2 3240990863 131072 0 254 0 0 0 96 42 0 0 0
2981 91 2 3240990863 131072 0 254 0 0 0 96 91 0 0 0
2982 104 2 3240990863 131072 0 254 0 0 0 96 91 0 0 1
2983 116 2 3240990863 131072 0 254 0 0 0 96 91 0 0 2
2984 116 2 3240990863 131072 0 254 0 0 0 96 91 0 0 3
2985 112 2 3240990863 131072 0 254 0 0 0 96 91 0 0 4
2986 58 3 876852720 0 0 4079 0 0 0 96 91 0 0 0
2987 47 3 876852720 0 0 4079 0 0 0 96 91 0 0 0
2988 47 3 876852720 0 0 4079 0 0 0 96 91 0 0 0
2989 101 3 876852720 0 0 4079 0 0 0 96 91 0 0 1
2990 120 3 876852720 0 0 4079 0 0 0 96 91 0 0 2
2991 97 3 876852720 0 0 4079 0 0 0 96 91 0 0 3
2992 109 3 876852720 0 0 4079 0 0 0 96 91 0 0 4
2993 112 3 876852720 0 0 4079 0 0 0 96 91 0 0 5
2994 108 3 876852720 0 0 4079 0 0 0 96 91 0 0 6
2995 101 3 876852720 0 0 4079 0 0 0 96 91 0 0 7
2996 46 4 3291829868 0 0 1044464 0 0 0 96 91 0 0 0
2997 111 4 3291829868 0 0 1044464 0 0 0 96 91 0 0 1
2998 114 4 3291829868 0 0 1044464 0 0 0 96 91 0 0 2
2999 103 4 3291829868 0 0 1044464 0 0 0 96 91 0 0 3
3000 32 5 2886803495 0 0 16711439 0 0 0 96 91 0 0 0
3001 108 5 2886803495 0 0 16711439 0 0 0 96 91 0 0 1
3002 105 5 2886803495 0 0 16711439 0 0 0 96 91 0 0 2
3003 110 5 2886803495 0 0 16711439 0 0 0 96 91 0 0 3
3004 107 5 2886803495 0 0 16711439 0 0 0 96 91 0 0 4
3005 93 6 780174507 0 0 267383039 0 0 0 96 42 0 0 0
3006 32 6 780174507 0 0 267383039 0 0 1 64 42 0 0 0
3007 116 6 780174507 0 0 267383039 0 0 1 64 42 0 0 1
3008 101 6 780174507 0 0 267383039 0 0 1 64 42 0 0 2
3009 120 6 780174507 0 0 267383039 0 0 1 64 42 0 0 3
3010 116 6 780174507 0 0 267383039 0 0 1 64 42 0 0 4
3011 10 0 0 0 0 0 0 0 0 0 42 0 0 0
3012 84 0 0 0 0 0 0 0 0 84 42 0 0 0
3013 104 0 0 0 0 0 0 0 0 84 42 0 0 1
3014 101 0 0 0 0 0 0 0 0 84 42 0 0 2
3015 32 1 1118424933 2048 0 4 0 0 0 84 42 0 0 0
3016 123 1 1118424933 2048 0 4 0 0 0 84 42 0 0 0
3017 123 1 1118424933 2048 0 4 0 0 0 84 42 0 0 0
3018 99 1 1118424933 2048 0 4 0 0 0 84 42 0 0 1
3019 105 1 1118424933 2048 0 4 0 0 0 84 42 0 0 2
3020 116 1 1118424933 2048 0 4 0 0 0 84 42 0 0 3
3021 101 1 1118424933 2048 0 4 0 0 0 84 42 0 0 4
3022 124 2 318360037 0 0 79 0 0 0 84 42 0 0 0
3023 121 2 318360037 0 0 79 0 0 0 84 42 0 0 1
3024 101 2 318360037 0 0 79 0 0 0 84 42 0 0 2
3025 97 2 318360037 0 0 79 0 0 0 84 42 0 0 3
3026 114 2 318360037 0 0 79 0 0 0 84 42 0 0 4
3027 61 3 1641105746 0 0 1279 0 0 0 84 42 0 0 0
3028 49 3 1641105746 0 0 1279 0 0 0 84 42 0 0 0
3029 56 3 1641105746 0 0 1279 0 0 0 84 42 0 0 0
3030 48 3 1641105746 0 0 1279 0 0 0 84 42 0 0 0
3031 49 3 1641105746 0 0 1279 0 0 0 84 42 0 0 0
3032 125 4 1368491697 131072 0 1279 0 0 0 84 42 0 0 0
3033 125 4 1368491697 131072 0 1279 0 0 0 84 42 0 0 0
3034 32 4 1368491697 131072 0 1279 0 0 0 84 42 0 0 0
3035 115 4 1368491697 131072 0 1279 0 0 0 84 42 0 0 1
3036 97 4 1368491697 131072 0 1279 0 0 0 84 42 0 0 2
3037 105 4 1368491697 131072 0 1279 0 0 0 84 42 0 0 3
3038 100 4 1368491697 131072 0 1279 0 0 0 84 42 0 0 4
3039 58 5 2481602628 0 0 20479 0 0 0 84 42 0 0 0
3040 32 5 2481602628 0 0 20479 0 0 0 84 42 0 0 0
3041 34 5 2481602628 0 0 20479 0 0 0 84 42 0 0 0
3042 104 5 2481602628 0 0 20479 0 0 0 84 42 0 0 1
3043 101 5 2481602628 0 0 20479 0 0 0 84 42 0 0 2
3044 108 5 2481602628 0 0 20479 0 0 0 84 42 0 0 3
3045 108 5 2481602628 0 0 20479 0 0 0 84 42 0 0 4
3046 111 5 2481602628 0 0 20479 0 0 0 84 42 0 0 5
3047 44 6 933891823 0 0 327679 0 0 0 84 42 0 0 0
3048 32 6 933891823 0 0 327679 0 0 0 84 42 0 0 0
3049 119 6 933891823 0 0 327679 0 0 0 84 42 0 0 1
3050 111 6 933891823 0 0 327679 0 0 0 84 42 0 0 2
3051 114 6 933891823 0 0 327679 0 0 0 84 42 0 0 3
3052 108 6 933891823 0 0 327679 0 0 0 84 42 0 0 4
3053 100 6 933891823 0 0 327679 0 0 0 84 42 0 0 5
3054 33 7 1101113060 0 0 5242879 0 0 0 84 42 0 0 0
3055 34 7 1101113060 0 0 5242879 0 0 0 84 42 0 0 0
3056 10 0 0 0 0 0 0 0 0 0 42 0 0 0
3057 60 0 0 0 0 0 0 0 0 60 42 0 0 0
3058 114 0 0 0 0 0 0 0 0 60 42 0 0 1
3059 101 0 0 0 0 0 0 0 0 60 42 0 0 2
3060 102 0 0 0 0 0 0 0 0 60 42 0 0 3
3061 62 1 3099181254 0 0 15 0 0 0 60 42 0 0 0
3062 110 1 3099181254 0 0 15 0 0 0 60 42 0 0 1
3063 111 1 3099181254 0 0 15 0 0 0 60 42 0 0 2
3064 116 1 3099181254 0 0 15 0 0 0 60 42 0 0 3
3065 101 1 3099181254 0 0 15 0 0 0 60 42 0 0 4
3066 32 2 3693928933 0 0 255 0 0 0 60 42 0 0 0
3067 49 2 3693928933 0 0 255 0 0 0 60 42 0 0 0
3068 50 2 3693928933 0 0 255 0 0 0 60 42 0 0 0
3069 44 3 103146 131072 0 255 0 0 0 60 42 0 0 0
3070 51 3 103146 131072 0 255 0 0 0 60 42 0 0 0
3071 52 3 103146 131072 0 255 0 0 0 60 42 0 0 0
3072 53 3 103146 131072 0 255 0 0 0 60 42 0 0 0
3073 46 0 0 0 0 4080 0 0 0 60 42 0 0 0
3074 54 0 0 0 0 4080 0 0 0 60 42 0 0 0
3075 55 0 0 0 0 4080 0 0 0 60 42 0 0 0
3076 32 1 113671 131072 0 4080 0 0 0 60 42 0 0 0
3077 104 1 113671 131072 0 4080 0 0 0 60 42 0 0 1
3078 101 1 113671 131072 0 4080 0 0 0 60 42 0 0 2
3079 114 1 113671 131072 0 4080 0 0 0 60 42 0 0 3
3080 101 1 113671 131072 0 4080 0 0 0 60 42 0 0 4
3081 60 2 4109367333 0 0 65295 0 0 0 60 42 0 0 0
3082 47 2 4109367333 0 0 65295 0 0 0 60 42 0 0 0
3083 114 2 4109367333 0 0 65295 0 0 0 60 42 0 0 1
3084 101 2 4109367333 0 0 65295 0 0 0 60 42 0 0 2
3085 102 2 4109367333 0 0 65295 0 0 0 60 42 0 0 3
3086 62 3 3099181254 0 0 1044735 0 0 0 60 42 0 0 0
3087 10 0 0 0 0 0 0 0 0 0 42 0 0 0
3088 65 0 0 0 0 0 0 0 0 65 42 0 0 0
3089 32 0 0 0 0 0 0 0 0 65 42 0 0 0
3090 108 0 0 0 0 0 0 0 0 65 42 0 0 1
3091 105 0 0 0 0 0 0 0 0 65 42 0 0 2
3092 110 0 0 0 0 0 0 0 0 65 42 0 0 3
3093 101 0 0 0 0 0 0 0 0 65 42 0 0 4
3094 32 1 780174501 0 0 15 0 0 0 65 42 0 0 0
3095 119 1 780174501 0 0 15 0 0 0 65 42 0 0 1
3096 105 1 780174501 0 0 15 0 0 0 65 42 0 0 2
3097 116 1 780174501 0 0 15 0 0 0 65 42 0 0 3
3098 104 1 780174501 0 0 15 0 0 0 65 42 0 0 4
3099 32 2 3730819560 65536 0 248 0 0 0 65 42 0 0 0
3100 110 2 3730819560 65536 0 248 0 0 0 65 42 0 0 1
3101 117 2 3730819560 65536 0 248 0 0 0 65 42 0 0 2
3102 109 2 3730819560 65536 0 248 0 0 0 65 42 0 0 3
3103 98 2 3730819560 65536 0 248 0 0 0 65 42 0 0 4
3104 101 2 3730819560 65536 0 248 0 0 0 65 42 0 0 5
3105 114 2 3730819560 65536 0 248 0 0 0 65 42 0 0 6
3106 115 2 3730819560 65536 0 248 0 0 0 65 42 0 0 7
3107 32 3 3416096978 8 0 3978 0 0 0 65 42 0 0 0
3108 52 3 3416096978 8 0 3978 0 0 0 65 42 0 0 0
3109 50 3 3416096978 8 0 3978 0 0 0 65 42 0 0 0
3110 32 4 109458 131072 0 3978 0 0 0 65 42 0 0 0
3111 97 4 109458 131072 0 3978 0 0 0 65 42 0 0 1
3112 110 4 109458 131072 0 3978 0 0 0 65 42 0 0 2
3113 100 4 109458 131072 0 3978 0 0 0 65 42 0 0 3
3114 32 5 1895163044 32768 0 63655 0 0 0 65 42 0 0 0
3115 51 5 1895163044 32768 0 63655 0 0 0 65 42 0 0 0
3116 46 0 0 0 0 1018480 0 0 0 65 42 0 0 0
3117 49 0 0 0 0 1018480 0 0 0 65 42 0 0 0
3118 52 0 0 0 0 1018480 0 0 0 65 42 0 0 0
3119 32 1 103148 131072 0 1018480 0 0 0 65 42 0 0 0
3120 97 1 103148 131072 0 1018480 0 0 0 65 42 0 0 1
3121 110 1 103148 131072 0 1018480 0 0 0 65 42 0 0 2
3122 100 1 103148 131072 0 1018480 0 0 0 65 42 0 0 3
3123 32 2 1895163044 32768 0 16295687 0 0 0 65 42 0 0 0
3124 49 2 1895163044 32768 0 16295687 0 0 0 65 42 0 0 0
3125 44 3 49 131072 0 16295687 0 0 0 65 42 0 0 0
3126 48 3 49 131072 0 16295687 0 0 0 65 42 0 0 0
3127 48 3 49 131072 0 16295687 0 0 0 65 42 0 0 0
3128 48 3 49 131072 0 16295687 0 0 0 65 42 0 0 0
3129 46 0 0 0 0 260730992 0 0 0 65 42 0 0 0
3130 10 0 0 0 0 0 0 0 0 0 42 0 0 0
3131 38 0 0 0 0 0 0 0 0 38 42 0 0 0
3132 110 0 0 0 0 0 0 0 0 38 42 0 0 1
3133 98 0 0 0 0 0 0 0 0 38 42 0 0 2
3134 115 0 0 0 0 0 0 0 0 38 42 0 0 3
3135 112 0 0 0 0 0 0 0 0 38 42 0 0 4
3136 59 1 2773142800 0 0 15 0 0 0 38 42 0 0 0
3137 32 1 2773142800 0 0 15 0 0 0 38 42 0 0 0
3138 115 1 2773142800 0 0 15 0 0 0 38 42 0 0 1
3139 111 1 2773142800 0 0 15 0 0 0 38 42 0 0 2
3140 109 1 2773142800 0 0 15 0 0 0 38 42 0 0 3
3141 101 1 2773142800 0 0 15 0 0 0 38 42 0 0 4
3142 32 2 3473243077 0 0 255 0 0 0 38 42 0 0 0
3143 38 2 3473243077 0 0 255 0 0 0 38 42 0 0 0
3144 97 2 3473243077 0 0 255 0 0 0 38 42 0 0 1
3145 109 2 3473243077 0 0 255 0 0 0 38 42 0 0 2
3146 112 2 3473243077 0 0 255 0 0 0 38 42 0 0 3
3147 59 3 1895154640 0 0 4095 0 0 0 38 42 0 0 0
3148 32 3 1895154640 0 0 4095 0 0 0 38 42 0 0 0
3149 101 3 1895154640 0 0 4095 0 0 0 38 42 0 0 1
3150 110 3 1895154640 0 0 4095 0 0 0 38 42 0 0 2
3151 116 3 1895154640 0 0 4095 0 0 0 38 42 0 0 3
3152 105 3 1895154640 0 0 4095 0 0 0 38 42 0 0 4
3153 116 3 1895154640 0 0 4095 0 0 0 38 42 0 0 5
3154 105 3 1895154640 0 0 4095 0 0 0 38 42 0 0 6
3155 101 3 1895154640 0 0 4095 0 0 0 38 42 0 0 7
3156 115 3 1895154640 0 0 4095 0 0 0 38 42 0 0 8
3157 32 4 1475168745 8 0 65530 0 0 0 38 42 0 0 0
3158 38 4 1475168745 8 0 65530 0 0 0 38 42 0 0 0
3159 108 4 1475168745 8 0 65530 0 0 0 38 42 0 0 1
3160 116 4 1475168745 8 0 65530 0 0 0 38 42 0 0 2
3161 59 5 1118458612 0 0 1048495 0 0 0 38 42 0 0 0
3162 116 5 1118458612 0 0 1048495 0 0 0 38 42 0 0 1
3163 97 5 1118458612 0 0 1048495 0 0 0 38 42 0 0 2
3164 103 5 1118458612 0 0 1048495 0 0 0 38 42 0 0 3
3165 38 6 3240805703 0 0 16775935 0 0 0 38 42 0 0 0
3166 103 6 3240805703 0 0 16775935 0 0 0 38 42 0 0 1
3167 116 6 3240805703 0 0 16775935 0 0 0 38 42 0 0 2
3168 59 7 1118416532 0 0 268414975 0 0 0 38 42 0 0 0
3169 10 0 0 0 0 0 0 0 0 0 42 0 0 0
3170 100 0 0 0 0 0 0 0 0 96 96 0 0 1
3171 111 0 0 0 0 0 0 0 0 96 96 0 0 2
3172 110 0 0 0 0 0 0 0 0 96 96 0 0 3
3173 39 0 0 0 0 0 0 0 0 96 96 0 0 4
3174 116 0 0 0 0 0 0 0 0 96 96 0 0 5
3175 32 1 1118391279 1024 0 13 0 0 0 96 96 0 0 0
3176 99 1 1118391279 1024 0 13 0 0 0 96 96 0 0 1
3177 97 1 1118391279 1024 0 13 0 0 0 96 96 0 0 2
3178 110 1 1118391279 1024 0 13 0 0 0 96 96 0 0 3
3179 39 1 1118391279 1024 0 13 0 0 0 96 96 0 0 4
3180 116 1 1118391279 1024 0 13 0 0 0 96 96 0 0 5
3181 32 2 2036711758 1024 0 221 0 0 0 96 96 0 0 0
3182 105 2 2036711758 1024 0 221 0 0 0 96 96 0 0 1
3183 116 2 2036711758 1024 0 221 0 0 0 96 96 0 0 2
3184 39 2 2036711758 1024 0 221 0 0 0 96 96 0 0 3
3185 115 2 2036711758 1024 0 221 0 0 0 96 96 0 0 4
3186 32 3 1118433364 1048584 0 3546 0 0 0 96 96 0 0 0
3187 116 3 1118433364 1048584 0 3546 0 0 0 96 96 0 0 1
3188 104 3 1118433364 1048584 0 3546 0 0 0 96 96 0 0 2
3189 101 3 1118433364 1048584 0 3546 0 0 0 96 96 0 0 3
3190 32 4 3240864613 16384 0 56742 0 0 0 96 96 0 0 0
3191 99 4 3240864613 16384 0 56742 0 0 0 96 96 0 0 1
3192 97 4 3240864613 16384 0 56742 0 0 0 96 96 0 0 2
3193 116 4 3240864613 16384 0 56742 0 0 0 96 96 0 0 3
3194 32 4 2036711764 2 0 907874 0 0 0 96 96 0 0 0
3195 115 4 2036711764 2 0 907874 0 0 0 96 96 0 0 1
3196 97 4 2036711764 2 0 907874 0 0 0 96 96 0 0 2
3197 116 4 2036711764 2 0 907874 0 0 0 96 96 0 0 3
3198 32 5 3169976660 0 0 14525999 0 0 0 96 96 0 0 0
3199 111 5 3169976660 0 0 14525999 0 0 0 96 96 0 0 1
3200 110 5 3169976660 0 0 14525999 0 0 0 96 96 0 0 2
3201 32 6 1118483854 65536 0 232415992 0 0 0 96 96 0 0 0
3202 116 6 1118483854 65536 0 232415992 0 0 0 96 96 0 0 1
3203 104 6 1118483854 65536 0 232415992 0 0 0 96 96 0 0 2
3204 101 6 1118483854 65536 0 232415992 0 0 0 96 96 0 0 3
3205 32 7 3240864613 16384 0 3718655878 0 0 0 96 96 0 0 0
3206 109 7 3240864613 16384 0 3718655878 0 0 0 96 96 0 0 1
3207 97 7 3240864613 16384 0 3718655878 0 0 0 96 96 0 0 2
3208 116 7 3240864613 16384 0 3718655878 0 0 0 96 96 0 0 3
3209 46 0 0 0 0 2788132384 0 0 0 96 96 0 0 0
3210 10 0 0 0 0 0 0 0 0 0 96 0 0 0
3211 152 0 0 0 0 0 0 0 0 96 96 0 0 0
3212 10 0 0 0 0 0 0 0 0 0 96 0 0 0
3213 141 0 0 0 0 0 0 0 0 96 96 0 0 0
3214 46 0 0 0 0 0 0 0 0 96 96 0 0 0
3215 152 0 0 0 0 0 0 0 0 96 96 0 0 0
3216 44 0 0 0 0 0 0 0 0 96 96 0 0 0
3217 248 0 0 0 0 0 0 0 0 96 96 0 0 0
3218 143 0 0 0 0 0 0 0 0 96 96 0 0 0
3219 44 0 0 0 0 0 0 0 0 96 96 0 0 0
3220 184 0 0 0 0 0 0 0 0 96 96 0 0 0
3221 46 0 0 0 0 0 0 0 0 96 96 0 0 0
3222 169 0 0 0 0 0 0 0 0 96 96 0 0 0
3223 226 0 0 0 0 0 0 0 0 96 96 0 0 0
3224 189 0 0 0 0 0 0 0 0 96 96 0 0 0
3225 44 0 0 0 0 0 0 0 0 96 96 0 0 0
3226 181 0 0 0 0 0 0 0 0 96 96 0 0 0
3227 10 0 0 0 0 0 0 0 0 0 96 0 0 0
3228 244 0 0 0 0 0 0 0 0 96 96 0 0 0
3229 32 0 0 0 0 0 0 0 0 96 96 0 0 0
3230 119 0 0 0 0 0 0 0 0 96 96 0 0 1
3231 111 0 0 0 0 0 0 0 0 96 96 0 0 2
3232 114 0 0 0 0 0 0 0 0 96 96 0 0 3
3233 100 0 0 0 0 0 0 0 0 96 96 0 0 4
3234 56 1 4155777060 0 0 15 0 0 0 96 96 0 0 0
3235 32 2 56 131072 0 15 0 0 0 96 96 0 0 0
3236 97 2 56 131072 0 15 0 0 0 96 96 0 0 1
3237 110 2 56 131072 0 15 0 0 0 96 96 0 0 2
3238 111 2 56 131072 0 15 0 0 0 96 96 0 0 3
3239 116 2 56 131072 0 15 0 0 0 96 96 0 0 4
3240 104 2 56 131072 0 15 0 0 0 96 96 0 0 5
3241 101 2 56 131072 0 15 0 0 0 96 96 0 0 6
3242 114 2 56 131072 0 15 0 0 0 96 96 0 0 7
3243 32 3 91021800 0 0 255 0 0 0 96 96 0 0 0
3244 91 3 91021800 0 0 255 0 0 0 96 91 0 0 0
3245 91 3 91021800 0 0 255 0 0 0 96 91 0 0 0
3246 65 3 91021800 0 0 255 0 0 0 96 91 0 0 0
3247 110 3 91021800 0 0 255 0 0 0 96 91 0 0 1
3248 110 3 91021800 0 0 255 0 0 0 96 91 0 0 2
3249 97 3 91021800 0 0 255 0 0 0 96 91 0 0 3
3250 93 4 2815940769 0 0 4095 0 0 0 96 91 0 0 0
3251 93 4 2815940769 0 0 4095 0 0 0 96 96 0 0 0
3252 32 4 2815940769 0 0 4095 0 0 0 96 96 0 0 0
3253 119 4 2815940769 0 0 4095 0 0 0 96 96 0 0 1
3254 97 4 2815940769 0 0 4095 0 0 0 96 96 0 0 2
3255 115 4 2815940769 0 0 4095 0 0 0 96 96 0 0 3
3256 32 5 3453292883 1 0 65521 3453292883 0 0 96 96 0 0 0
3257 97 5 3453292883 1 0 65521 3453292883 0 0 96 96 0 0 1
3258 32 6 1950627777 16384 0 1048342 3453292883 0 0 96 96 0 0 0
3259 39 6 1950627777 16384 0 1048342 3453292883 0 0 96 96 0 0 1
3260 39 7 1950627719 0 0 16773487 3453292883 0 0 96 96 0 0 0
3261 39 7 1950627719 0 0 16773487 3453292883 0 0 96 96 0 0 0
3262 113 7 1950627719 0 0 16773487 3453292883 0 0 96 96 0 0 1
3263 117 7 1950627719 0 0 16773487 3453292883 0 0 96 96 0 0 2
3264 101 7 1950627719 0 0 16773487 3453292883 0 0 96 96 0 0 3
3265 101 7 1950627719 0 0 16773487 3453292883 0 0 96 96 0 0 4
3266 110 7 1950627719 0 0 16773487 3453292883 0 0 96 96 0 0 5
3267 39 7 1950627719 0 0 16773487 3453292883 0 0 96 96 0 0 6
3268 39 8 3278097614 8 0 268375802 3453292883 0 0 96 96 0 0 0
3269 39 8 3278097614 8 0 268375802 3453292883 0 0 96 96 0 0 0
3270 32 8 3278097614 8 0 268375802 3453292883 0 0 96 96 0 0 0
3271 111 8 3278097614 8 0 268375802 3453292883 0 0 96 96 0 0 1
3272 102 8 3278097614 8 0 268375802 3453292883 0 0 96 96 0 0 2
3273 32 9 1118483846 65536 0 4294012840 3453292883 0 0 96 96 0 0 0
3274 91 9 1118483846 65536 0 4294012840 3453292883 0 0 96 91 0 0 0
3275 91 9 1118483846 65536 0 4294012840 3453292883 0 0 96 91 0 0 0
3276 70 9 1118483846 65536 0 4294012840 3453292883 0 0 96 91 0 0 0
3277 114 9 1118483846 65536 0 4294012840 3453292883 0 0 96 91 0 0 1
3278 97 9 1118483846 65536 0 4294012840 3453292883 0 0 96 91 0 0 2
3279 110 9 1118483846 65536 0 4294012840 3453292883 0 0 96 91 0 0 3
3280 99 9 1118483846 65536 0 4294012840 3453292883 0 0 96 91 0 0 4
3281 101 9 1118483846 65536 0 4294012840 3453292883 0 0 96 91 0 0 5
3282 93 10 3384763555 0 0 4279696015 3453292883 0 0 96 91 0 0 0
3283 93 10 3384763555 0 0 4279696015 3453292883 0 0 96 96 0 0 0
3284 32 10 3384763555 0 0 4279696015 3453292883 0 0 96 96 0 0 0
3285 105 10 3384763555 0 0 4279696015 3453292883 0 0 96 96 0 0 1
3286 110 10 3384763555 0 0 4279696015 3453292883 0 0 96 96 0 0 2
3287 32 11 1118433358 65536 0 4050626808 3453292883 0 0 96 96 0 0 0
3288 49 11 1118433358 65536 0 4050626808 3453292883 0 0 96 96 0 0 0
3289 55 11 1118433358 65536 0 4050626808 3453292883 0 0 96 96 0 0 0
3290 56 11 1118433358 65536 0 4050626808 3453292883 0 0 96 96 0 0 0
3291 57 11 1118433358 65536 0 4050626808 3453292883 0 0 96 96 0 0 0
3292 46 0 0 0 0 385519488 3453292883 0 0 96 96 0 0 0
3293 10 0 0 0 0 0 0 0 0 0 96 0 0 0
3294 61 0 0 0 0 0 0 0 0 61 96 0 0 0
3295 61 0 0 0 0 0 0 0 0 61 96 0 0 0
3296 32 0 0 0 0 0 0 0 0 61 96 0 0 0
3297 72 0 0 0 0 0 0 0 0 61 96 0 0 0
3298 105 0 0 0 0 0 0 0 0 61 96 0 0 1
3299 115 0 0 0 0 0 0 0 0 61 96 0 0 2
3300 116 0 0 0 0 0 0 0 0 61 96 0 0 3
3301 111 0 0 0 0 0 0 0 0 61 96 0 0 4
3302 114 0 0 0 0 0 0 0 0 61 96 0 0 5
3303 121 0 0 0 0 0 0 0 0 61 96 0 0 6
3304 32 1 1469161513 0 0 15 0 0 0 61 96 0 0 0
3305 61 1 1469161513 0 0 15 0 0 0 61 96 0 0 0
3306 61 1 1469161513 0 0 15 0 0 0 61 96 0 0 0
3307 10 0 0 0 0 0 0 0 0 0 96 0 0 0
3308 42 0 0 0 0 0 0 0 0 42 42 0 0 0
3309 32 0 0 0 0 0 0 0 0 42 42 0 0 0
3310 105 0 0 0 0 0 0 0 0 96 42 0 0 1
3311 116 0 0 0 0 0 0 0 0 96 42 0 0 2
3312 101 0 0 0 0 0 0 0 0 96 42 0 0 3
3313 109 0 0 0 0 0 0 0 0 96 42 0 0 4
3314 32 1 4268574925 0 0 15 0 0 0 96 42 0 0 0
3315 111 1 4268574925 0 0 15 0 0 0 96 42 0 0 1
3316 110 1 4268574925 0 0 15 0 0 0 96 42 0 0 2
3317 101 1 4268574925 0 0 15 0 0 0 96 42 0 0 3
3318 32 2 2886769829 131072 0 254 0 0 0 96 42 0 0 0
3319 40 2 2886769829 131072 0 254 0 0 0 96 42 0 0 0
3320 102 2 2886769829 131072 0 254 0 0 0 96 42 0 0 1
3321 105 2 2886769829 131072 0 254 0 0 0 96 42 0 0 2
3322 114 2 2886769829 131072 0 254 0 0 0 96 42 0 0 3
3323 115 2 2886769829 131072 0 254 0 0 0 96 42 0 0 4
3324 116 2 2886769829 131072 0 254 0 0 0 96 42 0 0 5
3325 41 2 2886769829 131072 0 65264 0 0 0 96 42 0 0 0
3326 10 0 0 0 0 0 0 0 0 0 42 0 0 0
3327 42 0 0 0 0 0 0 0 0 42 42 0 0 0
3328 32 0 0 0 0 0 0 0 0 42 42 0 0 0
3329 105 0 0 0 0 0 0 0 0 96 42 0 0 1
3330 116 0 0 0 0 0 0 0 0 96 42 0 0 2
3331 101 0 0 0 0 0 0 0 0 96 42 0 0 3
3332 109 0 0 0 0 0 0 0 0 96 42 0 0 4
3333 32 1 4268574925 0 0 15 0 0 0 96 42 0 0 0
3334 116 1 4268574925 0 0 15 0 0 0 96 42 0 0 1
3335 119 1 4268574925 0 0 15 0 0 0 96 42 0 0 2
3336 111 1 4268574925 0 0 15 0 0 0 96 42 0 0 3
3337 32 2 3240990863 131072 0 254 0 0 0 96 42 0 0 0
3338 91 2 3240990863 131072 0 254 0 0 0 96 91 0 0 0
3339 104 2 3240990863 131072 0 254 0 0 0 96 91 0 0 1
3340 116 2 3240990863 131072 0 254 0 0 0 96 91 0 0 2
3341 116 2 3240990863 131072 0 254 0 0 0 96 91 0 0 3
3342 112 2 3240990863 131072 0 254 0 0 0 96 91 0 0 4
3343 58 3 876852720 0 0 4079 0 0 0 96 91 0 0 0
3344 47 3 876852720 0 0 4079 0 0 0 96 91 0 0 0
3345 47 3 876852720 0 0 4079 0 0 0 96 91 0 0 0
3346 101 3 876852720 0 0 4079 0 0 0 96 91 0 0 1
3347 120 3 876852720 0 0 4079 0 0 0 96 91 0 0 2
3348 97 3 876852720 0 0 4079 0 0 0 96 91 0 0 3
3349 109 3 876852720 0 0 4079 0 0 0 96 91 0 0 4
3350 112 3 876852720 0 0 4079 0 0 0 96 91 0 0 5
3351 108 3 876852720 0 0 4079 0 0 0 96 91 0 0 6
3352 101 3 876852720 0 0 4079 0 0 0 96 91 0 0 7
3353 46 4 3291829868 0 0 1044464 0 0 0 96 91 0 0 0
3354 111 4 3291829868 0 0 1044464 0 0 0 96 91 0 0 1
3355 114 4 3291829868 0 0 1044464 0 0 0 96 91 0 0 2
3356 103 4 3291829868 0 0 1044464 0 0 0 96 91 0 0 3
3357 32 5 2886803495 0 0 16711439 0 0 0 96 91 0 0 0
3358 108 5 2886803495 0 0 16711439 0 0 0 96 91 0 0 1
3359 105 5 2886803495 0 0 16711439 0 0 0 96 91 0 0 2
3360 110 5 2886803495 0 0 16711439 0 0 0 96 91 0 0 3
3361 107 5 2886803495 0 0 16711439 0 0 0 96 91 0 0 4
3362 93 6 780174507 0 0 267383039 0 0 0 96 42 0 0 0
3363 32 6 780174507 0 0 267383039 0 0 1 64 42 0 0 0
3364 116 6 780174507 0 0 267383039 0 0 1 64 42 0 0 1
3365 101 6 780174507 0 0 267383039 0 0 1 64 42 0 0 2
3366 120 6 780174507 0 0 267383039 0 0 1 64 42 0 0 3
3367 116 6 780174507 0 0 267383039 0 0 1 64 42 0 0 4
3368 10 0 0 0 0 0 0 0 0 0 42 0 0 0
3369 84 0 0 0 0 0 0 0 0 84 42 0 0 0
3370 104 0 0 0 0 0 0 0 0 84 42 0 0 1
3371 101 0 0 0 0 0 0 0 0 84 42 0 0 2
3372 32 1 1118424933 2048 0 4 0 0 0 84 42 0 0 0
3373 123 1 1118424933 2048 0 4 0 0 0 84 42 0 0 0
3374 123 1 1118424933 2048 0 4 0 0 0 84 42 0 0 0
3375 99 1 1118424933 2048 0 4 0 0 0 84 42 0 0 1
3376 105 1 1118424933 2048 0 4 0 0 0 84 42 0 0 2
3377 116 1 1118424933 2048 0 4 0 0 0 84 42 0 0 3
3378 101 1 1118424933 2048 0 4 0 0 0 84 42 0 0 4
3379 124 2 318360037 0 0 79 0 0 0 84 42 0 0 0
3380 121 2 318360037 0 0 79 0 0 0 84 42 0 0 1
3381 101 2 318360037 0 0 79 0 0 0 84 42 0 0 2
3382 97 2 318360037 0 0 79 0 0 0 84 42 0 0 3
3383 114 2 318360037 0 0 79 0 0 0 84 42 0 0 4
3384 61 3 1641105746 0 0 1279 0 0 0 84 42 0 0 0
3385 49 3 1641105746 0 0 1279 0 0 0 84 42 0 0 0
3386 56 3 1641105746 0 0 1279 0 0 0 84 42 0 0 0
3387 48 3 1641105746 0 0 1279 0 0 0 84 42 0 0 0
3388 49 3 1641105746 0 0 1279 0 0 0 84 42 0 0 0
3389 125 4 1368491697 131072 0 1279 0 0 0 84 42 0 0 0
3390 125 4 1368491697 131072 0 1279 0 0 0 84 42 0 0 0
3391 32 4 1368491697 131072 0 1279 0 0 0 84 42 0 0 0
3392 115 4 1368491697 131072 0 1279 0 0 0 84 42 0 0 1
3393 97 4 1368491697 131072 0 1279 0 0 0 84 42 0 0 2
3394 105 4 1368491697 131072 0 1279 0 0 0 84 42 0 0 3
3395 100 4 1368491697 131072 0 1279 0 0 0 84 42 0 0 4
3396 58 5 2481602628 0 0 20479 0 0 0 84 42 0 0 0
3397 32 5 2481602628 0 0 20479 0 0 0 84 42 0 0 0
3398 34 5 2481602628 0 0 20479 0 0 0 84 42 0 0 0
3399 104 5 2481602628 0 0 20479 0 0 0 84 42 0 0 1
3400 101 5 2481602628 0 0 20479 0 0 0 84 42 0 0 2
3401 108 5 2481602628 0 0 20479 0 0 0 84 42 0 0 3
3402 108 5 2481602628 0 0 20479 0 0 0 84 42 0 0 4
3403 111 5 2481602628 0 0 20479 0 0 0 84 42 0 0 5
3404 44 6 933891823 0 0 327679 0 0 0 84 42 0 0 0
3405 32 6 933891823 0 0 327679 0 0 0 84 42 0 0 0
3406 119 6 933891823 0 0 327679 0 0 0 84 42 0 0 1
3407 111 6 933891823 0 0 327679 0 0 0 84 42 0 0 2
3408 114 6 933891823 0 0 327679 0 0 0 84 42 0 0 3
3409 108 6 933891823 0 0 327679 0 0 0 84 42 0 0 4
3410 100 6 933891823 0 0 327679 0 0 0 84 42 0 0 5
3411 33 7 1101113060 0 0 5242879 0 0 0 84 42 0 0 0
3412 34 7 1101113060 0 0 5242879 0 0 0 84 42 0 0 0
3413 10 0 0 0 0 0 0 0 0 0 42 0 0 0
3414 60 0 0 0 0 0 0 0 0 60 42 0 0 0
3415 114 0 0 0 0 0 0 0 0 60 42 0 0 1
3416 101 0 0 0 0 0 0 0 0 60 42 0 0 2
3417 102 0 0 0 0 0 0 0 0 60 42 0 0 3
3418 62 1 3099181254 0 0 15 0 0 0 60 42 0 0 0
3419 110 1 3099181254 0 0 15 0 0 0 60 42 0 0 1
3420 111 1 3099181254 0 0 15 0 0 0 60 42 0 0 2
3421 116 1 3099181254 0 0 15 0 0 0 60 42 0 0 3
3422 101 1 3099181254 0 0 15 0 0 0 60 42 0 0 4
3423 32 2 3693928933 0 0 255 0 0 0 60 42 0 0 0
3424 49 2 3693928933 0 0 255 0 0 0 60 42 0 0 0
3425 50 2 3693928933 0 0 255 0 0 0 60 42 0 0 0
3426 44 3 103146 131072 0 255 0 0 0 60 42 0 0 0
3427 51 3 103146 131072 0 255 0 0 0 60 42 0 0 0
3428 52 3 103146 131072 0 255 0 0 0 60 42 0 0 0
3429 53 3 103146 131072 0 255 0 0 0 60 42 0 0 0
3430 46 0 0 0 0 4080 0 0 0 60 42 0 0 0
3431 54 0 0 0 0 4080 0 0 0 60 42 0 0 0
3432 55 0 0 0 0 4080 0 0 0 60 42 0 0 0
3433 32 1 113671 131072 0 4080 0 0 0 60 42 0 0 0
3434 104 1 113671 131072 0 4080 0 0 0 60 42 0 0 1
3435 101 1 113671 131072 0 4080 0 0 0 60 42 0 0 2
3436 114 1 113671 131072 0 4080 0 0 0 60 42 0 0 3
3437 101 1 113671 131072 0 4080 0 0 0 60 42 0 0 4
3438 60 2 4109367333 0 0 65295 0 0 0 60 42 0 0 0
3439 47 2 4109367333 0 0 65295 0 0 0 60 42 0 0 0
3440 114 2 4109367333 0 0 65295 0 0 0 60 42 0 0 1
3441 101 2 4109367333 0 0 65295 0 0 0 60 42 0 0 2
3442 102 2 4109367333 0 0 65295 0 0 0 60 42 0 0 3
3443 62 3 3099181254 0 0 1044735 0 0 0 60 42 0 0 0
3444 10 0 0 0 0 0 0 0 0 0 42 0 0 0
3445 65 0 0 0 0 0 0 0 0 65 42 0 0 0
3446 32 0 0 0 0 0 0 0 0 65 42 0 0 0
3447 108 0 0 0 0 0 0 0 0 65 42 0 0 1
3448 105 0 0 0 0 0 0 0 0 65 42 0 0 2
3449 110 0 0 0 0 0 0 0 0 65 42 0 0 3
3450 101 0 0 0 0 0 0 0 0 65 42 0 0 4
3451 32 1 780174501 0 0 15 0 0 0 65 42 0 0 0
3452 119 1 780174501 0 0 15 0 0 0 65 42 0 0 1
3453 105 1 780174501 0 0 15 0 0 0 65 42 0 0 2
3454 116 1 780174501 0 0 15 0 0 0 65 42 0 0 3
3455 104 1 780174501 0 0 15 0 0 0 65 42 0 0 4
3456 32 2 3730819560 65536 0 248 0 0 0 65 42 0 0 0
3457 110 2 3730819560 65536 0 248 0 0 0 65 42 0 0 1
3458 117 2 3730819560 65536 0 248 0 0 0 65 42 0 0 2
3459 109 2 3730819560 65536 0 248 0 0 0 65 42 0 0 3
3460 98 2 3730819560 65536 0 248 0 0 0 65 42 0 0 4
3461 101 2 3730819560 65536 0 248 0 0 0 65 42 0 0 5
3462 114 2 3730819560 65536 0 248 0 0 0 65 42 0 0 6
3463 115 2 3730819560 65536 0 248 0 0 0 65 42 0 0 7
3464 32 3 3416096978 8 0 3978 0 0 0 65 42 0 0 0
3465 52 3 3416096978 8 0 3978 0 0 0 65 42 0 0 0
3466 50 3 3416096978 8 0 3978 0 0 0 65 42 0 0 0
3467 32 4 109458 131072 0 3978 0 0 0 65 42 0 0 0
3468 97 4 109458 131072 0 3978 0 0 0 65 42 0 0 1
3469 110 4 109458 131072 0 3978 0 0 0 65 42 0 0 2
3470 100 4 109458 131072 0 3978 0 0 0 65 42 0 0 3
3471 32 5 1895163044 32768 0 63655 0 0 0 65 42 0 0 0
3472 51 5 1895163044 32768 0 63655 0 0 0 65 42 0 0 0
3473 46 0 0 0 0 1018480 0 0 0 65 42 0 0 0
3474 49 0 0 0 0 1018480 0 0 0 65 42 0 0 0
3475 52 0 0 0 0 1018480 0 0 0 65 42 0 0 0
3476 32 1 103148 131072 0 1018480 0 0 0 65 42 0 0 0
3477 97 1 103148 131072 0 1018480 0 0 0 65 42 0 0 1
3478 110 1 103148 131072 0 1018480 0 0 0 65 42 0 0 2
3479 100 1 103148 131072 0 1018480 0 0 0 65 42 0 0 3
3480 32 2 1895163044 32768 0 16295687 0 0 0 65 42 0 0 0
3481 49 2 1895163044 32768 0 16295687 0 0 0 65 42 0 0 0
3482 44 3 49 131072 0 16295687 0 0 0 65 42 0 0 0
3483 48 3 49 131072 0 16295687 0 0 0 65 42 0 0 0
3484 48 3 49 131072 0 16295687 0 0 0 65 42 0 0 0
3485 48 3 49 131072 0 16295687 0 0 0 65 42 0 0 0
3486 46 0 0 0 0 260730992 0 0 0 65 42 0 0 0
3487 10 0 0 0 0 0 0 0 0 0 42 0 0 0
3488 38 0 0 0 0 0 0 0 0 38 42 0 0 0
3489 110 0 0 0 0 0 0 0 0 38 42 0 0 1
3490 98 0 0 0 0 0 0 0 0 38 42 0 0 2
3491 115 0 0 0 0 0 0 0 0 38 42 0 0 3
3492 112 0 0 0 0 0 0 0 0 38 42 0 0 4
3493 59 1 2773142800 0 0 15 0 0 0 38 42 0 0 0
3494 32 1 2773142800 0 0 15 0 0 0 38 42 0 0 0
3495 115 1 2773142800 0 0 15 0 0 0 38 42 0 0 1
3496 111 1 2773142800 0 0 15 0 0 0 38 42 0 0 2
3497 109 1 2773142800 0 0 15 0 0 0 38 42 0 0 3
3498 101 1 2773142800 0 0 15 0 0 0 38 42 0 0 4
3499 32 2 3473243077 0 0 255 0 0 0 38 42 0 0 0
3500 38 2 3473243077 0 0 255 0 0 0 38 42 0 0 0
3501 97 2 3473243077 0 0 255 0 0 0 38 42 0 0 1
3502 109 2 3473243077 0 0 255 0 0 0 38 42 0 0 2
3503 112 2 3473243077 0 0 255 0 0 0 38 42 0 0 3
3504 59 3 1895154640 0 0 4095 0 0 0 38 42 0 0 0
3505 32 3 1895154640 0 0 4095 0 0 0 38 42 0 0 0
3506 101 3 1895154640 0 0 4095 0 0 0 38 42 0 0 1
3507 110 3 1895154640 0 0 4095 0 0 0 38 42 0 0 2
3508 116 3 1895154640 0 0 4095 0 0 0 38 42 0 0 3
3509 105 3 1895154640 0 0 4095 0 0 0 38 42 0 0 4
3510 116 3 1895154640 0 0 4095 0 0 0 38 42 0 0 5
3511 105 3 1895154640 0 0 4095 0 0 0 38 42 0 0 6
3512 101 3 1895154640 0 0 4095 0 0 0 38 42 0 0 7
3513 115 3 1895154640 0 0 4095 0 0 0 38 42 0 0 8
3514 32 4 1475168745 8 0 65530 0 0 0 38 42 0 0 0
3515 38 4 1475168745 8 0 65530 0 0 0 38 42 0 0 0
3516 108 4 1475168745 8 0 65530 0 0 0 38 42 0 0 1
3517 116 4 1475168745 8 0 65530 0 0 0 38 42 0 0 2
3518 59 5 1118458612 0 0 1048495 0 0 0 38 42 0 0 0
3519 116 5 1118458612 0 0 1048495 0 0 0 38 42 0 0 1
3520 97 5 1118458612 0 0 1048495 0 0 0 38 42 0 0 2
3521 103 5 1118458612 0 0 1048495 0 0 0 38 42 0 0 3
3522 38 6 3240805703 0 0 16775935 0 0 0 38 42 0 0 0
3523 103 6 3240805703 0 0 16775935 0 0 0 38 42 0 0 1
3524 116 6 3240805703 0 0 16775935 0 0 0 38 42 0 0 2
3525 59 7 1118416532 0 0 268414975 0 0 0 38 42 0 0 0
3526 10 0 0 0 0 0 0 0 0 0 42 0 0 0
3527 100 0 0 0 0 0 0 0 0 96 96 0 0 1
3528 111 0 0 0 0 0 0 0 0 96 96 0 0 2
3529 110 0 0 0 0 0 0 0 0 96 96 0 0 3
3530 39 0 0 0 0 0 0 0 0 96 96 0 0 4
3531 116 0 0 0 0 0 0 0 0 96 96 0 0 5
3532 32 1 1118391279 1024 0 13 0 0 0 96 96 0 0 0
3533 99 1 1118391279 1024 0 13 0 0 0 96 96 0 0 1
3534 97 1 1118391279 1024 0 13 0 0 0 96 96 0 0 2
3535 110 1 1118391279 1024 0 13 0 0 0 96 96 0 0 3
3536 39 1 1118391279 1024 0 13 0 0 0 96 96 0 0 4
3537 116 1 1118391279 1024 0 13 0 0 0 96 96 0 0 5
3538 32 2 2036711758 1024 0 221 0 0 0 96 96 0 0 0
3539 105 2 2036711758 1024 0 221 0 0 0 96 96 0 0 1
3540 116 2 2036711758 1024 0 221 0 0 0 96 96 0 0 2
3541 39 2 2036711758 1024 0 221 0 0 0 96 96 0 0 3
3542 115 2 2036711758 1024 0 221 0 0 0 96 96 0 0 4
3543 32 3 1118433364 1048584 0 3546 0 0 0 96 96 0 0 0
3544 116 3 1118433364 1048584 0 3546 0 0 0 96 96 0 0 1
3545 104 3 1118433364 1048584 0 3546 0 0 0 96 96 0 0 2
3546 101 3 1118433364 1048584 0 3546 0 0 0 96 96 0 0 3
3547 32 4 3240864613 16384 0 56742 0 0 0 96 96 0 0 0
3548 99 4 3240864613 16384 0 56742 0 0 0 96 96 0 0 1
3549 97 4 3240864613 16384 0 56742 0 0 0 96 96 0 0 2
3550 116 4 3240864613 16384 0 56742 0 0 0 96 96 0 0 3
3551 32 4 2036711764 2 0 907874 0 0 0 96 96 0 0 0
3552 115 4 2036711764 2 0 907874 0 0 0 96 96 0 0 1
3553 97 4 2036711764 2 0 907874 0 0 0 96 96 0 0 2
3554 116 4 2036711764 2 0 907874 0 0 0 96 96 0 0 3
3555 32 5 3169976660 0 0 14525999 0 0 0 96 96 0 0 0
3556 111 5 3169976660 0 0 14525999 0 0 0 96 96 0 0 1
3557 110 5 3169976660 0 0 14525999 0 0 0 96 96 0 0 2
3558 32 6 1118483854 65536 0 232415992 0 0 0 96 96 0 0 0
3559 116 6 1118483854 65536 0 232415992 0 0 0 96 96 0 0 1
3560 104 6 1118483854 65536 0 232415992 0 0 0 96 96 0 0 2
3561 101 6 1118483854 65536 0 232415992 0 0 0 96 96 0 0 3
3562 32 7 3240864613 16384 0 3718655878 0 0 0 96 96 0 0 0
3563 109 7 3240864613 16384 0 3718655878 0 0 0 96 96 0 0 1
3564 97 7 3240864613 16384 0 3718655878 0 0 0 96 96 0 0 2
3565 116 7 3240864613 16384 0 3718655878 0 0 0 96 96 0 0 3
3566 46 0 0 0 0 2788132384 0 0 0 96 96 0 0 0
3567 10 0 0 0 0 0 0 0 0 0 96 0 0 0
3568 177 0 0 0 0 0 0 0 0 96 96 0 0 0
3569 146 0 0 0 0 0 0 0 0 96 96 0 0 0
3570 145 0 0 0 0 0 0 0 0 96 96 0 0 0
3571 32 0 0 0 0 0 0 0 0 96 96 0 0 0
3572 195 0 0 0 0 0 0 0 0 96 96 0 0 0
3573 10 0 0 0 0 0 0 0 0 0 96 0 0 0
3574 199 0 0 0 0 0 0 0 0 96 96 0 0 0
3575 10 0 0 0 0 0 0 0 0 0 96 0 0 0
3576 222 0 0 0 0 0 0 0 0 96 96 0 0 0
3577 242 0 0 0 0 0 0 0 0 96 96 0 0 0
3578 44 0 0 0 0 0 0 0 0 96 96 0 0 0
3579 191 0 0 0 0 0 0 0 0 96 96 0 0 0
3580 243 0 0 0 0 0 0 0 0 96 96 0 0 0
3581 155 0 0 0 0 0 0 0 0 96 96 0 0 0
3582 32 0 0 0 0 0 0 0 0 96 96 0 0 0
3583 222 0 0 0 0 0 0 0 0 96 96 0 0 0
3584 189 0 0 0 0 0 0 0 0 96 96 0 0 0
3585 230 0 0 0 0 0 0 0 0 96 96 0 0 0
3586 44 0 0 0 0 0 0 0 0 96 96 0 0 0
3587 149 0 0 0 0 0 0 0 0 96 96 0 0 0
3588 235 0 0 0 0 0 0 0 0 96 96 0 0 0
3589 247 0 0 0 0 0 0 0 0 96 96 0 0 0
3590 32 0 0 0 0 0 0 0 0 96 96 0 0 0
3591 191 0 0 0 0 0 0 0 0 96 96 0 0 0
3592 241 0 0 0 0 0 0 0 0 96 96 0 0 0
3593 46 0 0 0 0 0 0 0 0 96 96 0 0 0
3594 119 0 0 0 0 0 0 0 0 96 96 0 0 1
3595 111 0 0 0 0 0 0 0 0 96 96 0 0 2
3596 114 0 0 0 0 0 0 0 0 96 96 0 0 3
3597 100 0 0 0 0 0 0 0 0 96 96 0 0 4
3598 57 1 4155777060 0 0 15 0 0 0 96 96 0 0 0
3599 32 2 57 131072 0 15 0 0 0 96 96 0 0 0
3600 97 2 57 131072 0 15 0 0 0 96 96 0 0 1
3601 110 2 57 131072 0 15 0 0 0 96 96 0 0 2
3602 111 2 57 131072 0 15 0 0 0 96 96 0 0 3
3603 116 2 57 131072 0 15 0 0 0 96 96 0 0 4
3604 104 2 57 131072 0 15 0 0 0 96 96 0 0 5
3605 101 2 57 131072 0 15 0 0 0 96 96 0 0 6
3606 114 2 57 131072 0 15 0 0 0 96 96 0 0 7
3607 32 3 91021800 0 0 255 0 0 0 96 96 0 0 0
3608 91 3 91021800 0 0 255 0 0 0 96 91 0 0 0
3609 91 3 91021800 0 0 255 0 0 0 96 91 0 0 0
3610 65 3 91021800 0 0 255 0 0 0 96 91 0 0 0
3611 110 3 91021800 0 0 255 0 0 0 96 91 0 0 1
3612 110 3 91021800 0 0 255 0 0 0 96 91 0 0 2
3613 97 3 91021800 0 0 255 0 0 0 96 91 0 0 3
3614 93 4 2815940769 0 0 4095 0 0 0 96 91 0 0 0
3615 93 4 2815940769 0 0 4095 0 0 0 96 96 0 0 0
3616 32 4 2815940769 0 0 4095 0 0 0 96 96 0 0 0
3617 119 4 2815940769 0 0 4095 0 0 0 96 96 0 0 1
3618 97 4 2815940769 0 0 4095 0 0 0 96 96 0 0 2
3619 115 4 2815940769 0 0 4095 0 0 0 96 96 0 0 3
3620 32 5 3453292883 1 0 65521 3453292883 0 0 96 96 0 0 0
3621 97 5 3453292883 1 0 65521 3453292883 0 0 96 96 0 0 1
3622 32 6 1950627777 16384 0 1048342 3453292883 0 0 96 96 0 0 0
3623 39 6 1950627777 16384 0 1048342 3453292883 0 0 96 96 0 0 1
3624 39 7 1950627719 0 0 16773487 3453292883 0 0 96 96 0 0 0
3625 39 7 1950627719 0 0 16773487 3453292883 0 0 96 96 0 0 0
3626 113 7 1950627719 0 0 16773487 3453292883 0 0 96 96 0 0 1
3627 117 7 1950627719 0 0 16773487 3453292883 0 0 96 96 0 0 2
3628 101 7 1950627719 0 0 16773487 3453292883 0 0 96 96 0 0 3
3629 101 7 1950627719 0 0 16773487 3453292883 0 0 96 96 0 0 4
3630 110 7 1950627719 0 0 16773487 3453292883 0 0 96 96 0 0 5
3631 39 7 1950627719 0 0 16773487 3453292883 0 0 96 96 0 0 6
3632 39 8 3278097614 8 0 268375802 3453292883 0 0 96 96 0 0 0
3633 39 8 3278097614 8 0 268375802 3453292883 0 0 96 96 0 0 0
3634 32 8 3278097614 8 0 268375802 3453292883 0 0 96 96 0 0 0
3635 111 8 3278097614 8 0 268375802 3453292883 0 0 96 96 0 0 1
3636 102 8 3278097614 8 0 268375802 3453292883 0 0 96 96 0 0 2
3637 32 9 1118483846 65536 0 4294012840 3453292883 0 0 96 96 0 0 0
3638 91 9 1118483846 65536 0 4294012840 3453292883 0 0 96 91 0 0 0
3639 91 9 1118483846 65536 0 4294012840 3453292883 0 0 96 91 0 0 0
3640 70 9 1118483846 65536 0 4294012840 3453292883 0 0 96 91 0 0 0
3641 114 9 1118483846 65536 0 4294012840 3453292883 0 0 96 91 0 0 1
3642 97 9 1118483846 65536 0 4294012840 3453292883 0 0 96 91 0 0 2
3643 110 9 1118483846 65536 0 4294012840 3453292883 0 0 96 91 0 0 3
3644 99 9 1118483846 65536 0 4294012840 3453292883 0 0 96 91 0 0 4
3645 101 9 1118483846 65536 0 4294012840 3453292883 0 0 96 91 0 0 5
3646 93 10 3384763555 0 0 4279696015 3453292883 0 0 96 91 0 0 0
3647 93 10 3384763555 0 0 4279696015 3453292883 0 0 96 96 0 0 0
3648 32 10 3384763555 0 0 4279696015 3453292883 0 0 96 96 0 0 0
3649 105 10 3384763555 0 0 4279696015 3453292883 0 0 96 96 0 0 1
3650 110 10 3384763555 0 0 4279696015 3453292883 0 0 96 96 0 0 2
3651 32 11 1118433358 65536 0 4050626808 3453292883 0 0 96 96 0 0 0
3652 49 11 1118433358 65536 0 4050626808 3453292883 0 0 96 96 0 0 0
3653 55 11 1118433358 65536 0 4050626808 3453292883 0 0 96 96 0 0 0
3654 56 11 1118433358 65536 0 4050626808 3453292883 0 0 96 96 0 0 0
3655 57 11 1118433358 65536 0 4050626808 3453292883 0 0 96 96 0 0 0
3656 46 0 0 0 0 385519488 3453292883 0 0 96 96 0 0 0
3657 10 0 0 0 0 0 0 0 0 0 96 0 0 0
3658 61 0 0 0 0 0 0 0 0 61 96 0 0 0
3659 61 0 0 0 0 0 0 0 0 61 96 0 0 0
3660 32 0 0 0 0 0 0 0 0 61 96 0 0 0
3661 72 0 0 0 0 0 0 0 0 61 96 0 0 0
3662 105 0 0 0 0 0 0 0 0 61 96 0 0 1
3663 115 0 0 0 0 0 0 0 0 61 96 0 0 2
3664 116 0 0 0 0 0 0 0 0 61 96 0 0 3
3665 111 0 0 0 0 0 0 0 0 61 96 0 0 4
3666 114 0 0 0 0 0 0 0 0 61 96 0 0 5
3667 121 0 0 0 0 0 0 0 0 61 96 0 0 6
3668 32 1 1469161513 0 0 15 0 0 0 61 96 0 0 0
3669 61 1 1469161513 0 0 15 0 0 0 61 96 0 0 0
3670 61 1 1469161513 0 0 15 0 0 0 61 96 0 0 0
3671 10 0 0 0 0 0 0 0 0 0 96 0 0 0
3672 42 0 0 0 0 0 0 0 0 42 42 0 0 0
3673 32 0 0 0 0 0 0 0 0 42 42 0 0 0
3674 105 0 0 0 0 0 0 0 0 96 42 0 0 1
3675 116 0 0 0 0 0 0 0 0 96 42 0 0 2
3676 101 0 0 0 0 0 0 0 0 96 42 0 0 3
3677 109 0 0 0 0 0 0 0 0 96 42 0 0 4
3678 32 1 4268574925 0 0 15 0 0 0 96 42 0 0 0
3679 111 1 4268574925 0 0 15 0 0 0 96 42 0 0 1
3680 110 1 4268574925 0 0 15 0 0 0 96 42 0 0 2
3681 101 1 4268574925 0 0 15 0 0 0 96 42 0 0 3
3682 32 2 2886769829 131072 0 254 0 0 0 96 42 0 0 0
3683 40 2 2886769829 131072 0 254 0 0 0 96 42 0 0 0
3684 102 2 2886769829 131072 0 254 0 0 0 96 42 0 0 1
3685 105 2 2886769829 131072 0 254 0 0 0 96 42 0 0 2
3686 114 2 2886769829 131072 0 254 0 0 0 96 42 0 0 3
3687 115 2 2886769829 131072 0 254 0 0 0 96 42 0 0 4
3688 116 2 2886769829 131072 0 254 0 0 0 96 42 0 0 5
3689 41 2 2886769829 131072 0 65264 0 0 0 96 42 0 0 0
3690 10 0 0 0 0 0 0 0 0 0 42 0 0 0
3691 42 0 0 0 0 0 0 0 0 42 42 0 0 0
3692 32 0 0 0 0 0 0 0 0 42 42 0 0 0
3693 105 0 0 0 0 0 0 0 0 96 42 0 0 1
3694 116 0 0 0 0 0 0 0 0 96 42 0 0 2
3695 101 0 0 0 0 0 0 0 0 96 42 0 0 3
3696 109 0 0 0 0 0 0 0 0 96 42 0 0 4
3697 32 1 4268574925 0 0 15 0 0 0 96 42 0 0 0
3698 116 1 4268574925 0 0 15 0 0 0 96 42 0 0 1
3699 119 1 4268574925 0 0 15 0 0 0 96 42 0 0 2
3700 111 1 4268574925 0 0 15 0 0 0 96 42 0 0 3
3701 32 2 3240990863 131072 0 254 0 0 0 96 42 0 0 0
3702 91 2 3240990863 131072 0 254 0 0 0 96 91 0 0 0
3703 104 2 3240990863 131072 0 254 0 0 0 96 91 0 0 1
3704 116 2 3240990863 131072 0 254 0 0 0 96 91 0 0 2
3705 116 2 3240990863 131072 0 254 0 0 0 96 91 0 0 3
3706 112 2 3240990863 131072 0 254 0 0 0 96 91 0 0 4
3707 58 3 876852720 0 0 4079 0 0 0 96 91 0 0 0
3708 47 3 876852720 0 0 4079 0 0 0 96 91 0 0 0
3709 47 3 876852720 0 0 4079 0 0 0 96 91 0 0 0
3710 101 3 876852720 0 0 4079 0 0 0 96 91 0 0 1
3711 120 3 876852720 0 0 4079 0 0 0 96 91 0 0 2
3712 97 3 876852720 0 0 4079 0 0 0 96 91 0 0 3
3713 109 3 876852720 0 0 4079 0 0 0 96 91 0 0 4
3714 112 3 876852720 0 0 4079 0 0 0 96 91 0 0 5
3715 108 3 876852720 0 0 4079 0 0 0 96 91 0 0 6
3716 101 3 876852720 0 0 4079 0 0 0 96 91 0 0 7
3717 46 4 3291829868 0 0 1044464 0 0 0 96 91 0 0 0
3718 111 4 3291829868 0 0 1044464 0 0 0 96 91 0 0 1
3719 114 4 3291829868 0 0 1044464 0 0 0 96 91 0 0 2
3720 103 4 3291829868 0 0 1044464 0 0 0 96 91 0 0 3
3721 32 5 2886803495 0 0 16711439 0 0 0 96 91 0 0 0
3722 108 5 2886803495 0 0 16711439 0 0 0 96 91 0 0 1
3723 105 5 2886803495 0 0 16711439 0 0 0 96 91 0 0 2
3724 110 5 2886803495 0 0 16711439 0 0 0 96 91 0 0 3
3725 107 5 2886803495 0 0 16711439 0 0 0 96 91 0 0 4
3726 93 6 780174507 0 0 267383039 0 0 0 96 42 0 0 0
3727 32 6 780174507 0 0 267383039 0 0 1 64 42 0 0 0
3728 116 6 780174507 0 0 267383039 0 0 1 64 42 0 0 1
3729 101 6 780174507 0 0 267383039 0 0 1 64 42 0 0 2
3730 120 6 780174507 0 0 267383039 0 0 1 64 42 0 0 3
3731 116 6 780174507 0 0 267383039 0 0 1 64 42 0 0 4
3732 10 0 0 0 0 0 0 0 0 0 42 0 0 0
3733 84 0 0 0 0 0 0 0 0 84 42 0 0 0
3734 104 0 0 0 0 0 0 0 0 84 42 0 0 1
3735 101 0 0 0 0 0 0 0 0 84 42 0 0 2
3736 32 1 1118424933 2048 0 4 0 0 0 84 42 0 0 0
3737 123 1 1118424933 2048 0 4 0 0 0 84 42 0 0 0
3738 123 1 1118424933 2048 0 4 0 0 0 84 42 0 0 0
3739 99 1 1118424933 2048 0 4 0 0 0 84 42 0 0 1
3740 105 1 1118424933 2048 0 4 0 0 0 84 42 0 0 2
3741 116 1 1118424933 2048 0 4 0 0 0 84 42 0 0 3
3742 101 1 1118424933 2048 0 4 0 0 0 84 42 0 0 4
3743 124 2 318360037 0 0 79 0 0 0 84 42 0 0 0
3744 121 2 318360037 0 0 79 0 0 0 84 42 0 0 1
3745 101 2 318360037 0 0 79 0 0 0 84 42 0 0 2
3746 97 2 318360037 0 0 79 0 0 0 84 42 0 0 3
3747 114 2 318360037 0 0 79 0 0 0 84 42 0 0 4
3748 61 3 1641105746 0 0 1279 0 0 0 84 42 0 0 0
3749 49 3 1641105746 0 0 1279 0 0 0 84 42 0 0 0
3750 56 3 1641105746 0 0 1279 0 0 0 84 42 0 0 0
3751 48 3 1641105746 0 0 1279 0 0 0 84 42 0 0 0
3752 49 3 1641105746 0 0 1279 0 0 0 84 42 0 0 0
3753 125 4 1368491697 131072 0 1279 0 0 0 84 42 0 0 0
3754 125 4 1368491697 131072 0 1279 0 0 0 84 42 0 0 0
3755 32 4 1368491697 131072 0 1279 0 0 0 84 42 0 0 0
3756 115 4 1368491697 131072 0 1279 0 0 0 84 42 0 0 1
3757 97 4 1368491697 131072 0 1279 0 0 0 84 42 0 0 2
3758 105 4 1368491697 131072 0 1279 0 0 0 84 42 0 0 3
3759 100 4 1368491697 131072 0 1279 0 0 0 84 42 0 0 4
3760 58 5 2481602628 0 0 20479 0 0 0 84 42 0 0 0
3761 32 5 2481602628 0 0 20479 0 0 0 84 42 0 0 0
3762 34 5 2481602628 0 0 20479 0 0 0 84 42 0 0 0
3763 104 5 2481602628 0 0 20479 0 0 0 84 42 0 0 1
3764 101 5 2481602628 0 0 20479 0 0 0 84 42 0 0 2
3765 108 5 2481602628 0 0 20479 0 0 0 84 42 0 0 3
3766 108 5 2481602628 0 0 20479 0 0 0 84 42 0 0 4
3767 111 5 2481602628 0 0 20479 0 0 0 84 42 0 0 5
3768 44 6 933891823 0 0 327679 0 0 0 84 42 0 0 0
3769 32 6 933891823 0 0 327679 0 0 0 84 42 0 0 0
3770 119 6 933891823 0 0 327679 0 0 0 84 42 0 0 1
3771 111 6 933891823 0 0 327679 0 0 0 84 42 0 0 2
3772 114 6 933891823 0 0 327679 0 0 0 84 42 0 0 3
3773 108 6 933891823 0 0 327679 0 0 0 84 42 0 0 4
3774 100 6 933891823 0 0 327679 0 0 0 84 42 0 0 5
3775 33 7 1101113060 0 0 5242879 0 0 0 84 42 0 0 0
3776 34 7 1101113060 0 0 5242879 0 0 0 84 42 0 0 0
3777 10 0 0 0 0 0 0 0 0 0 42 0 0 0
3778 60 0 0 0 0 0 0 0 0 60 42 0 0 0
3779 114 0 0 0 0 0 0 0 0 60 42 0 0 1
3780 101 0 0 0 0 0 0 0 0 60 42 0 0 2
3781 102 0 0 0 0 0 0 0 0 60 42 0 0 3
3782 62 1 3099181254 0 0 15 0 0 0 60 42 0 0 0
3783 110 1 3099181254 0 0 15 0 0 0 60 42 0 0 1
3784 111 1 3099181254 0 0 15 0 0 0 60 42 0 0 2
3785 116 1 3099181254 0 0 15 0 0 0 60 42 0 0 3
3786 101 1 3099181254 0 0 15 0 0 0 60 42 0 0 4
3787 32 2 3693928933 0 0 255 0 0 0 60 42 0 0 0
3788 49 2 3693928933 0 0 255 0 0 0 60 42 0 0 0
3789 50 2 3693928933 0 0 255 0 0 0 60 42 0 0 0
3790 44 3 103146 131072 0 255 0 0 0 60 42 0 0 0
3791 51 3 103146 131072 0 255 0 0 0 60 42 0 0 0
3792 52 3 103146 131072 0 255 0 0 0 60 42 0 0 0
3793 53 3 103146 131072 0 255 0 0 0 60 42 0 0 0
3794 46 0 0 0 0 4080 0 0 0 60 42 0 0 0
3795 54 0 0 0 0 4080 0 0 0 60 42 0 0 0
3796 55 0 0 0 0 4080 0 0 0 60 42 0 0 0
3797 32 1 113671 131072 0 4080 0 0 0 60 42 0 0 0
3798 104 1 113671 131072 0 4080 0 0 0 60 42 0 0 1
3799 101 1 113671 131072 0 4080 0 0 0 60 42 0 0 2
3800 114 1 113671 131072 0 4080 0 0 0 60 42 0 0 3
3801 101 1 113671 131072 0 4080 0 0 0 60 42 0 0 4
3802 60 2 4109367333 0 0 65295 0 0 0 60 42 0 0 0
3803 47 2 4109367333 0 0 65295 0 0 0 60 42 0 0 0
3804 114 2 4109367333 0 0 65295 0 0 0 60 42 0 0 1
3805 101 2 4109367333 0 0 65295 0 0 0 60 42 0 0 2
3806 102 2 4109367333 0 0 65295 0 0 0 60 42 0 0 3
3807 62 3 3099181254 0 0 1044735 0 0 0 60 42 0 0 0
3808 10 0 0 0 0 0 0 0 0 0 42 0 0 0
3809 65 0 0 0 0 0 0 0 0 65 42 0 0 0
3810 32 0 0 0 0 0 0 0 0 65 42 0 0 0
3811 108 0 0 0 0 0 0 0 0 65 42 0 0 1
3812 105 0 0 0 0 0 0 0 0 65 42 0 0 2
3813 110 0 0 0 0 0 0 0 0 65 42 0 0 3
3814 101 0 0 0 0 0 0 0 0 65 42 0 0 4
3815 32 1 780174501 0 0 15 0 0 0 65 42 0 0 0
3816 119 1 780174501 0 0 15 0 0 0 65 42 0 0 1
3817 105 1 780174501 0 0 15 0 0 0 65 42 0 0 2
3818 116 1 780174501 0 0 15 0 0 0 65 42 0 0 3
3819 104 1 780174501 0 0 15 0 0 0 65 42 0 0 4
3820 32 2 3730819560 65536 0 248 0 0 0 65 42 0 0 0
3821 110 2 3730819560 65536 0 248 0 0 0 65 42 0 0 1
3822 117 2 3730819560 65536 0 248 0 0 0 65 42 0 0 2
3823 109 2 3730819560 65536 0 248 0 0 0 65 42 0 0 3
3824 98 2 3730819560 65536 0 248 0 0 0 65 42 0 0 4
3825 101 2 3730819560 65536 0 248 0 0 0 65 42 0 0 5
3826 114 2 3730819560 65536 0 248 0 0 0 65 42 0 0 6
3827 115 2 3730819560 65536 0 248 0 0 0 65 42 0 0 7
3828 32 3 3416096978 8 0 3978 0 0 0 65 42 0 0 0
3829 52 3 3416096978 8 0 3978 0 0 0 65 42 0 0 0
3830 50 3 3416096978 8 0 3978 0 0 0 65 42 0 0 0
3831 32 4 109458 131072 0 3978 0 0 0 65 42 0 0 0
3832 97 4 109458 131072 0 3978 0 0 0 65 42 0 0 1
3833 110 4 109458 131072 0 3978 0 0 0 65 42 0 0 2
3834 100 4 109458 131072 0 3978 0 0 0 65 42 0 0 3
3835 32 5 1895163044 32768 0 63655 0 0 0 65 42 0 0 0
3836 51 5 1895163044 32768 0 63655 0 0 0 65 42 0 0 0
3837 46 0 0 0 0 1018480 0 0 0 65 42 0 0 0
3838 49 0 0 0 0 1018480 0 0 0 65 42 0 0 0
3839 52 0 0 0 0 1018480 0 0 0 65 42 0 0 0
3840 32 1 103148 131072 0 1018480 0 0 0 65 42 0 0 0
3841 97 1 103148 131072 0 1018480 0 0 0 65 42 0 0 1
3842 110 1 103148 131072 0 1018480 0 0 0 65 42 0 0 2
3843 100 1 103148 131072 0 1018480 0 0 0 65 42 0 0 3
3844 32 2 1895163044 32768 0 16295687 0 0 0 65 42 0 0 0
3845 49 2 1895163044 32768 0 16295687 0 0 0 65 42 0 0 0
3846 44 3 49 131072 0 16295687 0 0 0 65 42 0 0 0
3847 48 3 49 131072 0 16295687 0 0 0 65 42 0 0 0
3848 48 3 49 131072 0 16295687 0 0 0 65 42 0 0 0
3849 48 3 49 131072 0 16295687 0 0 0 65 42 0 0 0
3850 46 0 0 0 0 260730992 0 0 0 65 42 0 0 0
3851 10 0 0 0 0 0 0 0 0 0 42 0 0 0
3852 38 0 0 0 0 0 0 0 0 38 42 0 0 0
3853 110 0 0 0 0 0 0 0 0 38 42 0 0 1
3854 98 0 0 0 0 0 0 0 0 38 42 0 0 2
3855 115 0 0 0 0 0 0 0 0 38 42 0 0 3
3856 112 0 0 0 0 0 0 0 0 38 42 0 0 4
3857 59 1 2773142800 0 0 15 0 0 0 38 42 0 0 0
3858 32 1 2773142800 0 0 15 0 0 0 38 42 0 0 0
3859 115 1 2773142800 0 0 15 0 0 0 38 42 0 0 1
3860 111 1 2773142800 0 0 15 0 0 0 38 42 0 0 2
3861 109 1 2773142800 0 0 15 0 0 0 38 42 0 0 3
3862 101 1 2773142800 0 0 15 0 0 0 38 42 0 0 4
3863 32 2 3473243077 0 0 255 0 0 0 38 42 0 0 0
3864 38 2 3473243077 0 0 255 0 0 0 38 42 0 0 0
3865 97 2 3473243077 0 0 255 0 0 0 38 42 0 0 1
3866 109 2 3473243077 0 0 255 0 0 0 38 42 0 0 2
3867 112 2 3473243077 0 0 255 0 0 0 38 42 0 0 3
3868 59 3 1895154640 0 0 4095 0 0 0 38 42 0 0 0
3869 32 3 1895154640 0 0 4095 0 0 0 38 42 0 0 0
3870 101 3 1895154640 0 0 4095 0 0 0 38 42 0 0 1
3871 110 3 1895154640 0 0 4095 0 0 0 38 42 0 0 2
3872 116 3 1895154640 0 0 4095 0 0 0 38 42 0 0 3
3873 105 3 1895154640 0 0 4095 0 0 0 38 42 0 0 4
3874 116 3 1895154640 0 0 4095 0 0 0 38 42 0 0 5
3875 105 3 1895154640 0 0 4095 0 0 0 38 42 0 0 6
3876 101 3 1895154640 0 0 4095 0 0 0 38 42 0 0 7
3877 115 3 1895154640 0 0 4095 0 0 0 38 42 0 0 8
3878 32 4 1475168745 8 0 65530 0 0 0 38 42 0 0 0
3879 38 4 1475168745 8 0 65530 0 0 0 38 42 0 0 0
3880 108 4 1475168745 8 0 65530 0 0 0 38 42 0 0 1
3881 116 4 1475168745 8 0 65530 0 0 0 38 42 0 0 2
3882 59 5 1118458612 0 0 1048495 0 0 0 38 42 0 0 0
3883 116 5 1118458612 0 0 1048495 0 0 0 38 42 0 0 1
3884 97 5 1118458612 0 0 1048495 0 0 0 38 42 0 0 2
3885 103 5 1118458612 0 0 1048495 0 0 0 38 42 0 0 3
3886 38 6 3240805703 0 0 16775935 0 0 0 38 42 0 0 0
3887 103 6 3240805703 0 0 16775935 0 0 0 38 42 0 0 1
3888 116 6 3240805703 0 0 16775935 0 0 0 38 42 0 0 2
3889 59 7 1118416532 0 0 268414975 0 0 0 38 42 0 0 0
3890 10 0 0 0 0 0 0 0 0 0 42 0 0 0
3891 100 0 0 0 0 0 0 0 0 96 96 0 0 1
3892 111 0 0 0 0 0 0 0 0 96 96 0 0 2
3893 110 0 0 0 0 0 0 0 0 96 96 0 0 3
3894 39 0 0 0 0 0 0 0 0 96 96 0 0 4
3895 116 0 0 0 0 0 0 0 0 96 96 0 0 5
3896 32 1 1118391279 1024 0 13 0 0 0 96 96 0 0 0
3897 99 1 1118391279 1024 0 13 0 0 0 96 96 0 0 1
3898 97 1 1118391279 1024 0 13 0 0 0 96 96 0 0 2
3899 110 1 1118391279 1024 0 13 0 0 0 96 96 0 0 3
3900 39 1 1118391279 1024 0 13 0 0 0 96 96 0 0 4
3901 116 1 1118391279 1024 0 13 0 0 0 96 96 0 0 5
3902 32 2 2036711758 1024 0 221 0 0 0 96 96 0 0 0
3903 105 2 2036711758 1024 0 221 0 0 0 96 96 0 0 1
3904 116 2 2036711758 1024 0 221 0 0 0 96 96 0 0 2
3905 39 2 2036711758 1024 0 221 0 0 0 96 96 0 0 3
3906 115 2 2036711758 1024 0 221 0 0 0 96 96 0 0 4
3907 32 3 1118433364 1048584 0 3546 0 0 0 96 96 0 0 0
3908 116 3 1118433364 1048584 0 3546 0 0 0 96 96 0 0 1
3909 104 3 1118433364 1048584 0 3546 0 0 0 96 96 0 0 2
3910 101 3 1118433364 1048584 0 3546 0 0 0 96 96 0 0 3
3911 32 4 3240864613 16384 0 56742 0 0 0 96 96 0 0 0
3912 99 4 3240864613 16384 0 56742 0 0 0 96 96 0 0 1
3913 97 4 3240864613 16384 0 56742 0 0 0 96 96 0 0 2
3914 116 4 3240864613 16384 0 56742 0 0 0 96 96 0 0 3
3915 32 4 2036711764 2 0 907874 0 0 0 96 96 0 0 0
3916 115 4 2036711764 2 0 907874 0 0 0 96 96 0 0 1
3917 97 4 2036711764 2 0 907874 0 0 0 96 96 0 0 2
3918 116 4 2036711764 2 0 907874 0 0 0 96 96 0 0 3
3919 32 5 3169976660 0 0 14525999 0 0 0 96 96 0 0 0
3920 111 5 3169976660 0 0 14525999 0 0 0 96 96 0 0 1
3921 110 5 3169976660 0 0 14525999 0 0 0 96 96 0 0 2
3922 32 6 1118483854 65536 0 232415992 0 0 0 96 96 0 0 0
3923 116 6 1118483854 65536 0 232415992 0 0 0 96 96 0 0 1
3924 104 6 1118483854 65536 0 232415992 0 0 0 96 96 0 0 2
3925 101 6 1118483854 65536 0 232415992 0 0 0 96 96 0 0 3
3926 32 7 3240864613 16384 0 3718655878 0 0 0 96 96 0 0 0
3927 109 7 3240864613 16384 0 3718655878 0 0 0 96 96 0 0 1
3928 97 7 3240864613 16384 0 3718655878 0 0 0 96 96 0 0 2
3929 116 7 3240864613 16384 0 3718655878 0 0 0 96 96 0 0 3
3930 46 0 0 0 0 2788132384 0 0 0 96 96 0 0 0
3931 10 0 0 0 0 0 0 0 0 0 96 0 0 0
3932 159 0 0 0 0 0 0 0 0 96 96 0 0 0
3933 171 0 0 0 0 0 0 0 0 96 96 0 0 0
3934 10 0 0 0 0 0 0 0 0 0 96 0 0 0
3935 226 0 0 0 0 0 0 0 0 96 96 0 0 0
3936 195 0 0 0 0 0 0 0 0 96 96 0 0 0
3937 173 0 0 0 0 0 0 0 0 96 96 0 0 0
3938 32 0 0 0 0 0 0 0 0 96 96 0 0 0
3939 198 0 0 0 0 0 0 0 0 96 96 0 0 0
3940 134 0 0 0 0 0 0 0 0 96 96 0 0 0
3941 250 0 0 0 0 0 0 0 0 96 96 0 0 0
3942 46 0 0 0 0 0 0 0 0 96 96 0 0 0
3943 179 0 0 0 0 0 0 0 0 96 96 0 0 0
3944 205 0 0 0 0 0 0 0 0 96 96 0 0 0
3945 135 0 0 0 0 0 0 0 0 96 96 0 0 0
3946 44 0 0 0 0 0 0 0 0 96 96 0 0 0
3947 183 0 0 0 0 0 0 0 0 96 96 0 0 0
3948 192 0 0 0 0 0 0 0 0 96 96 0 0 0
3949 10 0 0 0 0 0 0 0 0 0 96 0 0 0
3950 180 0 0 0 0 0 0 0 0 96 96 0 0 0
3951 46 0 0 0 0 0 0 0 0 96 96 0 0 0
3952 129 0 0 0 0 0 0 0 0 96 96 0 0 0
3953 132 0 0 0 0 0 0 0 0 96 96 0 0 0
3954 166 0 0 0 0 0 0 0 0 96 96 0 0 0
3955 10 0 0 0 0 0 0 0 0 0 96 0 0 0
3956 182 0 0 0 0 0 0 0 0 96 96 0 0 0
3957 160 0 0 0 0 0 0 0 0 96 96 0 0 0
3958 46 0 0 0 0 0 0 0 0 96 96 0 0 0
3959 119 0 0 0 0 0 0 0 0 96 96 0 0 1
3960 111 0 0 0 0 0 0 0 0 96 96 0 0 2
3961 114 0 0 0 0 0 0 0 0 96 96 0 0 3
3962 100 0 0 0 0 0 0 0 0 96 96 0 0 4
3963 49 1 4155777060 0 0 15 0 0 0 96 96 0 0 0
3964 48 1 4155777060 0 0 15 0 0 0 96 96 0 0 0
3965 32 2 103144 131072 0 15 0 0 0 96 96 0 0 0
3966 97 2 103144 131072 0 15 0 0 0 96 96 0 0 1
3967 110 2 103144 131072 0 15 0 0 0 96 96 0 0 2
3968 111 2 103144 131072 0 15 0 0 0 96 96 0 0 3
3969 116 2 103144 131072 0 15 0 0 0 96 96 0 0 4
3970 104 2 103144 131072 0 15 0 0 0 96 96 0 0 5
3971 101 2 103144 131072 0 15 0 0 0 96 96 0 0 6
3972 114 2 103144 131072 0 15 0 0 0 96 96 0 0 7
3973 32 3 91021800 0 0 255 0 0 0 96 96 0 0 0
3974 91 3 91021800 0 0 255 0 0 0 96 91 0 0 0
3975 91 3 91021800 0 0 255 0 0 0 96 91 0 0 0
3976 65 3 91021800 0 0 255 0 0 0 96 91 0 0 0
3977 110 3 91021800 0 0 255 0 0 0 96 91 0 0 1
3978 110 3 91021800 0 0 255 0 0 0 96 91 0 0 2
3979 97 3 91021800 0 0 255 0 0 0 96 91 0 0 3
3980 93 4 2815940769 0 0 4095 0 0 0 96 91 0 0 0
3981 93 4 2815940769 0 0 4095 0 0 0 96 96 0 0 0
3982 32 4 2815940769 0 0 4095 0 0 0 96 96 0 0 0
3983 119 4 2815940769 0 0 4095 0 0 0 96 96 0 0 1
3984 97 4 2815940769 0 0 4095 0 0 0 96 96 0 0 2
3985 115 4 2815940769 0 0 4095 0 0 0 96 96 0 0 3
3986 32 5 3453292883 1 0 65521 3453292883 0 0 96 96 0 0 0
3987 97 5 3453292883 1 0 65521 3453292883 0 0 96 96 0 0 1
3988 32 6 1950627777 16384 0 1048342 3453292883 0 0 96 96 0 0 0
3989 39 6 1950627777 16384 0 1048342 3453292883 0 0 96 96 0 0 1
3990 39 7 1950627719 0 0 16773487 3453292883 0 0 96 96 0 0 0
3991 39 7 1950627719 0 0 16773487 3453292883 0 0 96 96 0 0 0
3992 113 7 1950627719 0 0 16773487 3453292883 0 0 96 96 0 0 1
3993 117 7 1950627719 0 0 16773487 3453292883 0 0 96 96 0 0 2
3994 101 7 1950627719 0 0 16773487 3453292883 0 0 96 96 0 0 3
3995 101 7 1950627719 0 0 16773487 3453292883 0 0 96 96 0 0 4
3996 110 7 1950627719 0 0 16773487 3453292883 0 0 96 96 0 0 5
3997 39 7 1950627719 0 0 16773487 3453292883 0 0 96 96 0 0 6
3998 39 8 3278097614 8 0 268375802 3453292883 0 0 96 96 0 0 0
3999 39 8 3278097614 8 0 268375802 3453292883 0 0 96 96 0 0 0
4000 32 8 3278097614 8 0 268375802 3453292883 0 0 96 96 0 0 0
4001 111 8 3278097614 8 0 268375802 3453292883 0 0 96 96 0 0 1
4002 102 8 3278097614 8 0 268375802 3453292883 0 0 96 96 0 0 2
4003 32 9 1118483846 65536 0 4294012840 3453292883 0 0 96 96 0 0 0
4004 91 9 1118483846 65536 0 4294012840 3453292883 0 0 96 91 0 0 0
4005 91 9 1118483846 65536 0 4294012840 3453292883 0 0 96 91 0 0 0
4006 70 9 1118483846 65536 0 4294012840 3453292883 0 0 96 91 0 0 0
4007 114 9 1118483846 65536 0 4294012840 3453292883 0 0 96 91 0 0 1
4008 97 9 1118483846 65536 0 4294012840 3453292883 0 0 96 91 0 0 2
4009 110 9 1118483846 65536 0 4294012840 3453292883 0 0 96 91 0 0 3
4010 99 9 1118483846 65536 0 4294012840 3453292883 0 0 96 91 0 0 4
4011 101 9 1118483846 65536 0 4294012840 3453292883 0 0 96 91 0 0 5
4012 93 10 3384763555 0 0 4279696015 3453292883 0 0 96 91 0 0 0
4013 93 10 3384763555 0 0 4279696015 3453292883 0 0 96 96 0 0 0
4014 32 10 3384763555 0 0 4279696015 3453292883 0 0 96 96 0 0 0
4015 105 10 3384763555 0 0 4279696015 3453292883 0 0 96 96 0 0 1
4016 110 10 3384763555 0 0 4279696015 3453292883 0 0 96 96 0 0 2
4017 32 11 1118433358 65536 0 4050626808 3453292883 0 0 96 96 0 0 0
4018 49 11 1118433358 65536 0 4050626808 3453292883 0 0 96 96 0 0 0
4019 55 11 1118433358 65536 0 4050626808 3453292883 0 0 96 96 0 0 0
4020 56 11 1118433358 65536 0 4050626808 3453292883 0 0 96 96 0 0 0
4021 57 11 1118433358 65536 0 4050626808 3453292883 0 0 96 96 0 0 0
4022 46 0 0 0 0 385519488 3453292883 0 0 96 96 0 0 0
4023 10 0 0 0 0 0 0 0 0 0 96 0 0 0
4024 61 0 0 0 0 0 0 0 0 61 96 0 0 0
4025 61 0 0 0 0 0 0 0 0 61 96 0 0 0
4026 32 0 0 0 0 0 0 0 0 61 96 0 0 0
4027 72 0 0 0 0 0 0 0 0 61 96 0 0 0
4028 105 0 0 0 0 0 0 0 0 61 96 0 0 1
4029 115 0 0 0 0 0 0 0 0 61 96 0 0 2
4030 116 0 0 0 0 0 0 0 0 61 96 0 0 3
4031 111 0 0 0 0 0 0 0 0 61 96 0 0 4
4032 114 0 0 0 0 0 0 0 0 61 96 0 0 5
4033 121 0 0 0 0 0 0 0 0 61 96 0 0 6
4034 32 1 1469161513 0 0 15 0 0 0 61 96 0 0 0
4035 61 1 1469161513 0 0 15 0 0 0 61 96 0 0 0
4036 61 1 1469161513 0 0 15 0 0 0 61 96 0 0 0
4037 10 0 0 0 0 0 0 0 0 0 96 0 0 0
4038 42 0 0 0 0 0 0 0 0 42 42 0 0 0
4039 32 0 0 0 0 0 0 0 0 42 42 0 0 0
4040 105 0 0 0 0 0 0 0 0 96 42 0 0 1
4041 116 0 0 0 0 0 0 0 0 96 42 0 0 2
4042 101 0 0 0 0 0 0 0 0 96 42 0 0 3
4043 109 0 0 0 0 0 0 0 0 96 42 0 0 4
4044 32 1 4268574925 0 0 15 0 0 0 96 42 0 0 0
4045 111 1 4268574925 0 0 15 0 0 0 96 42 0 0 1
4046 110 1 4268574925 0 0 15 0 0 0 96 42 0 0 2
4047 101 1 4268574925 0 0 15 0 0 0 96 42 0 0 3
4048 32 2 2886769829 131072 0 254 0 0 0 96 42 0 0 0
4049 40 2 2886769829 131072 0 254 0 0 0 96 42 0 0 0
4050 102 2 2886769829 131072 0 254 0 0 0 96 42 0 0 1
4051 105 2 2886769829 131072 0 254 0 0 0 96 42 0 0 2
4052 114 2 2886769829 131072 0 254 0 0 0 96 42 0 0 3
4053 115 2 2886769829 131072 0 254 0 0 0 96 42 0 0 4
4054 116 2 2886769829 131072 0 254 0 0 0 96 42 0 0 5
4055 41 2 2886769829 131072 0 65264 0 0 0 96 42 0 0 0
4056 10 0 0 0 0 0 0 0 0 0 42 0 0 0
4057 42 0 0 0 0 0 0 0 0 42 42 0 0 0
4058 32 0 0 0 0 0 0 0 0 42 42 0 0 0
4059 105 0 0 0 0 0 0 0 0 96 42 0 0 1
4060 116 0 0 0 0 0 0 0 0 96 42 0 0 2
4061 101 0 0 0 0 0 0 0 0 96 42 0 0 3
4062 109 0 0 0 0 0 0 0 0 96 42 0 0 4
4063 32 1 4268574925 0 0 15 0 0 0 96 42 0 0 0
4064 116 1 4268574925 0 0 15 0 0 0 96 42 0 0 1
4065 119 1 4268574925 0 0 15 0 0 0 96 42 0 0 2
4066 111 1 4268574925 0 0 15 0 0 0 96 42 0 0 3
4067 32 2 3240990863 131072 0 254 0 0 0 96 42 0 0 0
4068 91 2 3240990863 131072 0 254 0 0 0 96 91 0 0 0
4069 104 2 3240990863 131072 0 254 0 0 0 96 91 0 0 1
4070 116 2 3240990863 131072 0 254 0 0 0 96 91 0 0 2
4071 116 2 3240990863 131072 0 254 0 0 0 96 91 0 0 3
4072 112 2 3240990863 131072 0 254 0 0 0 96 91 0 0 4
4073 58 3 876852720 0 0 4079 0 0 0 96 91 0 0 0
4074 47 3 876852720 0 0 4079 0 0 0 96 91 0 0 0
4075 47 3 876852720 0 0 4079 0 0 0 96 91 0 0 0
4076 101 3 876852720 0 0 4079 0 0 0 96 91 0 0 1
4077 120 3 876852720 0 0 4079 0 0 0 96 91 0 0 2
4078 97 3 876852720 0 0 4079 0 0 0 96 91 0 0 3
4079 109 3 876852720 0 0 4079 0 0 0 96 91 0 0 4
4080 112 3 876852720 0 0 4079 0 0 0 96 91 0 0 5
4081 108 3 876852720 0 0 4079 0 0 0 96 91 0 0 6
4082 101 3 876852720 0 0 4079 0 0 0 96 91 0 0 7
4083 46 4 3291829868 0 0 1044464 0 0 0 96 91 0 0 0
4084 111 4 3291829868 0 0 1044464 0 0 0 96 91 0 0 1
4085 114 4 3291829868 0 0 1044464 0 0 0 96 91 0 0 2
4086 103 4 3291829868 0 0 1044464 0 0 0 96 91 0 0 3
4087 32 5 2886803495 0 0 16711439 0 0 0 96 91 0 0 0
4088 108 5 2886803495 0 0 16711439 0 0 0 96 91 0 0 1
4089 105 5 2886803495 0 0 16711439 0 0 0 96 91 0 0 2
4090 110 5 2886803495 0 0 16711439 0 0 0 96 91 0 0 3
4091 107 5 2886803495 0 0 16711439 0 0 0 96 91 0 0 4
4092 93 6 780174507 0 0 267383039 0 0 0 96 42 0 0 0
4093 32 6 780174507 0 0 267383039 0 0 1 64 42 0 0 0
4094 116 6 780174507 0 0 267383039 0 0 1 64 42 0 0 1
4095 101 6 780174507 0 0 267383039 0 0 1 64 42 0 0 2
4096 120 6 780174507 0 0 267383039 0 0 1 64 42 0 0 3
4097 116 6 780174507 0 0 267383039 0 0 1 64 42 0 0 4
4098 10 0 0 0 0 0 0 0 0 0 42 0 0 0
4099 84 0 0 0 0 0 0 0 0 84 42 0 0 0
4100 104 0 0 0 0 0 0 0 0 84 42 0 0 1
4101 101 0 0 0 0 0 0 0 0 84 42 0 0 2
4102 32 1 1118424933 2048 0 4 0 0 0 84 42 0 0 0
4103 123 1 1118424933 2048 0 4 0 0 0 84 42 0 0 0
4104 123 1 1118424933 2048 0 4 0 0 0 84 42 0 0 0
4105 99 1 1118424933 2048 0 4 0 0 0 84 42 0 0 1
4106 105 1 1118424933 2048 0 4 0 0 0 84 42 0 0 2
4107 116 1 1118424933 2048 0 4 0 0 0 84 42 0 0 3
4108 101 1 1118424933 2048 0 4 0 0 0 84 42 0 0 4
4109 124 2 318360037 0 0 79 0 0 0 84 42 0 0 0
4110 121 2 318360037 0 0 79 0 0 0 84 42 0 0 1
4111 101 2 318360037 0 0 79 0 0 0 84 42 0 0 2
4112 97 2 318360037 0 0 79 0 0 0 84 42 0 0 3
4113 114 2 318360037 0 0 79 0 0 0 84 42 0 0 4
4114 61 3 1641105746 0 0 1279 0 0 0 84 42 0 0 0
4115 49 3 1641105746 0 0 1279 0 0 0 84 42 0 0 0
4116 56 3 1641105746 0 0 1279 0 0 0 84 42 0 0 0
4117 48 3 1641105746 0 0 1279 0 0 0 84 42 0 0 0
4118 49 3 1641105746 0 0 1279 0 0 0 84 42 0 0 0
4119 125 4 1368491697 131072 0 1279 0 0 0 84 42 0 0 0
4120 125 4 1368491697 131072 0 1279 0 0 0 84 42 0 0 0
4121 32 4 1368491697 131072 0 1279 0 0 0 84 42 0 0 0
4122 115 4 1368491697 131072 0 1279 0 0 0 84 42 0 0 1
4123 97 4 1368491697 131072 0 1279 0 0 0 84 42 0 0 2
4124 105 4 1368491697 131072 0 1279 0 0 0 84 42 0 0 3
4125 100 4 1368491697 131072 0 1279 0 0 0 84 42 0 0 4
4126 58 5 2481602628 0 0 20479 0 0 0 84 42 0 0 0
4127 32 5 2481602628 0 0 20479 0 0 0 84 42 0 0 0
4128 34 5 2481602628 0 0 20479 0 0 0 84 42 0 0 0
4129 104 5 2481602628 0 0 20479 0 0 0 84 42 0 0 1
4130 101 5 2481602628 0 0 20479 0 0 0 84 42 0 0 2
4131 108 5 2481602628 0 0 20479 0 0 0 84 42 0 0 3
4132 108 5 2481602628 0 0 20479 0 0 0 84 42 0 0 4
4133 111 5 2481602628 0 0 20479 0 0 0 84 42 0 0 5
4134 44 6 933891823 0 0 327679 0 0 0 84 42 0 0 0
4135 32 6 933891823 0 0 327679 0 0 0 84 42 0 0 0
4136 119 6 933891823 0 0 327679 0 0 0 84 42 0 0 1
4137 111 6 933891823 0 0 327679 0 0 0 84 42 0 0 2
4138 114 6 933891823 0 0 327679 0 0 0 84 42 0 0 3
4139 108 6 933891823 0 0 327679 0 0 0 84 42 0 0 4
4140 100 6 933891823 0 0 327679 0 0 0 84 42 0 0 5
4141 33 7 1101113060 0 0 5242879 0 0 0 84 42 0 0 0
4142 34 7 1101113060 0 0 5242879 0 0 0 84 42 0 0 0
4143 10 0 0 0 0 0 0 0 0 0 42 0 0 0
4144 60 0 0 0 0 0 0 0 0 60 42 0 0 0
4145 114 0 0 0 0 0 0 0 0 60 42 0 0 1
4146 101 0 0 0 0 0 0 0 0 60 42 0 0 2
4147 102 0 0 0 0 0 0 0 0 60 42 0 0 3
4148 62 1 3099181254 0 0 15 0 0 0 60 42 0 0 0
4149 110 1 3099181254 0 0 15 0 0 0 60 42 0 0 1
4150 111 1 3099181254 0 0 15 0 0 0 60 42 0 0 2
4151 116 1 3099181254 0 0 15 0 0 0 60 42 0 0 3
4152 101 1 3099181254 0 0 15 0 0 0 60 42 0 0 4
4153 32 2 3693928933 0 0 255 0 0 0 60 42 0 0 0
4154 49 2 3693928933 0 0 255 0 0 0 60 42 0 0 0
4155 50 2 3693928933 0 0 255 0 0 0 60 42 0 0 0
4156 44 3 103146 131072 0 255 0 0 0 60 42 0 0 0
4157 51 3 103146 131072 0 255 0 0 0 60 42 0 0 0
4158 52 3 103146 131072 0 255 0 0 0 60 42 0 0 0
4159 53 3 103146 131072 0 255 0 0 0 60 42 0 0 0
4160 46 0 0 0 0 4080 0 0 0 60 42 0 0 0
4161 54 0 0 0 0 4080 0 0 0 60 42 0 0 0
4162 55 0 0 0 0 4080 0 0 0 60 42 0 0 0
4163 32 1 113671 131072 0 4080 0 0 0 60 42 0 0 0
4164 104 1 113671 131072 0 4080 0 0 0 60 42 0 0 1
4165 101 1 113671 131072 0 4080 0 0 0 60 42 0 0 2
4166 114 1 113671 131072 0 4080 0 0 0 60 42 0 0 3
4167 101 1 113671 131072 0 4080 0 0 0 60 42 0 0 4
4168 60 2 4109367333 0 0 65295 0 0 0 60 42 0 0 0
4169 47 2 4109367333 0 0 65295 0 0 0 60 42 0 0 0
4170 114 2 4109367333 0 0 65295 0 0 0 60 42 0 0 1
4171 101 2 4109367333 0 0 65295 0 0 0 60 42 0 0 2
4172 102 2 4109367333 0 0 65295 0 0 0 60 42 0 0 3
4173 62 3 3099181254 0 0 1044735 0 0 0 60 42 0 0 0
4174 10 0 0 0 0 0 0 0 0 0 42 0 0 0
4175 65 0 0 0 0 0 0 0 0 65 42 0 0 0
4176 32 0 0 0 0 0 0 0 0 65 42 0 0 0
4177 108 0 0 0 0 0 0 0 0 65 42 0 0 1
4178 105 0 0 0 0 0 0 0 0 65 42 0 0 2
4179 110 0 0 0 0 0 0 0 0 65 42 0 0 3
4180 101 0 0 0 0 0 0 0 0 65 42 0 0 4
4181 32 1 780174501 0 0 15 0 0 0 65 42 0 0 0
4182 119 1 780174501 0 0 15 0 0 0 65 42 0 0 1
4183 105 1 780174501 0 0 15 0 0 0 65 42 0 0 2
4184 116 1 780174501 0 0 15 0 0 0 65 42 0 0 3
4185 104 1 780174501 0 0 15 0 0 0 65 42 0 0 4
4186 32 2 3730819560 65536 0 248 0 0 0 65 42 0 0 0
4187 110 2 3730819560 65536 0 248 0 0 0 65 42 0 0 1
4188 117 2 3730819560 65536 0 248 0 0 0 65 42 0 0 2
4189 109 2 3730819560 65536 0 248 0 0 0 65 42 0 0 3
4190 98 2 3730819560 65536 0 248 0 0 0 65 42 0 0 4
4191 101 2 3730819560 65536 0 248 0 0 0 65 42 0 0 5
4192 114 2 3730819560 65536 0 248 0 0 0 65 42 0 0 6
4193 115 2 3730819560 65536 0 248 0 0 0 65 42 0 0 7
4194 32 3 3416096978 8 0 3978 0 0 0 65 42 0 0 0
4195 52 3 3416096978 8 0 3978 0 0 0 65 42 0 0 0
4196 50 3 3416096978 8 0 3978 0 0 0 65 42 0 0 0
4197 32 4 109458 131072 0 3978 0 0 0 65 42 0 0 0
4198 97 4 109458 131072 0 3978 0 0 0 65 42 0 0 1
4199 110 4 109458 131072 0 3978 0 0 0 65 42 0 0 2
4200 100 4 109458 131072 0 3978 0 0 0 65 42 0 0 3
4201 32 5 1895163044 32768 0 63655 0 0 0 65 42 0 0 0
4202 51 5 1895163044 32768 0 63655 0 0 0 65 42 0 0 0
4203 46 0 0 0 0 1018480 0 0 0 65 42 0 0 0
4204 49 0 0 0 0 1018480 0 0 0 65 42 0 0 0
4205 52 0 0 0 0 1018480 0 0 0 65 42 0 0 0
4206 32 1 103148 131072 0 1018480 0 0 0 65 42 0 0 0
4207 97 1 103148 131072 0 1018480 0 0 0 65 42 0 0 1
4208 110 1 103148 131072 0 1018480 0 0 0 65 42 0 0 2
4209 100 1 103148 131072 0 1018480 0 0 0 65 42 0 0 3
4210 32 2 1895163044 32768 0 16295687 0 0 0 65 42 0 0 0
4211 49 2 1895163044 32768 0 16295687 0 0 0 65 42 0 0 0
4212 44 3 49 131072 0 16295687 0 0 0 65 42 0 0 0
4213 48 3 49 131072 0 16295687 0 0 0 65 42 0 0 0
4214 48 3 49 131072 0 16295687 0 0 0 65 42 0 0 0
4215 48 3 49 131072 0 16295687 0 0 0 65 42 0 0 0
4216 46 0 0 0 0 260730992 0 0 0 65 42 0 0 0
4217 10 0 0 0 0 0 0 0 0 0 42 0 0 0
4218 38 0 0 0 0 0 0 0 0 38 42 0 0 0
4219 110 0 0 0 0 0 0 0 0 38 42 0 0 1
4220 98 0 0 0 0 0 0 0 0 38 42 0 0 2
4221 115 0 0 0 0 0 0 0 0 38 42 0 0 3
4222 112 0 0 0 0 0 0 0 0 38 42 0 0 4
4223 59 1 2773142800 0 0 15 0 0 0 38 42 0 0 0
4224 32 1 2773142800 0 0 15 0 0 0 38 42 0 0 0
4225 115 1 2773142800 0 0 15 0 0 0 38 42 0 0 1
4226 111 1 2773142800 0 0 15 0 0 0 38 42 0 0 2
4227 109 1 2773142800 0 0 15 0 0 0 38 42 0 0 3
4228 101 1 2773142800 0 0 15 0 0 0 38 42 0 0 4
4229 32 2 3473243077 0 0 255 0 0 0 38 42 0 0 0
4230 38 2 3473243077 0 0 255 0 0 0 38 42 0 0 0
4231 97 2 3473243077 0 0 255 0 0 0 38 42 0 0 1
4232 109 2 3473243077 0 0 255 0 0 0 38 42 0 0 2
4233 112 2 3473243077 0 0 255 0 0 0 38 42 0 0 3
4234 59 3 1895154640 0 0 4095 0 0 0 38 42 0 0 0
4235 32 3 1895154640 0 0 4095 0 0 0 38 42 0 0 0
4236 101 3 1895154640 0 0 4095 0 0 0 38 42 0 0 1
4237 110 3 1895154640 0 0 4095 0 0 0 38 42 0 0 2
4238 116 3 1895154640 0 0 4095 0 0 0 38 42 0 0 3
4239 105 3 1895154640 0 0 4095 0 0 0 38 42 0 0 4
4240 116 3 1895154640 0 0 4095 0 0 0 38 42 0 0 5
4241 105 3 1895154640 0 0 4095 0 0 0 38 42 0 0 6
4242 101 3 1895154640 0 0 4095 0 0 0 38 42 0 0 7
4243 115 3 1895154640 0 0 4095 0 0 0 38 42 0 0 8
4244 32 4 1475168745 8 0 65530 0 0 0 38 42 0 0 0
4245 38 4 1475168745 8 0 65530 0 0 0 38 42 0 0 0
4246 108 4 1475168745 8 0 65530 0 0 0 38 42 0 0 1
4247 116 4 1475168745 8 0 65530 0 0 0 38 42 0 0 2
4248 59 5 1118458612 0 0 1048495 0 0 0 38 42 0 0 0
4249 116 5 1118458612 0 0 1048495 0 0 0 38 42 0 0 1
4250 97 5 1118458612 0 0 1048495 0 0 0 38 42 0 0 2
4251 103 5 1118458612 0 0 1048495 0 0 0 38 42 0 0 3
4252 38 6 3240805703 0 0 16775935 0 0 0 38 42 0 0 0
4253 103 6 3240805703 0 0 16775935 0 0 0 38 42 0 0 1
4254 116 6 3240805703 0 0 16775935 0 0 0 38 42 0 0 2
4255 59 7 1118416532 0 0 268414975 0 0 0 38 42 0 0 0
4256 10 0 0 0 0 0 0 0 0 0 42 0 0 0
4257 100 0 0 0 0 0 0 0 0 96 96 0 0 1
4258 111 0 0 0 0 0 0 0 0 96 96 0 0 2
4259 110 0 0 0 0 0 0 0 0 96 96 0 0 3
4260 39 0 0 0 0 0 0 0 0 96 96 0 0 4
4261 116 0 0 0 0 0 0 0 0 96 96 0 0 5
4262 32 1 1118391279 1024 0 13 0 0 0 96 96 0 0 0
4263 99 1 1118391279 1024 0 13 0 0 0 96 96 0 0 1
4264 97 1 1118391279 1024 0 13 0 0 0 96 96 0 0 2
4265 110 1 1118391279 1024 0 13 0 0 0 96 96 0 0 3
4266 39 1 1118391279 1024 0 13 0 0 0 96 96 0 0 4
4267 116 1 1118391279 1024 0 13 0 0 0 96 96 0 0 5
4268 32 2 2036711758 1024 0 221 0 0 0 96 96 0 0 0
4269 105 2 2036711758 1024 0 221 0 0 0 96 96 0 0 1
4270 116 2 2036711758 1024 0 221 0 0 0 96 96 0 0 2
4271 39 2 2036711758 1024 0 221 0 0 0 96 96 0 0 3
4272 115 2 2036711758 1024 0 221 0 0 0 96 96 0 0 4
4273 32 3 1118433364 1048584 0 3546 0 0 0 96 96 0 0 0
4274 116 3 1118433364 1048584 0 3546 0 0 0 96 96 0 0 1
4275 104 3 1118433364 1048584 0 3546 0 0 0 96 96 0 0 2
4276 101 3 1118433364 1048584 0 3546 0 0 0 96 96 0 0 3
4277 32 4 3240864613 16384 0 56742 0 0 0 96 96 0 0 0
4278 99 4 3240864613 16384 0 56742 0 0 0 96 96 0 0 1
4279 97 4 3240864613 16384 0 56742 0 0 0 96 96 0 0 2
4280 116 4 3240864613 16384 0 56742 0 0 0 96 96 0 0 3
4281 32 4 2036711764 2 0 907874 0 0 0 96 96 0 0 0
4282 115 4 2036711764 2 0 907874 0 0 0 96 96 0 0 1
4283 97 4 2036711764 2 0 907874 0 0 0 96 96 0 0 2
4284 116 4 2036711764 2 0 907874 0 0 0 96 96 0 0 3
4285 32 5 3169976660 0 0 14525999 0 0 0 96 96 0 0 0
4286 111 5 3169976660 0 0 14525999 0 0 0 96 96 0 0 1
4287 110 5 3169976660 0 0 14525999 0 0 0 96 96 0 0 2
4288 32 6 1118483854 65536 0 232415992 0 0 0 96 96 0 0 0
4289 116 6 1118483854 65536 0 232415992 0 0 0 96 96 0 0 1
4290 104 6 1118483854 65536 0 232415992 0 0 0 96 96 0 0 2
4291 101 6 1118483854 65536 0 232415992 0 0 0 96 96 0 0 3
4292 32 7 3240864613 16384 0 3718655878 0 0 0 96 96 0 0 0
4293 109 7 3240864613 16384 0 3718655878 0 0 0 96 96 0 0 1
4294 97 7 3240864613 16384 0 3718655878 0 0 0 96 96 0 0 2
4295 116 7 3240864613 16384 0 3718655878 0 0 0 96 96 0 0 3
4296 46 0 0 0 0 2788132384 0 0 0 96 96 0 0 0
4297 10 0 0 0 0 0 0 0 0 0 96 0 0 0
4298 201 0 0 0 0 0 0 0 0 96 96 0 0 0
4299 135 0 0 0 0 0 0 0 0 96 96 0 0 0
4300 181 0 0 0 0 0 0 0 0 96 96 0 0 0
4301 44 0 0 0 0 0 0 0 0 96 96 0 0 0
4302 230 0 0 0 0 0 0 0 0 96 96 0 0 0
4303 240 0 0 0 0 0 0 0 0 96 96 0 0 0
4304 46 0 0 0 0 0 0 0 0 96 96 0 0 0
4305 200 0 0 0 0 0 0 0 0 96 96 0 0 0
4306 146 0 0 0 0 0 0 0 0 96 96 0 0 0
4307 250 0 0 0 0 0 0 0 0 96 96 0 0 0
4308 44 0 0 0 0 0 0 0 0 96 96 0 0 0
4309 168 0 0 0 0 0 0 0 0 96 96 0 0 0
4310 236 0 0 0 0 0 0 0 0 96 96 0 0 0
4311 140 0 0 0 0 0 0 0 0 96 96 0 0 0
4312 32 0 0 0 0 0 0 0 0 96 96 0 0 0
4313 158 0 0 0 0 0 0 0 0 96 96 0 0 0
4314 196 0 0 0 0 0 0 0 0 96 96 0 0 0
4315 208 0 0 0 0 0 0 0 0 96 96 0 0 0
4316 44 0 0 0 0 0 0 0 0 96 96 0 0 0
4317 228 0 0 0 0 0 0 0 0 96 96 0 0 0
4318 250 0 0 0 0 0 0 0 0 96 96 0 0 0
4319 151 0 0 0 0 0 0 0 0 96 96 0 0 0
4320 44 0 0 0 0 0 0 0 0 96 96 0 0 0
4321 159 0 0 0 0 0 0 0 0 96 96 0 0 0
4322 238 0 0 0 0 0 0 0 0 96 96 0 0 0
4323 186 0 0 0 0 0 0 0 0 96 96 0 0 0
4324 32 0 0 0 0 0 0 0 0 96 96 0 0 0
4325 167 0 0 0 0 0 0 0 0 96 96 0 0 0
4326 131 0 0 0 0 0 0 0 0 96 96 0 0 0
4327 46 0 0 0 0 0 0 0 0 96 96 0 0 0
4328 119 0 0 0 0 0 0 0 0 96 96 0 0 1
4329 111 0 0 0 0 0 0 0 0 96 96 0 0 2
4330 114 0 0 0 0 0 0 0 0 96 96 0 0 3
4331 100 0 0 0 0 0 0 0 0 96 96 0 0 4
4332 49 1 4155777060 0 0 15 0 0 0 96 96 0 0 0
4333 49 1 4155777060 0 0 15 0 0 0 96 96 0 0 0
4334 32 2 103145 131072 0 15 0 0 0 96 96 0 0 0
4335 97 2 103145 131072 0 15 0 0 0 96 96 0 0 1
4336 110 2 103145 131072 0 15 0 0 0 96 96 0 0 2
4337 111 2 103145 131072 0 15 0 0 0 96 96 0 0 3
4338 116 2 103145 131072 0 15 0 0 0 96 96 0 0 4
4339 104 2 103145 131072 0 15 0 0 0 96 96 0 0 5
4340 101 2 103145 131072 0 15 0 0 0 96 96 0 0 6
4341 114 2 103145 131072 0 15 0 0 0 96 96 0 0 7
4342 32 3 91021800 0 0 255 0 0 0 96 96 0 0 0
4343 91 3 91021800 0 0 255 0 0 0 96 91 0 0 0
4344 91 3 91021800 0 0 255 0 0 0 96 91 0 0 0
4345 65 3 91021800 0 0 255 0 0 0 96 91 0 0 0
4346 110 3 91021800 0 0 255 0 0 0 96 91 0 0 1
4347 110 3 91021800 0 0 255 0 0 0 96 91 0 0 2
4348 97 3 91021800 0 0 255 0 0 0 96 91 0 0 3
4349 93 4 2815940769 0 0 4095 0 0 0 96 91 0 0 0
4350 93 4 2815940769 0 0 4095 0 0 0 96 96 0 0 0
4351 32 4 2815940769 0 0 4095 0 0 0 96 96 0 0 0
4352 119 4 2815940769 0 0 4095 0 0 0 96 96 0 0 1
4353 97 4 2815940769 0 0 4095 0 0 0 96 96 0 0 2
4354 115 4 2815940769 0 0 4095 0 0 0 96 96 0 0 3
4355 32 5 3453292883 1 0 65521 3453292883 0 0 96 96 0 0 0
4356 97 5 3453292883 1 0 65521 3453292883 0 0 96 96 0 0 1
4357 32 6 1950627777 16384 0 1048342 3453292883 0 0 96 96 0 0 0
4358 39 6 1950627777 16384 0 1048342 3453292883 0 0 96 96 0 0 1
4359 39 7 1950627719 0 0 16773487 3453292883 0 0 96 96 0 0 0
4360 39 7 1950627719 0 0 16773487 3453292883 0 0 96 96 0 0 0
4361 113 7 1950627719 0 0 16773487 3453292883 0 0 96 96 0 0 1
4362 117 7 1950627719 0 0 16773487 3453292883 0 0 96 96 0 0 2
4363 101 7 1950627719 0 0 16773487 3453292883 0 0 96 96 0 0 3
4364 101 7 1950627719 0 0 16773487 3453292883 0 0 96 96 0 0 4
4365 110 7 1950627719 0 0 16773487 3453292883 0 0 96 96 0 0 5
4366 39 7 1950627719 0 0 16773487 3453292883 0 0 96 96 0 0 6
4367 39 8 3278097614 8 0 268375802 3453292883 0 0 96 96 0 0 0
4368 39 8 3278097614 8 0 268375802 3453292883 0 0 96 96 0 0 0
4369 32 8 3278097614 8 0 268375802 3453292883 0 0 96 96 0 0 0
4370 111 8 3278097614 8 0 268375802 3453292883 0 0 96 96 0 0 1
4371 102 8 3278097614 8 0 268375802 3453292883 0 0 96 96 0 0 2
4372 32 9 1118483846 65536 0 4294012840 3453292883 0 0 96 96 0 0 0
4373 91 9 1118483846 65536 0 4294012840 3453292883 0 0 96 91 0 0 0
4374 91 9 1118483846 65536 0 4294012840 3453292883 0 0 96 91 0 0 0
4375 70 9 1118483846 65536 0 4294012840 3453292883 0 0 96 91 0 0 0
4376 114 9 1118483846 65536 0 4294012840 3453292883 0 0 96 91 0 0 1
4377 97 9 1118483846 65536 0 4294012840 3453292883 0 0 96 91 0 0 2
4378 110 9 1118483846 65536 0 4294012840 3453292883 0 0 96 91 0 0 3
4379 99 9 1118483846 65536 0 4294012840 3453292883 0 0 96 91 0 0 4
4380 101 9 1118483846 65536 0 4294012840 3453292883 0 0 96 91 0 0 5
4381 93 10 3384763555 0 0 4279696015 3453292883 0 0 96 91 0 0 0
4382 93 10 3384763555 0 0 4279696015 3453292883 0 0 96 96 0 0 0
4383 32 10 3384763555 0 0 4279696015 3453292883 0 0 96 96 0 0 0
4384 105 10 3384763555 0 0 4279696015 3453292883 0 0 96 96 0 0 1
4385 110 10 3384763555 0 0 4279696015 3453292883 0 0 96 96 0 0 2
4386 32 11 1118433358 65536 0 4050626808 3453292883 0 0 96 96 0 0 0
4387 49 11 1118433358 65536 0 4050626808 3453292883 0 0 96 96 0 0 0
4388 55 11 1118433358 65536 0 4050626808 3453292883 0 0 96 96 0 0 0
4389 56 11 1118433358 65536 0 4050626808 3453292883 0 0 96 96 0 0 0
4390 57 11 1118433358 65536 0 4050626808 3453292883 0 0 96 96 0 0 0
4391 46 0 0 0 0 385519488 3453292883 0 0 96 96 0 0 0
4392 10 0 0 0 0 0 0 0 0 0 96 0 0 0
4393 61 0 0 0 0 0 0 0 0 61 96 0 0 0
4394 61 0 0 0 0 0 0 0 0 61 96 0 0 0
4395 32 0 0 0 0 0 0 0 0 61 96 0 0 0
4396 72 0 0 0 0 0 0 0 0 61 96 0 0 0
4397 105 0 0 0 0 0 0 0 0 61 96 0 0 1
4398 115 0 0 0 0 0 0 0 0 61 96 0 0 2
4399 116 0 0 0 0 0 0 0 0 61 96 0 0 3
4400 111 0 0 0 0 0 0 0 0 61 96 0 0 4
4401 114 0 0 0 0 0 0 0 0 61 96 0 0 5
4402 121 0 0 0 0 0 0 0 0 61 96 0 0 6
4403 32 1 1469161513 0 0 15 0 0 0 61 96 0 0 0
4404 61 1 1469161513 0 0 15 0 0 0 61 96 0 0 0
4405 61 1 1469161513 0 0 15 0 0 0 61 96 0 0 0
4406 10 0 0 0 0 0 0 0 0 0 96 0 0 0
4407 42 0 0 0 0 0 0 0 0 42 42 0 0 0
4408 32 0 0 0 0 0 0 0 0 42 42 0 0 0
4409 105 0 0 0 0 0 0 0 0 96 42 0 0 1
4410 116 0 0 0 0 0 0 0 0 96 42 0 0 2
4411 101 0 0 0 0 0 0 0 0 96 42 0 0 3
4412 109 0 0 0 0 0 0 0 0 96 42 0 0 4
4413 32 1 4268574925 0 0 15 0 0 0 96 42 0 0 0
4414 111 1 4268574925 0 0 15 0 0 0 96 42 0 0 1
4415 110 1 4268574925 0 0 15 0 0 0 96 42 0 0 2
4416 101 1 4268574925 0 0 15 0 0 0 96 42 0 0 3
4417 32 2 2886769829 131072 0 254 0 0 0 96 42 0 0 0
4418 40 2 2886769829 131072 0 254 0 0 0 96 42 0 0 0
4419 102 2 2886769829 131072 0 254 0 0 0 96 42 0 0 1
4420 105 2 2886769829 131072 0 254 0 0 0 96 42 0 0 2
4421 114 2 2886769829 131072 0 254 0 0 0 96 42 0 0 3
4422 115 2 2886769829 131072 0 254 0 0 0 96 42 0 0 4
4423 116 2 2886769829 131072 0 254 0 0 0 96 42 0 0 5
4424 41 2 2886769829 131072 0 65264 0 0 0 96 42 0 0 0
4425 10 0 0 0 0 0 0 0 0 0 42 0 0 0
4426 42 0 0 0 0 0 0 0 0 42 42 0 0 0
4427 32 0 0 0 0 0 0 0 0 42 42 0 0 0
4428 105 0 0 0 0 0 0 0 0 96 42 0 0 1
4429 116 0 0 0 0 0 0 0 0 96 42 0 0 2
4430 101 0 0 0 0 0 0 0 0 96 42 0 0 3
4431 109 0 0 0 0 0 0 0 0 96 42 0 0 4
4432 32 1 4268574925 0 0 15 0 0 0 96 42 0 0 0
4433 116 1 4268574925 0 0 15 0 0 0 96 42 0 0 1
4434 119 1 4268574925 0 0 15 0 0 0 96 42 0 0 2
4435 111 1 4268574925 0 0 15 0 0 0 96 42 0 0 3
4436 32 2 3240990863 131072 0 254 0 0 0 96 42 0 0 0
4437 91 2 3240990863 131072 0 254 0 0 0 96 91 0 0 0
4438 104 2 3240990863 131072 0 254 0 0 0 96 91 0 0 1
4439 116 2 3240990863 131072 0 254 0 0 0 96 91 0 0 2
4440 116 2 3240990863 131072 0 254 0 0 0 96 91 0 0 3
4441 112 2 3240990863 131072 0 254 0 0 0 96 91 0 0 4
4442 58 3 876852720 0 0 4079 0 0 0 96 91 0 0 0
4443 47 3 876852720 0 0 4079 0 0 0 96 91 0 0 0
4444 47 3 876852720 0 0 4079 0 0 0 96 91 0 0 0
4445 101 3 876852720 0 0 4079 0 0 0 96 91 0 0 1
4446 120 3 876852720 0 0 4079 0 0 0 96 91 0 0 2
4447 97 3 876852720 0 0 4079 0 0 0 96 91 0 0 3
4448 109 3 876852720 0 0 4079 0 0 0 96 91 0 0 4
4449 112 3 876852720 0 0 4079 0 0 0 96 91 0 0 5
4450 108 3 876852720 0 0 4079 0 0 0 96 91 0 0 6
4451 101 3 876852720 0 0 4079 0 0 0 96 91 0 0 7
4452 46 4 3291829868 0 0 1044464 0 0 0 96 91 0 0 0
4453 111 4 3291829868 0 0 1044464 0 0 0 96 91 0 0 1
4454 114 4 3291829868 0 0 1044464 0 0 0 96 91 0 0 2
4455 103 4 3291829868 0 0 1044464 0 0 0 96 91 0 0 3
4456 32 5 2886803495 0 0 16711439 0 0 0 96 91 0 0 0
4457 108 5 2886803495 0 0 16711439 0 0 0 96 91 0 0 1
4458 105 5 2886803495 0 0 16711439 0 0 0 96 91 0 0 2
4459 110 5 2886803495 0 0 16711439 0 0 0 96 91 0 0 3
4460 107 5 2886803495 0 0 16711439 0 0 0 96 91 0 0 4
4461 93 6 780174507 0 0 267383039 0 0 0 96 42 0 0 0
4462 32 6 780174507 0 0 267383039 0 0 1 64 42 0 0 0
4463 116 6 780174507 0 0 267383039 0 0 1 64 42 0 0 1
4464 101 6 780174507 0 0 267383039 0 0 1 64 42 0 0 2
4465 120 6 780174507 0 0 267383039 0 0 1 64 42 0 0 3
4466 116 6 780174507 0 0 267383039 0 0 1 64 42 0 0 4
4467 10 0 0 0 0 0 0 0 0 0 42 0 0 0
4468 84 0 0 0 0 0 0 0 0 84 42 0 0 0
4469 104 0 0 0 0 0 0 0 0 84 42 0 0 1
4470 101 0 0 0 0 0 0 0 0 84 42 0 0 2
4471 32 1 1118424933 2048 0 4 0 0 0 84 42 0 0 0
4472 123 1 1118424933 2048 0 4 0 0 0 84 42 0 0 0
4473 123 1 1118424933 2048 0 4 0 0 0 84 42 0 0 0
4474 99 1 1118424933 2048 0 4 0 0 0 84 42 0 0 1
4475 105 1 1118424933 2048 0 4 0 0 0 84 42 0 0 2
4476 116 1 1118424933 2048 0 4 0 0 0 84 42 0 0 3
4477 101 1 1118424933 2048 0 4 0 0 0 84 42 0 0 4
4478 124 2 318360037 0 0 79 0 0 0 84 42 0 0 0
4479 121 2 318360037 0 0 79 0 0 0 84 42 0 0 1
4480 101 2 318360037 0 0 79 0 0 0 84 42 0 0 2
4481 97 2 318360037 0 0 79 0 0 0 84 42 0 0 3
4482 114 2 318360037 0 0 79 0 0 0 84 42 0 0 4
4483 61 3 1641105746 0 0 1279 0 0 0 84 42 0 0 0
4484 49 3 1641105746 0 0 1279 0 0 0 84 42 0 0 0
4485 56 3 1641105746 0 0 1279 0 0 0 84 42 0 0 0
4486 48 3 1641105746 0 0 1279 0 0 0 84 42 0 0 0
4487 49 3 1641105746 0 0 1279 0 0 0 84 42 0 0 0
4488 125 4 1368491697 131072 0 1279 0 0 0 84 42 0 0 0
4489 125 4 1368491697 131072 0 1279 0 0 0 84 42 0 0 0
4490 32 4 1368491697 131072 0 1279 0 0 0 84 42 0 0 0
4491 115 4 1368491697 131072 0 1279 0 0 0 84 42 0 0 1
4492 97 4 1368491697 131072 0 1279 0 0 0 84 42 0 0 2
4493 105 4 1368491697 131072 0 1279 0 0 0 84 42 0 0 3
4494 100 4 1368491697 131072 0 1279 0 0 0 84 42 0 0 4
4495 58 5 2481602628 0 0 20479 0 0 0 84 42 0 0 0
4496 32 5 2481602628 0 0 20479 0 0 0 84 42 0 0 0
4497 34 5 2481602628 0 0 20479 0 0 0 84 42 0 0 0
4498 104 5 2481602628 0 0 20479 0 0 0 84 42 0 0 1
4499 101 5 2481602628 0 0 20479 0 0 0 84 42 0 0 2
4500 108 5 2481602628 0 0 20479 0 0 0 84 42 0 0 3
4501 108 5 2481602628 0 0 20479 0 0 0 84 42 0 0 4
4502 111 5 2481602628 0 0 20479 0 0 0 84 42 0 0 5
4503 44 6 933891823 0 0 327679 0 0 0 84 42 0 0 0
4504 32 6 933891823 0 0 327679 0 0 0 84 42 0 0 0
4505 119 6 933891823 0 0 327679 0 0 0 84 42 0 0 1
4506 111 6 933891823 0 0 327679 0 0 0 84 42 0 0 2
4507 114 6 933891823 0 0 327679 0 0 0 84 42 0 0 3
4508 108 6 933891823 0 0 327679 0 0 0 84 42 0 0 4
4509 100 6 933891823 0 0 327679 0 0 0 84 42 0 0 5
4510 33 7 1101113060 0 0 5242879 0 0 0 84 42 0 0 0
4511 34 7 1101113060 0 0 5242879 0 0 0 84 42 0 0 0
4512 10 0 0 0 0 0 0 0 0 0 42 0 0 0
4513 60 0 0 0 0 0 0 0 0 60 42 0 0 0
4514 114 0 0 0 0 0 0 0 0 60 42 0 0 1
4515 101 0 0 0 0 0 0 0 0 60 42 0 0 2
4516 102 0 0 0 0 0 0 0 0 60 42 0 0 3
4517 62 1 3099181254 0 0 15 0 0 0 60 42 0 0 0
4518 110 1 3099181254 0 0 15 0 0 0 60 42 0 0 1
4519 111 1 3099181254 0 0 15 0 0 0 60 42 0 0 2
4520 116 1 3099181254 0 0 15 0 0 0 60 42 0 0 3
4521 101 1 3099181254 0 0 15 0 0 0 60 42 0 0 4
4522 32 2 3693928933 0 0 255 0 0 0 60 42 0 0 0
4523 49 2 3693928933 0 0 255 0 0 0 60 42 0 0 0
4524 50 2 3693928933 0 0 255 0 0 0 60 42 0 0 0
4525 44 3 103146 131072 0 255 0 0 0 60 42 0 0 0
4526 51 3 103146 131072 0 255 0 0 0 60 42 0 0 0
4527 52 3 103146 131072 0 255 0 0 0 60 42 0 0 0
4528 53 3 103146 131072 0 255 0 0 0 60 42 0 0 0
4529 46 0 0 0 0 4080 0 0 0 60 42 0 0 0
4530 54 0 0 0 0 4080 0 0 0 60 42 0 0 0
4531 55 0 0 0 0 4080 0 0 0 60 42 0 0 0
4532 32 1 113671 131072 0 4080 0 0 0 60 42 0 0 0
4533 104 1 113671 131072 0 4080 0 0 0 60 42 0 0 1
4534 101 1 113671 131072 0 4080 0 0 0 60 42 0 0 2
4535 114 1 113671 131072 0 4080 0 0 0 60 42 0 0 3
4536 101 1 113671 131072 0 4080 0 0 0 60 42 0 0 4
4537 60 2 4109367333 0 0 65295 0 0 0 60 42 0 0 0
4538 47 2 4109367333 0 0 65295 0 0 0 60 42 0 0 0
4539 114 2 4109367333 0 0 65295 0 0 0 60 42 0 0 1
4540 101 2 4109367333 0 0 65295 0 0 0 60 42 0 0 2
4541 102 2 4109367333 0 0 65295 0 0 0 60 42 0 0 3
4542 62 3 3099181254 0 0 1044735 0 0 0 60 42 0 0 0
4543 10 0 0 0 0 0 0 0 0 0 42 0 0 0
4544 65 0 0 0 0 0 0 0 0 65 42 0 0 0
4545 32 0 0 0 0 0 0 0 0 65 42 0 0 0
4546 108 0 0 0 0 0 0 0 0 65 42 0 0 1
4547 105 0 0 0 0 0 0 0 0 65 42 0 0 2
4548 110 0 0 0 0 0 0 0 0 65 42 0 0 3
4549 101 0 0 0 0 0 0 0 0 65 42 0 0 4
4550 32 1 780174501 0 0 15 0 0 0 65 42 0 0 0
4551 119 1 780174501 0 0 15 0 0 0 65 42 0 0 1
4552 105 1 780174501 0 0 15 0 0 0 65 42 0 0 2
4553 116 1 780174501 0 0 15 0 0 0 65 42 0 0 3
4554 104 1 780174501 0 0 15 0 0 0 65 42 0 0 4
4555 32 2 3730819560 65536 0 248 0 0 0 65 42 0 0 0
4556 110 2 3730819560 65536 0 248 0 0 0 65 42 0 0 1
4557 117 2 3730819560 65536 0 248 0 0 0 65 42 0 0 2
4558 109 2 3730819560 65536 0 248 0 0 0 65 42 0 0 3
4559 98 2 3730819560 65536 0 248 0 0 0 65 42 0 0 4
4560 101 2 3730819560 65536 0 248 0 0 0 65 42 0 0 5
4561 114 2 3730819560 65536 0 248 0 0 0 65 42 0 0 6
4562 115 2 3730819560 65536 0 248 0 0 0 65 42 0 0 7
4563 32 3 3416096978 8 0 3978 0 0 0 65 42 0 0 0
4564 52 3 3416096978 8 0 3978 0 0 0 65 42 0 0 0
4565 50 3 3416096978 8 0 3978 0 0 0 65 42 0 0 0
4566 32 4 109458 131072 0 3978 0 0 0 65 42 0 0 0
4567 97 4 109458 131072 0 3978 0 0 0 65 42 0 0 1
4568 110 4 109458 131072 0 3978 0 0 0 65 42 0 0 2
4569 100 4 109458 131072 0 3978 0 0 0 65 42 0 0 3
4570 32 5 1895163044 32768 0 63655 0 0 0 65 42 0 0 0
4571 51 5 1895163044 32768 0 63655 0 0 0 65 42 0 0 0
4572 46 0 0 0 0 1018480 0 0 0 65 42 0 0 0
4573 49 0 0 0 0 1018480 0 0 0 65 42 0 0 0
4574 52 0 0 0 0 1018480 0 0 0 65 42 0 0 0
4575 32 1 103148 131072 0 1018480 0 0 0 65 42 0 0 0
4576 97 1 103148 131072 0 1018480 0 0 0 65 42 0 0 1
4577 110 1 103148 131072 0 1018480 0 0 0 65 42 0 0 2
4578 100 1 103148 131072 0 1018480 0 0 0 65 42 0 0 3
4579 32 2 1895163044 32768 0 16295687 0 0 0 65 42 0 0 0
4580 49 2 1895163044 32768 0 16295687 0 0 0 65 42 0 0 0
4581 44 3 49 131072 0 16295687 0 0 0 65 42 0 0 0
4582 48 3 49 131072 0 16295687 0 0 0 65 42 0 0 0
4583 48 3 49 131072 0 16295687 0 0 0 65 42 0 0 0
4584 48 3 49 131072 0 16295687 0 0 0 65 42 0 0 0
4585 46 0 0 0 0 260730992 0 0 0 65 42 0 0 0
4586 10 0 0 0 0 0 0 0 0 0 42 0 0 0
4587 38 0 0 0 0 0 0 0 0 38 42 0 0 0
4588 110 0 0 0 0 0 0 0 0 38 42 0 0 1
4589 98 0 0 0 0 0 0 0 0 38 42 0 0 2
4590 115 0 0 0 0 0 0 0 0 38 42 0 0 3
4591 112 0 0 0 0 0 0 0 0 38 42 0 0 4
4592 59 1 2773142800 0 0 15 0 0 0 38 42 0 0 0
4593 32 1 2773142800 0 0 15 0 0 0 38 42 0 0 0
4594 115 1 2773142800 0 0 15 0 0 0 38 42 0 0 1
4595 111 1 2773142800 0 0 15 0 0 0 38 42 0 0 2
4596 109 1 2773142800 0 0 15 0 0 0 38 42 0 0 3
4597 101 1 2773142800 0 0 15 0 0 0 38 42 0 0 4
4598 32 2 3473243077 0 0 255 0 0 0 38 42 0 0 0
4599 38 2 3473243077 0 0 255 0 0 0 38 42 0 0 0
4600 97 2 3473243077 0 0 255 0 0 0 38 42 0 0 1
4601 109 2 3473243077 0 0 255 0 0 0 38 42 0 0 2
4602 112 2 3473243077 0 0 255 0 0 0 38 42 0 0 3
4603 59 3 1895154640 0 0 4095 0 0 0 38 42 0 0 0
4604 32 3 1895154640 0 0 4095 0 0 0 38 42 0 0 0
4605 101 3 1895154640 0 0 4095 0 0 0 38 42 0 0 1
4606 110 3 1895154640 0 0 4095 0 0 0 38 42 0 0 2
4607 116 3 1895154640 0 0 4095 0 0 0 38 42 0 0 3
4608 105 3 1895154640 0 0 4095 0 0 0 38 42 0 0 4
4609 116 3 1895154640 0 0 4095 0 0 0 38 42 0 0 5
4610 105 3 1895154640 0 0 4095 0 0 0 38 42 0 0 6
4611 101 3 1895154640 0 0 4095 0 0 0 38 42 0 0 7
4612 115 3 1895154640 0 0 4095 0 0 0 38 42 0 0 8
4613 32 4 1475168745 8 0 65530 0 0 0 38 42 0 0 0
4614 38 4 1475168745 8 0 65530 0 0 0 38 42 0 0 0
4615 108 4 1475168745 8 0 65530 0 0 0 38 42 0 0 1
4616 116 4 1475168745 8 0 65530 0 0 0 38 42 0 0 2
4617 59 5 1118458612 0 0 1048495 0 0 0 38 42 0 0 0
4618 116 5 1118458612 0 0 1048495 0 0 0 38 42 0 0 1
4619 97 5 1118458612 0 0 1048495 0 0 0 38 42 0 0 2
4620 103 5 1118458612 0 0 1048495 0 0 0 38 42 0 0 3
4621 38 6 3240805703 0 0 16775935 0 0 0 38 42 0 0 0
4622 103 6 3240805703 0 0 16775935 0 0 0 38 42 0 0 1
4623 116 6 3240805703 0 0 16775935 0 0 0 38 42 0 0 2
4624 59 7 1118416532 0 0 268414975 0 0 0 38 42 0 0 0
4625 10 0 0 0 0 0 0 0 0 0 42 0 0 0
4626 100 0 0 0 0 0 0 0 0 96 96 0 0 1
4627 111 0 0 0 0 0 0 0 0 96 96 0 0 2
4628 110 0 0 0 0 0 0 0 0 96 96 0 0 3
4629 39 0 0 0 0 0 0 0 0 96 96 0 0 4
4630 116 0 0 0 0 0 0 0 0 96 96 0 0 5
4631 32 1 1118391279 1024 0 13 0 0 0 96 96 0 0 0
4632 99 1 1118391279 1024 0 13 0 0 0 96 96 0 0 1
4633 97 1 1118391279 1024 0 13 0 0 0 96 96 0 0 2
4634 110 1 1118391279 1024 0 13 0 0 0 96 96 0 0 3
4635 39 1 1118391279 1024 0 13 0 0 0 96 96 0 0 4
4636 116 1 1118391279 1024 0 13 0 0 0 96 96 0 0 5
4637 32 2 2036711758 1024 0 221 0 0 0 96 96 0 0 0
4638 105 2 2036711758 1024 0 221 0 0 0 96 96 0 0 1
4639 116 2 2036711758 1024 0 221 0 0 0 96 96 0 0 2
4640 39 2 2036711758 1024 0 221 0 0 0 96 96 0 0 3
4641 115 2 2036711758 1024 0 221 0 0 0 96 96 0 0 4
4642 32 3 1118433364 1048584 0 3546 0 0 0 96 96 0 0 0
4643 116 3 1118433364 1048584 0 3546 0 0 0 96 96 0 0 1
4644 104 3 1118433364 1048584 0 3546 0 0 0 96 96 0 0 2
4645 101 3 1118433364 1048584 0 3546 0 0 0 96 96 0 0 3
4646 32 4 3240864613 16384 0 56742 0 0 0 96 96 0 0 0
4647 99 4 3240864613 16384 0 56742 0 0 0 96 96 0 0 1
4648 97 4 3240864613 16384 0 56742 0 0 0 96 96 0 0 2
4649 116 4 3240864613 16384 0 56742 0 0 0 96 96 0 0 3
4650 32 4 2036711764 2 0 907874 0 0 0 96 96 0 0 0
4651 115 4 2036711764 2 0 907874 0 0 0 96 96 0 0 1
4652 97 4 2036711764 2 0 907874 0 0 0 96 96 0 0 2
4653 116 4 2036711764 2 0 907874 0 0 0 96 96 0 0 3
4654 32 5 3169976660 0 0 14525999 0 0 0 96 96 0 0 0
4655 111 5 3169976660 0 0 14525999 0 0 0 96 96 0 0 1
4656 110 5 3169976660 0 0 14525999 0 0 0 96 96 0 0 2
4657 32 6 1118483854 65536 0 232415992 0 0 0 96 96 0 0 0
4658 116 6 1118483854 65536 0 232415992 0 0 0 96 96 0 0 1
4659 104 6 1118483854 65536 0 232415992 0 0 0 96 96 0 0 2
4660 101 6 1118483854 65536 0 232415992 0 0 0 96 96 0 0 3
4661 32 7 3240864613 16384 0 3718655878 0 0 0 96 96 0 0 0
4662 109 7 3240864613 16384 0 3718655878 0 0 0 96 96 0 0 1
4663 97 7 3240864613 16384 0 3718655878 0 0 0 96 96 0 0 2
4664 116 7 3240864613 16384 0 3718655878 0 0 0 96 96 0 0 3
4665 46 0 0 0 0 2788132384 0 0 0 96 96 0 0 0
4666 10 0 0 0 0 0 0 0 0 0 96 0 0 0
4667 197 0 0 0 0 0 0 0 0 96 96 0 0 0
4668 10 0 0 0 0 0 0 0 0 0 96 0 0 0
4669 169 0 0 0 0 0 0 0 0 96 96 0 0 0
4670 207 0 0 0 0 0 0 0 0 96 96 0 0 0
4671 46 0 0 0 0 0 0 0 0 96 96 0 0 0
4672 208 0 0 0 0 0 0 0 0 96 96 0 0 0
4673 238 0 0 0 0 0 0 0 0 96 96 0 0 0
4674 138 0 0 0 0 0 0 0 0 96 96 0 0 0
4675 46 0 0 0 0 0 0 0 0 96 96 0 0 0
4676 245 0 0 0 0 0 0 0 0 96 96 0 0 0
4677 32 0 0 0 0 0 0 0 0 96 96 0 0 0
4678 228 0 0 0 0 0 0 0 0 96 96 0 0 0
4679 255 0 0 0 0 0 0 0 0 96 96 0 0 0
4680 10 0 0 0 0 0 0 0 0 0 96 0 0 0
4681 223 0 0 0 0 0 0 0 0 96 96 0 0 0
4682 204 0 0 0 0 0 0 0 0 96 96 0 0 0
4683 161 0 0 0 0 0 0 0 0 96 96 0 0 0
4684 44 0 0 0 0 0 0 0 0 96 96 0 0 0
4685 130 0 0 0 0 0 0 0 0 96 96 0 0 0
4686 247 0 0 0 0 0 0 0 0 96 96 0 0 0
4687 46 0 0 0 0 0 0 0 0 96 96 0 0 0
4688 232 0 0 0 0 0 0 0 0 96 96 0 0 0
4689 44 0 0 0 0 0 0 0 0 96 96 0 0 0
4690 119 0 0 0 0 0 0 0 0 96 96 0 0 1
4691 111 0 0 0 0 0 0 0 0 96 96 0 0 2
4692 114 0 0 0 0 0 0 0 0 96 96 0 0 3
4693 100 0 0 0 0 0 0 0 0 96 96 0 0 4
4694 49 1 4155777060 0 0 15 0 0 0 96 96 0 0 0
4695 50 1 4155777060 0 0 15 0 0 0 96 96 0 0 0
4696 32 2 103146 131072 0 15 0 0 0 96 96 0 0 0
4697 97 2 103146 131072 0 15 0 0 0 96 96 0 0 1
4698 110 2 103146 131072 0 15 0 0 0 96 96 0 0 2
4699 111 2 103146 131072 0 15 0 0 0 96 96 0 0 3
4700 116 2 103146 131072 0 15 0 0 0 96 96 0 0 4
4701 104 2 103146 131072 0 15 0 0 0 96 96 0 0 5
4702 101 2 103146 131072 0 15 0 0 0 96 96 0 0 6
4703 114 2 103146 131072 0 15 0 0 0 96 96 0 0 7
4704 32 3 91021800 0 0 255 0 0 0 96 96 0 0 0
4705 91 3 91021800 0 0 255 0 0 0 96 91 0 0 0
4706 91 3 91021800 0 0 255 0 0 0 96 91 0 0 0
4707 65 3 91021800 0 0 255 0 0 0 96 91 0 0 0
4708 110 3 91021800 0 0 255 0 0 0 96 91 0 0 1
4709 110 3 91021800 0 0 255 0 0 0 96 91 0 0 2
4710 97 3 91021800 0 0 255 0 0 0 96 91 0 0 3
4711 93 4 2815940769 0 0 4095 0 0 0 96 91 0 0 0
4712 93 4 2815940769 0 0 4095 0 0 0 96 96 0 0 0
4713 32 4 2815940769 0 0 4095 0 0 0 96 96 0 0 0
4714 119 4 2815940769 0 0 4095 0 0 0 96 96 0 0 1
4715 97 4 2815940769 0 0 4095 0 0 0 96 96 0 0 2
4716 115 4 2815940769 0 0 4095 0 0 0 96 96 0 0 3
4717 32 5 3453292883 1 0 65521 3453292883 0 0 96 96 0 0 0
4718 97 5 3453292883 1 0 65521 3453292883 0 0 96 96 0 0 1
4719 32 6 1950627777 16384 0 1048342 3453292883 0 0 96 96 0 0 0
4720 39 6 1950627777 16384 0 1048342 3453292883 0 0 96 96 0 0 1
4721 39 7 1950627719 0 0 16773487 3453292883 0 0 96 96 0 0 0
4722 39 7 1950627719 0 0 16773487 3453292883 0 0 96 96 0 0 0
4723 113 7 1950627719 0 0 16773487 3453292883 0 0 96 96 0 0 1
4724 117 7 1950627719 0 0 16773487 3453292883 0 0 96 96 0 0 2
4725 101 7 1950627719 0 0 16773487 3453292883 0 0 96 96 0 0 3
4726 101 7 1950627719 0 0 16773487 3453292883 0 0 96 96 0 0 4
4727 110 7 1950627719 0 0 16773487 3453292883 0 0 96 96 0 0 5
4728 39 7 1950627719 0 0 16773487 3453292883 0 0 96 96 0 0 6
4729 39 8 3278097614 8 0 268375802 3453292883 0 0 96 96 0 0 0
4730 39 8 3278097614 8 0 268375802 3453292883 0 0 96 96 0 0 0
4731 32 8 3278097614 8 0 268375802 3453292883 0 0 96 96 0 0 0
4732 111 8 3278097614 8 0 268375802 3453292883 0 0 96 96 0 0 1
4733 102 8 3278097614 8 0 268375802 3453292883 0 0 96 96 0 0 2
4734 32 9 1118483846 65536 0 4294012840 3453292883 0 0 96 96 0 0 0
4735 91 9 1118483846 65536 0 4294012840 3453292883 0 0 96 91 0 0 0
4736 91 9 1118483846 65536 0 4294012840 3453292883 0 0 96 91 0 0 0
4737 70 9 1118483846 65536 0 4294012840 3453292883 0 0 96 91 0 0 0
4738 114 9 1118483846 65536 0 4294012840 3453292883 0 0 96 91 0 0 1
4739 97 9 1118483846 65536 0 4294012840 3453292883 0 0 96 91 0 0 2
4740 110 9 1118483846 65536 0 4294012840 3453292883 0 0 96 91 0 0 3
4741 99 9 1118483846 65536 0 4294012840 3453292883 0 0 96 91 0 0 4
4742 101 9 1118483846 65536 0 4294012840 3453292883 0 0 96 91 0 0 5
4743 93 10 3384763555 0 0 4279696015 3453292883 0 0 96 91 0 0 0
4744 93 10 3384763555 0 0 4279696015 3453292883 0 0 96 96 0 0 0
4745 32 10 3384763555 0 0 4279696015 3453292883 0 0 96 96 0 0 0
4746 105 10 3384763555 0 0 4279696015 3453292883 0 0 96 96 0 0 1
4747 110 10 3384763555 0 0 4279696015 3453292883 0 0 96 96 0 0 2
4748 32 11 1118433358 65536 0 4050626808 3453292883 0 0 96 96 0 0 0
4749 49 11 1118433358 65536 0 4050626808 3453292883 0 0 96 96 0 0 0
4750 55 11 1118433358 65536 0 4050626808 3453292883 0 0 96 96 0 0 0
4751 56 11 1118433358 65536 0 4050626808 3453292883 0 0 96 96 0 0 0
4752 57 11 1118433358 65536 0 4050626808 3453292883 0 0 96 96 0 0 0
4753 46 0 0 0 0 385519488 3453292883 0 0 96 96 0 0 0
4754 10 0 0 0 0 0 0 0 0 0 96 0 0 0
4755 61 0 0 0 0 0 0 0 0 61 96 0 0 0
4756 61 0 0 0 0 0 0 0 0 61 96 0 0 0
4757 32 0 0 0 0 0 0 0 0 61 96 0 0 0
4758 72 0 0 0 0 0 0 0 0 61 96 0 0 0
4759 105 0 0 0 0 0 0 0 0 61 96 0 0 1
4760 115 0 0 0 0 0 0 0 0 61 96 0 0 2
4761 116 0 0 0 0 0 0 0 0 61 96 0 0 3
4762 111 0 0 0 0 0 0 0 0 61 96 0 0 4
4763 114 0 0 0 0 0 0 0 0 61 96 0 0 5
4764 121 0 0 0 0 0 0 0 0 61 96 0 0 6
4765 32 1 1469161513 0 0 15 0 0 0 61 96 0 0 0
4766 61 1 1469161513 0 0 15 0 0 0 61 96 0 0 0
4767 61 1 1469161513 0 0 15 0 0 0 61 96 0 0 0
4768 10 0 0 0 0 0 0 0 0 0 96 0 0 0
4769 42 0 0 0 0 0 0 0 0 42 42 0 0 0
4770 32 0 0 0 0 0 0 0 0 42 42 0 0 0
4771 105 0 0 0 0 0 0 0 0 96 42 0 0 1
4772 116 0 0 0 0 0 0 0 0 96 42 0 0 2
4773 101 0 0 0 0 0 0 0 0 96 42 0 0 3
4774 109 0 0 0 0 0 0 0 0 96 42 0 0 4
4775 32 1 4268574925 0 0 15 0 0 0 96 42 0 0 0
4776 111 1 4268574925 0 0 15 0 0 0 96 42 0 0 1
4777 110 1 4268574925 0 0 15 0 0 0 96 42 0 0 2
4778 101 1 4268574925 0 0 15 0 0 0 96 42 0 0 3
4779 32 2 2886769829 131072 0 254 0 0 0 96 42 0 0 0
4780 40 2 2886769829 131072 0 254 0 0 0 96 42 0 0 0
4781 102 2 2886769829 131072 0 254 0 0 0 96 42 0 0 1
4782 105 2 2886769829 131072 0 254 0 0 0 96 42 0 0 2
4783 114 2 2886769829 131072 0 254 0 0 0 96 42 0 0 3
4784 115 2 2886769829 131072 0 254 0 0 0 96 42 0 0 4
4785 116 2 2886769829 131072 0 254 0 0 0 96 42 0 0 5
4786 41 2 2886769829 131072 0 65264 0 0 0 96 42 0 0 0
4787 10 0 0 0 0 0 0 0 0 0 42 0 0 0
4788 42 0 0 0 0 0 0 0 0 42 42 0 0 0
4789 32 0 0 0 0 0 0 0 0 42 42 0 0 0
4790 105 0 0 0 0 0 0 0 0 96 42 0 0 1
4791 116 0 0 0 0 0 0 0 0 96 42 0 0 2
4792 101 0 0 0 0 0 0 0 0 96 42 0 0 3
4793 109 0 0 0 0 0 0 0 0 96 42 0 0 4
4794 32 1 4268574925 0 0 15 0 0 0 96 42 0 0 0
4795 116 1 4268574925 0 0 15 0 0 0 96 42 0 0 1
4796 119 1 4268574925 0 0 15 0 0 0 96 42 0 0 2
4797 111 1 4268574925 0 0 15 0 0 0 96 42 0 0 3
4798 32 2 3240990863 131072 0 254 0 0 0 96 42 0 0 0
4799 91 2 3240990863 131072 0 254 0 0 0 96 91 0 0 0
4800 104 2 3240990863 131072 0 254 0 0 0 96 91 0 0 1
4801 116 2 3240990863 131072 0 254 0 0 0 96 91 0 0 2
4802 116 2 3240990863 131072 0 254 0 0 0 96 91 0 0 3
4803 112 2 3240990863 131072 0 254 0 0 0 96 91 0 0 4
4804 58 3 876852720 0 0 4079 0 0 0 96 91 0 0 0
4805 47 3 876852720 0 0 4079 0 0 0 96 91 0 0 0
4806 47 3 876852720 0 0 4079 0 0 0 96 91 0 0 0
4807 101 3 876852720 0 0 4079 0 0 0 96 91 0 0 1
4808 120 3 876852720 0 0 4079 0 0 0 96 91 0 0 2
4809 97 3 876852720 0 0 4079 0 0 0 96 91 0 0 3
4810 109 3 876852720 0 0 4079 0 0 0 96 91 0 0 4
4811 112 3 876852720 0 0 4079 0 0 0 96 91 0 0 5
4812 108 3 876852720 0 0 4079 0 0 0 96 91 0 0 6
4813 101 3 876852720 0 0 4079 0 0 0 96 91 0 0 7
4814 46 4 3291829868 0 0 1044464 0 0 0 96 91 0 0 0
4815 111 4 3291829868 0 0 1044464 0 0 0 96 91 0 0 1
4816 114 4 3291829868 0 0 1044464 0 0 0 96 91 0 0 2
4817 103 4 3291829868 0 0 1044464 0 0 0 96 91 0 0 3
4818 32 5 2886803495 0 0 16711439 0 0 0 96 91 0 0 0
4819 108 5 2886803495 0 0 16711439 0 0 0 96 91 0 0 1
4820 105 5 2886803495 0 0 16711439 0 0 0 96 91 0 0 2
4821 110 5 2886803495 0 0 16711439 0 0 0 96 91 0 0 3
4822 107 5 2886803495 0 0 16711439 0 0 0 96 91 0 0 4
4823 93 6 780174507 0 0 267383039 0 0 0 96 42 0 0 0
4824 32 6 780174507 0 0 267383039 0 0 1 64 42 0 0 0
4825 116 6 780174507 0 0 267383039 0 0 1 64 42 0 0 1
4826 101 6 780174507 0 0 267383039 0 0 1 64 42 0 0 2
4827 120 6 780174507 0 0 267383039 0 0 1 64 42 0 0 3
4828 116 6 780174507 0 0 267383039 0 0 1 64 42 0 0 4
4829 10 0 0 0 0 0 0 0 0 0 42 0 0 0
4830 84 0 0 0 0 0 0 0 0 84 42 0 0 0
4831 104 0 0 0 0 0 0 0 0 84 42 0 0 1
4832 101 0 0 0 0 0 0 0 0 84 42 0 0 2
4833 32 1 1118424933 2048 0 4 0 0 0 84 42 0 0 0
4834 123 1 1118424933 2048 0 4 0 0 0 84 42 0 0 0
4835 123 1 1118424933 2048 0 4 0 0 0 84 42 0 0 0
4836 99 1 1118424933 2048 0 4 0 0 0 84 42 0 0 1
4837 105 1 1118424933 2048 0 4 0 0 0 84 42 0 0 2
4838 116 1 1118424933 2048 0 4 0 0 0 84 42 0 0 3
4839 101 1 1118424933 2048 0 4 0 0 0 84 42 0 0 4
4840 124 2 318360037 0 0 79 0 0 0 84 42 0 0 0
4841 121 2 318360037 0 0 79 0 0 0 84 42 0 0 1
4842 101 2 318360037 0 0 79 0 0 0 84 42 0 0 2
4843 97 2 318360037 0 0 79 0 0 0 84 42 0 0 3
4844 114 2 318360037 0 0 79 0 0 0 84 42 0 0 4
4845 61 3 1641105746 0 0 1279 0 0 0 84 42 0 0 0
4846 49 3 1641105746 0 0 1279 0 0 0 84 42 0 0 0
4847 56 3 1641105746 0 0 1279 0 0 0 84 42 0 0 0
4848 48 3 1641105746 0 0 1279 0 0 0 84 42 0 0 0
4849 49 3 1641105746 0 0 1279 0 0 0 84 42 0 0 0
4850 125 4 1368491697 131072 0 1279 0 0 0 84 42 0 0 0
4851 125 4 1368491697 131072 0 1279 0 0 0 84 42 0 0 0
4852 32 4 1368491697 131072 0 1279 0 0 0 84 42 0 0 0
4853 115 4 1368491697 131072 0 1279 0 0 0 84 42 0 0 1
4854 97 4 1368491697 131072 0 1279 0 0 0 84 42 0 0 2
4855 105 4 1368491697 131072 0 1279 0 0 0 84 42 0 0 3
4856 100 4 1368491697 131072 0 1279 0 0 0 84 42 0 0 4
4857 58 5 2481602628 0 0 20479 0 0 0 84 42 0 0 0
4858 32 5 2481602628 0 0 20479 0 0 0 84 42 0 0 0
4859 34 5 2481602628 0 0 20479 0 0 0 84 42 0 0 0
4860 104 5 2481602628 0 0 20479 0 0 0 84 42 0 0 1
4861 101 5 2481602628 0 0 20479 0 0 0 84 42 0 0 2
4862 108 5 2481602628 0 0 20479 0 0 0 84 42 0 0 3
4863 108 5 2481602628 0 0 20479 0 0 0 84 42 0 0 4
4864 111 5 2481602628 0 0 20479 0 0 0 84 42 0 0 5
4865 44 6 933891823 0 0 327679 0 0 0 84 42 0 0 0
4866 32 6 933891823 0 0 327679 0 0 0 84 42 0 0 0
4867 119 6 933891823 0 0 327679 0 0 0 84 42 0 0 1
4868 111 6 933891823 0 0 327679 0 0 0 84 42 0 0 2
4869 114 6 933891823 0 0 327679 0 0 0 84 42 0 0 3
4870 108 6 933891823 0 0 327679 0 0 0 84 42 0 0 4
4871 100 6 933891823 0 0 327679 0 0 0 84 42 0 0 5
4872 33 7 1101113060 0 0 5242879 0 0 0 84 42 0 0 0
4873 34 7 1101113060 0 0 5242879 0 0 0 84 42 0 0 0
4874 10 0 0 0 0 0 0 0 0 0 42 0 0 0
4875 60 0 0 0 0 0 0 0 0 60 42 0 0 0
4876 114 0 0 0 0 0 0 0 0 60 42 0 0 1
4877 101 0 0 0 0 0 0 0 0 60 42 0 0 2
4878 102 0 0 0 0 0 0 0 0 60 42 0 0 3
4879 62 1 3099181254 0 0 15 0 0 0 60 42 0 0 0
4880 110 1 3099181254 0 0 15 0 0 0 60 42 0 0 1
4881 111 1 3099181254 0 0 15 0 0 0 60 42 0 0 2
4882 116 1 3099181254 0 0 15 0 0 0 60 42 0 0 3
4883 101 1 3099181254 0 0 15 0 0 0 60 42 0 0 4
4884 32 2 3693928933 0 0 255 0 0 0 60 42 0 0 0
4885 49 2 3693928933 0 0 255 0 0 0 60 42 0 0 0
4886 50 2 3693928933 0 0 255 0 0 0 60 42 0 0 0
4887 44 3 103146 131072 0 255 0 0 0 60 42 0 0 0
4888 51 3 103146 131072 0 255 0 0 0 60 42 0 0 0
4889 52 3 103146 131072 0 255 0 0 0 60 42 0 0 0
4890 53 3 103146 131072 0 255 0 0 0 60 42 0 0 0
4891 46 0 0 0 0 4080 0 0 0 60 42 0 0 0
4892 54 0 0 0 0 4080 0 0 0 60 42 0 0 0
4893 55 0 0 0 0 4080 0 0 0 60 42 0 0 0
4894 32 1 113671 131072 0 4080 0 0 0 60 42 0 0 0
4895 104 1 113671 131072 0 4080 0 0 0 60 42 0 0 1
4896 101 1 113671 131072 0 4080 0 0 0 60 42 0 0 2
4897 114 1 113671 131072 0 4080 0 0 0 60 42 0 0 3
4898 101 1 113671 131072 0 4080 0 0 0 60 42 0 0 4
4899 60 2 4109367333 0 0 65295 0 0 0 60 42 0 0 0
4900 47 2 4109367333 0 0 65295 0 0 0 60 42 0 0 0
4901 114 2 4109367333 0 0 65295 0 0 0 60 42 0 0 1
4902 101 2 4109367333 0 0 65295 0 0 0 60 42 0 0 2
4903 102 2 4109367333 0 0 65295 0 0 0 60 42 0 0 3
4904 62 3 3099181254 0 0 1044735 0 0 0 60 42 0 0 0
4905 10 0 0 0 0 0 0 0 0 0 42 0 0 0
4906 65 0 0 0 0 0 0 0 0 65 42 0 0 0
4907 32 0 0 0 0 0 0 0 0 65 42 0 0 0
4908 108 0 0 0 0 0 0 0 0 65 42 0 0 1
4909 105 0 0 0 0 0 0 0 0 65 42 0 0 2
4910 110 0 0 0 0 0 0 0 0 65 42 0 0 3
4911 101 0 0 0 0 0 0 0 0 65 42 0 0 4
4912 32 1 780174501 0 0 15 0 0 0 65 42 0 0 0
4913 119 1 780174501 0 0 15 0 0 0 65 42 0 0 1
4914 105 1 780174501 0 0 15 0 0 0 65 42 0 0 2
4915 116 1 780174501 0 0 15 0 0 0 65 42 0 0 3
4916 104 1 780174501 0 0 15 0 0 0 65 42 0 0 4
4917 32 2 3730819560 65536 0 248 0 0 0 65 42 0 0 0
4918 110 2 3730819560 65536 0 248 0 0 0 65 42 0 0 1
4919 117 2 3730819560 65536 0 248 0 0 0 65 42 0 0 2
4920 109 2 3730819560 65536 0 248 0 0 0 65 42 0 0 3
4921 98 2 3730819560 65536 0 248 0 0 0 65 42 0 0 4
4922 101 2 3730819560 65536 0 248 0 0 0 65 42 0 0 5
4923 114 2 3730819560 65536 0 248 0 0 0 65 42 0 0 6
4924 115 2 3730819560 65536 0 248 0 0 0 65 42 0 0 7
4925 32 3 3416096978 8 0 3978 0 0 0 65 42 0 0 0
4926 52 3 3416096978 8 0 3978 0 0 0 65 42 0 0 0
4927 50 3 3416096978 8 0 3978 0 0 0 65 42 0 0 0
4928 32 4 109458 131072 0 3978 0 0 0 65 42 0 0 0
4929 97 4 109458 131072 0 3978 0 0 0 65 42 0 0 1
4930 110 4 109458 131072 0 3978 0 0 0 65 42 0 0 2
4931 100 4 109458 131072 0 3978 0 0 0 65 42 0 0 3
4932 32 5 1895163044 32768 0 63655 0 0 0 65 42 0 0 0
4933 51 5 1895163044 32768 0 63655 0 0 0 65 42 0 0 0
4934 46 0 0 0 0 1018480 0 0 0 65 42 0 0 0
4935 49 0 0 0 0 1018480 0 0 0 65 42 0 0 0
4936 52 0 0 0 0 1018480 0 0 0 65 42 0 0 0
4937 32 1 103148 131072 0 1018480 0 0 0 65 42 0 0 0
4938 97 1 103148 131072 0 1018480 0 0 0 65 42 0 0 1
4939 110 1 103148 131072 0 1018480 0 0 0 65 42 0 0 2
4940 100 1 103148 131072 0 1018480 0 0 0 65 42 0 0 3
4941 32 2 1895163044 32768 0 16295687 0 0 0 65 42 0 0 0
4942 49 2 1895163044 32768 0 16295687 0 0 0 65 42 0 0 0
4943 44 3 49 131072 0 16295687 0 0 0 65 42 0 0 0
4944 48 3 49 131072 0 16295687 0 0 0 65 42 0 0 0
4945 48 3 49 131072 0 16295687 0 0 0 65 42 0 0 0
4946 48 3 49 131072 0 16295687 0 0 0 65 42 0 0 0
4947 46 0 0 0 0 260730992 0 0 0 65 42 0 0 0
4948 10 0 0 0 0 0 0 0 0 0 42 0 0 0
4949 38 0 0 0 0 0 0 0 0 38 42 0 0 0
4950 110 0 0 0 0 0 0 0 0 38 42 0 0 1
4951 98 0 0 0 0 0 0 0 0 38 42 0 0 2
4952 115 0 0 0 0 0 0 0 0 38 42 0 0 3
4953 112 0 0 0 0 0 0 0 0 38 42 0 0 4
4954 59 1 2773142800 0 0 15 0 0 0 38 42 0 0 0
4955 32 1 2773142800 0 0 15 0 0 0 38 42 0 0 0
4956 115 1 2773142800 0 0 15 0 0 0 38 42 0 0 1
4957 111 1 2773142800 0 0 15 0 0 0 38 42 0 0 2
4958 109 1 2773142800 0 0 15 0 0 0 38 42 0 0 3
4959 101 1 2773142800 0 0 15 0 0 0 38 42 0 0 4
4960 32 2 3473243077 0 0 255 0 0 0 38 42 0 0 0
4961 38 2 3473243077 0 0 255 0 0 0 38 42 0 0 0
4962 97 2 3473243077 0 0 255 0 0 0 38 42 0 0 1
4963 109 2 3473243077 0 0 255 0 0 0 38 42 0 0 2
4964 112 2 3473243077 0 0 255 0 0 0 38 42 0 0 3
4965 59 3 1895154640 0 0 4095 0 0 0 38 42 0 0 0
4966 32 3 1895154640 0 0 4095 0 0 0 38 42 0 0 0
4967 101 3 1895154640 0 0 4095 0 0 0 38 42 0 0 1
4968 110 3 1895154640 0 0 4095 0 0 0 38 42 0 0 2
4969 116 3 1895154640 0 0 4095 0 0 0 38 42 0 0 3
4970 105 3 1895154640 0 0 4095 0 0 0 38 42 0 0 4
4971 116 3 1895154640 0 0 4095 0 0 0 38 42 0 0 5
4972 105 3 1895154640 0 0 4095 0 0 0 38 42 0 0 6
4973 101 3 1895154640 0 0 4095 0 0 0 38 42 0 0 7
4974 115 3 1895154640 0 0 4095 0 0 0 38 42 0 0 8
4975 32 4 1475168745 8 0 65530 0 0 0 38 42 0 0 0
4976 38 4 1475168745 8 0 65530 0 0 0 38 42 0 0 0
4977 108 4 1475168745 8 0 65530 0 0 0 38 42 0 0 1
4978 116 4 1475168745 8 0 65530 0 0 0 38 42 0 0 2
4979 59 5 1118458612 0 0 1048495 0 0 0 38 42 0 0 0
4980 116 5 1118458612 0 0 1048495 0 0 0 38 42 0 0 1
4981 97 5 1118458612 0 0 1048495 0 0 0 38 42 0 0 2
4982 103 5 1118458612 0 0 1048495 0 0 0 38 42 0 0 3
4983 38 6 3240805703 0 0 16775935 0 0 0 38 42 0 0 0
4984 103 6 3240805703 0 0 16775935 0 0 0 38 42 0 0 1
4985 116 6 3240805703 0 0 16775935 0 0 0 38 42 0 0 2
4986 59 7 1118416532 0 0 268414975 0 0 0 38 42 0 0 0
4987 10 0 0 0 0 0 0 0 0 0 42 0 0 0
4988 100 0 0 0 0 0 0 0 0 96 96 0 0 1
4989 111 0 0 0 0 0 0 0 0 96 96 0 0 2
4990 110 0 0 0 0 0 0 0 0 96 96 0 0 3
4991 39 0 0 0 0 0 0 0 0 96 96 0 0 4
4992 116 0 0 0 0 0 0 0 0 96 96 0 0 5
4993 32 1 1118391279 1024 0 13 0 0 0 96 96 0 0 0
4994 99 1 1118391279 1024 0 13 0 0 0 96 96 0 0 1
4995 97 1 1118391279 1024 0 13 0 0 0 96 96 0 0 2
4996 110 1 1118391279 1024 0 13 0 0 0 96 96 0 0 3
4997 39 1 1118391279 1024 0 13 0 0 0 96 96 0 0 4
4998 116 1 1118391279 1024 0 13 0 0 0 96 96 0 0 5
4999 32 2 2036711758 1024 0 221 0 0 0 96 96 0 0 0
5000 105 2 2036711758 1024 0 221 0 0 0 96 96 0 0 1
5001 116 2 2036711758 1024 0 221 0 0 0 96 96 0 0 2
5002 39 2 2036711758 1024 0 221 0 0 0 96 96 0 0 3
5003 115 2 2036711758 1024 0 221 0 0 0 96 96 0 0 4
5004 32 3 1118433364 1048584 0 3546 0 0 0 96 96 0 0 0
5005 116 3 1118433364 1048584 0 3546 0 0 0 96 96 0 0 1
5006 104 3 1118433364 1048584 0 3546 0 0 0 96 96 0 0 2
5007 101 3 1118433364 1048584 0 3546 0 0 0 96 96 0 0 3
5008 32 4 3240864613 16384 0 56742 0 0 0 96 96 0 0 0
5009 99 4 3240864613 16384 0 56742 0 0 0 96 96 0 0 1
5010 97 4 3240864613 16384 0 56742 0 0 0 96 96 0 0 2
5011 116 4 3240864613 16384 0 56742 0 0 0 96 96 0 0 3
5012 32 4 2036711764 2 0 907874 0 0 0 96 96 0 0 0
5013 115 4 2036711764 2 0 907874 0 0 0 96 96 0 0 1
5014 97 4 2036711764 2 0 907874 0 0 0 96 96 0 0 2
5015 116 4 2036711764 2 0 907874 0 0 0 96 96 0 0 3
5016 32 5 3169976660 0 0 14525999 0 0 0 96 96 0 0 0
5017 111 5 3169976660 0 0 14525999 0 0 0 96 96 0 0 1
5018 110 5 3169976660 0 0 14525999 0 0 0 96 96 0 0 2
5019 32 6 1118483854 65536 0 232415992 0 0 0 96 96 0 0 0
5020 116 6 1118483854 65536 0 232415992 0 0 0 96 96 0 0 1
5021 104 6 1118483854 65536 0 232415992 0 0 0 96 96 0 0 2
5022 101 6 1118483854 65536 0 232415992 0 0 0 96 96 0 0 3
5023 32 7 3240864613 16384 0 3718655878 0 0 0 96 96 0 0 0
5024 109 7 3240864613 16384 0 3718655878 0 0 0 96 96 0 0 1
5025 97 7 3240864613 16384 0 3718655878 0 0 0 96 96 0 0 2
5026 116 7 3240864613 16384 0 3718655878 0 0 0 96 96 0 0 3
5027 46 0 0 0 0 2788132384 0 0 0 96 96 0 0 0
5028 10 0 0 0 0 0 0 0 0 0 96 0 0 0
5029 215 0 0 0 0 0 0 0 0 96 96 0 0 0
5030 44 0 0 0 0 0 0 0 0 96 96 0 0 0
5031 186 0 0 0 0 0 0 0 0 96 96 0 0 0
5032 234 0 0 0 0 0 0 0 0 96 96 0 0 0
5033 46 0 0 0 0 0 0 0 0 96 96 0 0 0
5034 166 0 0 0 0 0 0 0 0 96 96 0 0 0
5035 10 0 0 0 0 0 0 0 0 0 96 0 0 0
5036 139 0 0 0 0 0 0 0 0 96 96 0 0 0
5037 159 0 0 0 0 0 0 0 0 96 96 0 0 0
5038 227 0 0 0 0 0 0 0 0 96 96 0 0 0
5039 10 0 0 0 0 0 0 0 0 0 96 0 0 0
5040 144 0 0 0 0 0 0 0 0 96 96 0 0 0
5041 179 0 0 0 0 0 0 0 0 96 96 0 0 0
5042 10 0 0 0 0 0 0 0 0 0 96 0 0 0
5043 152 0 0 0 0 0 0 0 0 96 96 0 0 0
5044 46 0 0 0 0 0 0 0 0 96 96 0 0 0
5045 191 0 0 0 0 0 0 0 0 96 96 0 0 0
5046 198 0 0 0 0 0 0 0 0 96 96 0 0 0
5047 46 0 0 0 0 0 0 0 0 96 96 0 0 0
5048 208 0 0 0 0 0 0 0 0 96 96 0 0 0
5049 228 0 0 0 0 0 0 0 0 96 96 0 0 0
5050 32 0 0 0 0 0 0 0 0 96 96 0 0 0
5051 119 0 0 0 0 0 0 0 0 96 96 0 0 1
5052 111 0 0 0 0 0 0 0 0 96 96 0 0 2
5053 114 0 0 0 0 0 0 0 0 96 96 0 0 3
5054 100 0 0 0 0 0 0 0 0 96 96 0 0 4
5055 49 1 4155777060 0 0 15 0 0 0 96 96 0 0 0
5056 51 1 4155777060 0 0 15 0 0 0 96 96 0 0 0
5057 32 2 103147 131072 0 15 0 0 0 96 96 0 0 0
5058 97 2 103147 131072 0 15 0 0 0 96 96 0 0 1
5059 110 2 103147 131072 0 15 0 0 0 96 96 0 0 2
5060 111 2 103147 131072 0 15 0 0 0 96 96 0 0 3
5061 116 2 103147 131072 0 15 0 0 0 96 96 0 0 4
5062 104 2 103147 131072 0 15 0 0 0 96 96 0 0 5
5063 101 2 103147 131072 0 15 0 0 0 96 96 0 0 6
5064 114 2 103147 131072 0 15 0 0 0 96 96 0 0 7
5065 32 3 91021800 0 0 255 0 0 0 96 96 0 0 0
5066 91 3 91021800 0 0 255 0 0 0 96 91 0 0 0
5067 91 3 91021800 0 0 255 0 0 0 96 91 0 0 0
5068 65 3 91021800 0 0 255 0 0 0 96 91 0 0 0
5069 110 3 91021800 0 0 255 0 0 0 96 91 0 0 1
5070 110 3 91021800 0 0 255 0 0 0 96 91 0 0 2
5071 97 3 91021800 0 0 255 0 0 0 96 91 0 0 3
5072 93 4 2815940769 0 0 4095 0 0 0 96 91 0 0 0
5073 93 4 2815940769 0 0 4095 0 0 0 96 96 0 0 0
5074 32 4 2815940769 0 0 4095 0 0 0 96 96 0 0 0
5075 119 4 2815940769 0 0 4095 0 0 0 96 96 0 0 1
5076 97 4 2815940769 0 0 4095 0 0 0 96 96 0 0 2
5077 115 4 2815940769 0 0 4095 0 0 0 96 96 0 0 3
5078 32 5 3453292883 1 0 65521 3453292883 0 0 96 96 0 0 0
5079 97 5 3453292883 1 0 65521 3453292883 0 0 96 96 0 0 1
5080 32 6 1950627777 16384 0 1048342 3453292883 0 0 96 96 0 0 0
5081 39 6 1950627777 16384 0 1048342 3453292883 0 0 96 96 0 0 1
5082 39 7 1950627719 0 0 16773487 3453292883 0 0 96 96 0 0 0
5083 39 7 1950627719 0 0 16773487 3453292883 0 0 96 96 0 0 0
5084 113 7 1950627719 0 0 16773487 3453292883 0 0 96 96 0 0 1
5085 117 7 1950627719 0 0 16773487 3453292883 0 0 96 96 0 0 2
5086 101 7 1950627719 0 0 16773487 3453292883 0 0 96 96 0 0 3
5087 101 7 1950627719 0 0 16773487 3453292883 0 0 96 96 0 0 4
5088 110 7 1950627719 0 0 16773487 3453292883 0 0 96 96 0 0 5
5089 39 7 1950627719 0 0 16773487 3453292883 0 0 96 96 0 0 6
5090 39 8 3278097614 8 0 268375802 3453292883 0 0 96 96 0 0 0
5091 39 8 3278097614 8 0 268375802 3453292883 0 0 96 96 0 0 0
5092 32 8 3278097614 8 0 268375802 3453292883 0 0 96 96 0 0 0
5093 111 8 3278097614 8 0 268375802 3453292883 0 0 96 96 0 0 1
5094 102 8 3278097614 8 0 268375802 3453292883 0 0 96 96 0 0 2
5095 32 9 1118483846 65536 0 4294012840 3453292883 0 0 96 96 0 0 0
5096 91 9 1118483846 65536 0 4294012840 3453292883 0 0 96 91 0 0 0
5097 91 9 1118483846 65536 0 4294012840 3453292883 0 0 96 91 0 0 0
5098 70 9 1118483846 65536 0 4294012840 3453292883 0 0 96 91 0 0 0
5099 114 9 1118483846 65536 0 4294012840 3453292883 0 0 96 91 0 0 1
5100 97 9 1118483846 65536 0 4294012840 3453292883 0 0 96 91 0 0 2
5101 110 9 1118483846 65536 0 4294012840 3453292883 0 0 96 91 0 0 3
5102 99 9 1118483846 65536 0 4294012840 3453292883 0 0 96 91 0 0 4
5103 101 9 1118483846 65536 0 4294012840 3453292883 0 0 96 91 0 0 5
5104 93 10 3384763555 0 0 4279696015 3453292883 0 0 96 91 0 0 0
5105 93 10 3384763555 0 0 4279696015 3453292883 0 0 96 96 0 0 0
5106 32 10 3384763555 0 0 4279696015 3453292883 0 0 96 96 0 0 0
5107 105 10 3384763555 0 0 4279696015 3453292883 0 0 96 96 0 0 1
5108 110 10 3384763555 0 0 4279696015 3453292883 0 0 96 96 0 0 2
5109 32 11 1118433358 65536 0 4050626808 3453292883 0 0 96 96 0 0 0
5110 49 11 1118433358 65536 0 4050626808 3453292883 0 0 96 96 0 0 0
5111 55 11 1118433358 65536 0 4050626808 3453292883 0 0 96 96 0 0 0
5112 56 11 1118433358 65536 0 4050626808 3453292883 0 0 96 96 0 0 0
5113 57 11 1118433358 65536 0 4050626808 3453292883 0 0 96 96 0 0 0
5114 46 0 0 0 0 385519488 3453292883 0 0 96 96 0 0 0
5115 10 0 0 0 0 0 0 0 0 0 96 0 0 0
5116 61 0 0 0 0 0 0 0 0 61 96 0 0 0
5117 61 0 0 0 0 0 0 0 0 61 96 0 0 0
5118 32 0 0 0 0 0 0 0 0 61 96 0 0 0
5119 72 0 0 0 0 0 0 0 0 61 96 0 0 0
5120 105 0 0 0 0 0 0 0 0 61 96 0 0 1
5121 115 0 0 0 0 0 0 0 0 61 96 0 0 2
5122 116 0 0 0 0 0 0 0 0 61 96 0 0 3
5123 111 0 0 0 0 0 0 0 0 61 96 0 0 4
5124 114 0 0 0 0 0 0 0 0 61 96 0 0 5
5125 121 0 0 0 0 0 0 0 0 61 96 0 0 6
5126 32 1 1469161513 0 0 15 0 0 0 61 96 0 0 0
5127 61 1 1469161513 0 0 15 0 0 0 61 96 0 0 0
5128 61 1 1469161513 0 0 15 0 0 0 61 96 0 0 0
5129 10 0 0 0 0 0 0 0 0 0 96 0 0 0
5130 42 0 0 0 0 0 0 0 0 42 42 0 0 0
5131 32 0 0 0 0 0 0 0 0 42 42 0 0 0
5132 105 0 0 0 0 0 0 0 0 96 42 0 0 1
5133 116 0 0 0 0 0 0 0 0 96 42 0 0 2
5134 101 0 0 0 0 0 0 0 0 96 42 0 0 3
5135 109 0 0 0 0 0 0 0 0 96 42 0 0 4
5136 32 1 4268574925 0 0 15 0 0 0 96 42 0 0 0
5137 111 1 4268574925 0 0 15 0 0 0 96 42 0 0 1
5138 110 1 4268574925 0 0 15 0 0 0 96 42 0 0 2
5139 101 1 4268574925 0 0 15 0 0 0 96 42 0 0 3
5140 32 2 2886769829 131072 0 254 0 0 0 96 42 0 0 0
5141 40 2 2886769829 131072 0 254 0 0 0 96 42 0 0 0
5142 102 2 2886769829 131072 0 254 0 0 0 96 42 0 0 1
5143 105 2 2886769829 131072 0 254 0 0 0 96 42 0 0 2
5144 114 2 2886769829 131072 0 254 0 0 0 96 42 0 0 3
5145 115 2 2886769829 131072 0 254 0 0 0 96 42 0 0 4
5146 116 2 2886769829 131072 0 254 0 0 0 96 42 0 0 5
5147 41 2 2886769829 131072 0 65264 0 0 0 96 42 0 0 0
5148 10 0 0 0 0 0 0 0 0 0 42 0 0 0
5149 42 0 0 0 0 0 0 0 0 42 42 0 0 0
5150 32 0 0 0 0 0 0 0 0 42 42 0 0 0
5151 105 0 0 0 0 0 0 0 0 96 42 0 0 1
5152 116 0 0 0 0 0 0 0 0 96 42 0 0 2
5153 101 0 0 0 0 0 0 0 0 96 42 0 0 3
5154 109 0 0 0 0 0 0 0 0 96 42 0 0 4
5155 32 1 4268574925 0 0 15 0 0 0 96 42 0 0 0
5156 116 1 4268574925 0 0 15 0 0 0 96 42 0 0 1
5157 119 1 4268574925 0 0 15 0 0 0 96 42 0 0 2
5158 111 1 4268574925 0 0 15 0 0 0 96 42 0 0 3
5159 32 2 3240990863 131072 0 254 0 0 0 96 42 0 0 0
5160 91 2 3240990863 131072 0 254 0 0 0 96 91 0 0 0
5161 104 2 3240990863 131072 0 254 0 0 0 96 91 0 0 1
5162 116 2 3240990863 131072 0 254 0 0 0 96 91 0 0 2
5163 116 2 3240990863 131072 0 254 0 0 0 96 91 0 0 3
5164 112 2 3240990863 131072 0 254 0 0 0 96 91 0 0 4
5165 58 3 876852720 0 0 4079 0 0 0 96 91 0 0 0
5166 47 3 876852720 0 0 4079 0 0 0 96 91 0 0 0
5167 47 3 876852720 0 0 4079 0 0 0 96 91 0 0 0
5168 101 3 876852720 0 0 4079 0 0 0 96 91 0 0 1
5169 120 3 876852720 0 0 4079 0 0 0 96 91 0 0 2
5170 97 3 876852720 0 0 4079 0 0 0 96 91 0 0 3
5171 109 3 876852720 0 0 4079 0 0 0 96 91 0 0 4
5172 112 3 876852720 0 0 4079 0 0 0 96 91 0 0 5
5173 108 3 876852720 0 0 4079 0 0 0 96 91 0 0 6
5174 101 3 876852720 0 0 4079 0 0 0 96 91 0 0 7
5175 46 4 3291829868 0 0 1044464 0 0 0 96 91 0 0 0
5176 111 4 3291829868 0 0 1044464 0 0 0 96 91 0 0 1
5177 114 4 3291829868 0 0 1044464 0 0 0 96 91 0 0 2
5178 103 4 3291829868 0 0 1044464 0 0 0 96 91 0 0 3
5179 32 5 2886803495 0 0 16711439 0 0 0 96 91 0 0 0
5180 108 5 2886803495 0 0 16711439 0 0 0 96 91 0 0 1
5181 105 5 2886803495 0 0 16711439 0 0 0 96 91 0 0 2
5182 110 5 2886803495 0 0 16711439 0 0 0 96 91 0 0 3
5183 107 5 2886803495 0 0 16711439 0 0 0 96 91 0 0 4
5184 93 6 780174507 0 0 267383039 0 0 0 96 42 0 0 0
5185 32 6 780174507 0 0 267383039 0 0 1 64 42 0 0 0
5186 116 6 780174507 0 0 267383039 0 0 1 64 42 0 0 1
5187 101 6 780174507 0 0 267383039 0 0 1 64 42 0 0 2
5188 120 6 780174507 0 0 267383039 0 0 1 64 42 0 0 3
5189 116 6 780174507 0 0 267383039 0 0 1 64 42 0 0 4
5190 10 0 0 0 0 0 0 0 0 0 42 0 0 0
5191 84 0 0 0 0 0 0 0 0 84 42 0 0 0
5192 104 0 0 0 0 0 0 0 0 84 42 0 0 1
5193 101 0 0 0 0 0 0 0 0 84 42 0 0 2
5194 32 1 1118424933 2048 0 4 0 0 0 84 42 0 0 0
5195 123 1 1118424933 2048 0 4 0 0 0 84 42 0 0 0
5196 123 1 1118424933 2048 0 4 0 0 0 84 42 0 0 0
5197 99 1 1118424933 2048 0 4 0 0 0 84 42 0 0 1
5198 105 1 1118424933 2048 0 4 0 0 0 84 42 0 0 2
5199 116 1 1118424933 2048 0 4 0 0 0 84 42 0 0 3
5200 101 1 1118424933 2048 0 4 0 0 0 84 42 0 0 4
5201 124 2 318360037 0 0 79 0 0 0 84 42 0 0 0
5202 121 2 318360037 0 0 79 0 0 0 84 42 0 0 1
5203 101 2 318360037 0 0 79 0 0 0 84 42 0 0 2
5204 97 2 318360037 0 0 79 0 0 0 84 42 0 0 3
5205 114 2 318360037 0 0 79 0 0 0 84 42 0 0 4
5206 61 3 1641105746 0 0 1279 0 0 0 84 42 0 0 0
5207 49 3 1641105746 0 0 1279 0 0 0 84 42 0 0 0
5208 56 3 1641105746 0 0 1279 0 0 0 84 42 0 0 0
5209 48 3 1641105746 0 0 1279 0 0 0 84 42 0 0 0
5210 49 3 1641105746 0 0 1279 0 0 0 84 42 0 0 0
5211 125 4 1368491697 131072 0 1279 0 0 0 84 42 0 0 0
5212 125 4 1368491697 131072 0 1279 0 0 0 84 42 0 0 0
5213 32 4 1368491697 131072 0 1279 0 0 0 84 42 0 0 0
5214 115 4 1368491697 131072 0 1279 0 0 0 84 42 0 0 1
5215 97 4 1368491697 131072 0 1279 0 0 0 84 42 0 0 2
5216 105 4 1368491697 131072 0 1279 0 0 0 84 42 0 0 3
5217 100 4 1368491697 131072 0 1279 0 0 0 84 42 0 0 4
5218 58 5 2481602628 0 0 20479 0 0 0 84 42 0 0 0
5219 32 5 2481602628 0 0 20479 0 0 0 84 42 0 0 0
5220 34 5 2481602628 0 0 20479 0 0 0 84 42 0 0 0
5221 104 5 2481602628 0 0 20479 0 0 0 84 42 0 0 1
5222 101 5 2481602628 0 0 20479 0 0 0 84 42 0 0 2
5223 108 5 2481602628 0 0 20479 0 0 0 84 42 0 0 3
5224 108 5 2481602628 0 0 20479 0 0 0 84 42 0 0 4
5225 111 5 2481602628 0 0 20479 0 0 0 84 42 0 0 5
5226 44 6 933891823 0 0 327679 0 0 0 84 42 0 0 0
5227 32 6 933891823 0 0 327679 0 0 0 84 42 0 0 0
5228 119 6 933891823 0 0 327679 0 0 0 84 42 0 0 1
5229 111 6 933891823 0 0 327679 0 0 0 84 42 0 0 2
5230 114 6 933891823 0 0 327679 0 0 0 84 42 0 0 3
5231 108 6 933891823 0 0 327679 0 0 0 84 42 0 0 4
5232 100 6 933891823 0 0 327679 0 0 0 84 42 0 0 5
5233 33 7 1101113060 0 0 5242879 0 0 0 84 42 0 0 0
5234 34 7 1101113060 0 0 5242879 0 0 0 84 42 0 0 0
5235 10 0 0 0 0 0 0 0 0 0 42 0 0 0
5236 60 0 0 0 0 0 0 0 0 60 42 0 0 0
5237 114 0 0 0 0 0 0 0 0 60 42 0 0 1
5238 101 0 0 0 0 0 0 0 0 60 42 0 0 2
5239 102 0 0 0 0 0 0 0 0 60 42 0 0 3
5240 62 1 3099181254 0 0 15 0 0 0 60 42 0 0 0
5241 110 1 3099181254 0 0 15 0 0 0 60 42 0 0 1
5242 111 1 3099181254 0 0 15 0 0 0 60 42 0 0 2
5243 116 1 3099181254 0 0 15 0 0 0 60 42 0 0 3
5244 101 1 3099181254 0 0 15 0 0 0 60 42 0 0 4
5245 32 2 3693928933 0 0 255 0 0 0 60 42 0 0 0
5246 49 2 3693928933 0 0 255 0 0 0 60 42 0 0 0
5247 50 2 3693928933 0 0 255 0 0 0 60 42 0 0 0
5248 44 3 103146 131072 0 255 0 0 0 60 42 0 0 0
5249 51 3 103146 131072 0 255 0 0 0 60 42 0 0 0
5250 52 3 103146 131072 0 255 0 0 0 60 42 0 0 0
5251 53 3 103146 131072 0 255 0 0 0 60 42 0 0 0
5252 46 0 0 0 0 4080 0 0 0 60 42 0 0 0
5253 54 0 0 0 0 4080 0 0 0 60 42 0 0 0
5254 55 0 0 0 0 4080 0 0 0 60 42 0 0 0
5255 32 1 113671 131072 0 4080 0 0 0 60 42 0 0 0
5256 104 1 113671 131072 0 4080 0 0 0 60 42 0 0 1
5257 101 1 113671 131072 0 4080 0 0 0 60 42 0 0 2
5258 114 1 113671 131072 0 4080 0 0 0 60 42 0 0 3
5259 101 1 113671 131072 0 4080 0 0 0 60 42 0 0 4
5260 60 2 4109367333 0 0 65295 0 0 0 60 42 0 0 0
5261 47 2 4109367333 0 0 65295 0 0 0 60 42 0 0 0
5262 114 2 4109367333 0 0 65295 0 0 0 60 42 0 0 1
5263 101 2 4109367333 0 0 65295 0 0 0 60 42 0 0 2
5264 102 2 4109367333 0 0 65295 0 0 0 60 42 0 0 3
5265 62 3 3099181254 0 0 1044735 0 0 0 60 42 0 0 0
5266 10 0 0 0 0 0 0 0 0 0 42 0 0 0
5267 65 0 0 0 0 0 0 0 0 65 42 0 0 0
5268 32 0 0 0 0 0 0 0 0 65 42 0 0 0
5269 108 0 0 0 0 0 0 0 0 65 42 0 0 1
5270 105 0 0 0 0 0 0 0 0 65 42 0 0 2
5271 110 0 0 0 0 0 0 0 0 65 42 0 0 3
5272 101 0 0 0 0 0 0 0 0 65 42 0 0 4
5273 32 1 780174501 0 0 15 0 0 0 65 42 0 0 0
5274 119 1 780174501 0 0 15 0 0 0 65 42 0 0 1
5275 105 1 780174501 0 0 15 0 0 0 65 42 0 0 2
5276 116 1 780174501 0 0 15 0 0 0 65 42 0 0 3
5277 104 1 780174501 0 0 15 0 0 0 65 42 0 0 4
5278 32 2 3730819560 65536 0 248 0 0 0 65 42 0 0 0
5279 110 2 3730819560 65536 0 248 0 0 0 65 42 0 0 1
5280 117 2 3730819560 65536 0 248 0 0 0 65 42 0 0 2
5281 109 2 3730819560 65536 0 248 0 0 0 65 42 0 0 3
5282 98 2 3730819560 65536 0 248 0 0 0 65 42 0 0 4
5283 101 2 3730819560 65536 0 248 0 0 0 65 42 0 0 5
5284 114 2 3730819560 65536 0 248 0 0 0 65 42 0 0 6
5285 115 2 3730819560 65536 0 248 0 0 0 65 42 0 0 7
5286 32 3 3416096978 8 0 3978 0 0 0 65 42 0 0 0
5287 52 3 3416096978 8 0 3978 0 0 0 65 42 0 0 0
5288 50 3 3416096978 8 0 3978 0 0 0 65 42 0 0 0
5289 32 4 109458 131072 0 3978 0 0 0 65 42 0 0 0
5290 97 4 109458 131072 0 3978 0 0 0 65 42 0 0 1
5291 110 4 109458 131072 0 3978 0 0 0 65 42 0 0 2
5292 100 4 109458 131072 0 3978 0 0 0 65 42 0 0 3
5293 32 5 1895163044 32768 0 63655 0 0 0 65 42 0 0 0
5294 51 5 1895163044 32768 0 63655 0 0 0 65 42 0 0 0
5295 46 0 0 0 0 1018480 0 0 0 65 42 0 0 0
5296 49 0 0 0 0 1018480 0 0 0 65 42 0 0 0
5297 52 0 0 0 0 1018480 0 0 0 65 42 0 0 0
5298 32 1 103148 131072 0 1018480 0 0 0 65 42 0 0 0
5299 97 1 103148 131072 0 1018480 0 0 0 65 42 0 0 1
5300 110 1 103148 131072 0 1018480 0 0 0 65 42 0 0 2
5301 100 1 103148 131072 0 1018480 0 0 0 65 42 0 0 3
5302 32 2 1895163044 32768 0 16295687 0 0 0 65 42 0 0 0
5303 49 2 1895163044 32768 0 16295687 0 0 0 65 42 0 0 0
5304 44 3 49 131072 0 16295687 0 0 0 65 42 0 0 0
5305 48 3 49 131072 0 16295687 0 0 0 65 42 0 0 0
5306 48 3 49 131072 0 16295687 0 0 0 65 42 0 0 0
5307 48 3 49 131072 0 16295687 0 0 0 65 42 0 0 0
5308 46 0 0 0 0 260730992 0 0 0 65 42 0 0 0
5309 10 0 0 0 0 0 0 0 0 0 42 0 0 0
5310 38 0 0 0 0 0 0 0 0 38 42 0 0 0
5311 110 0 0 0 0 0 0 0 0 38 42 0 0 1
5312 98 0 0 0 0 0 0 0 0 38 42 0 0 2
5313 115 0 0 0 0 0 0 0 0 38 42 0 0 3
5314 112 0 0 0 0 0 0 0 0 38 42 0 0 4
5315 59 1 2773142800 0 0 15 0 0 0 38 42 0 0 0
5316 32 1 2773142800 0 0 15 0 0 0 38 42 0 0 0
5317 115 1 2773142800 0 0 15 0 0 0 38 42 0 0 1
5318 111 1 2773142800 0 0 15 0 0 0 38 42 0 0 2
5319 109 1 2773142800 0 0 15 0 0 0 38 42 0 0 3
5320 101 1 2773142800 0 0 15 0 0 0 38 42 0 0 4
5321 32 2 3473243077 0 0 255 0 0 0 38 42 0 0 0
5322 38 2 3473243077 0 0 255 0 0 0 38 42 0 0 0
5323 97 2 3473243077 0 0 255 0 0 0 38 42 0 0 1
5324 109 2 3473243077 0 0 255 0 0 0 38 42 0 0 2
5325 112 2 3473243077 0 0 255 0 0 0 38 42 0 0 3
5326 59 3 1895154640 0 0 4095 0 0 0 38 42 0 0 0
5327 32 3 1895154640 0 0 4095 0 0 0 38 42 0 0 0
5328 101 3 1895154640 0 0 4095 0 0 0 38 42 0 0 1
5329 110 3 1895154640 0 0 4095 0 0 0 38 42 0 0 2
5330 116 3 1895154640 0 0 4095 0 0 0 38 42 0 0 3
5331 105 3 1895154640 0 0 4095 0 0 0 38 42 0 0 4
5332 116 3 1895154640 0 0 4095 0 0 0 38 42 0 0 5
5333 105 3 1895154640 0 0 4095 0 0 0 38 42 0 0 6
5334 101 3 1895154640 0 0 4095 0 0 0 38 42 0 0 7
5335 115 3 1895154640 0 0 4095 0 0 0 38 42 0 0 8
5336 32 4 1475168745 8 0 65530 0 0 0 38 42 0 0 0
5337 38 4 1475168745 8 0 65530 0 0 0 38 42 0 0 0
5338 108 4 1475168745 8 0 65530 0 0 0 38 42 0 0 1
5339 116 4 1475168745 8 0 65530 0 0 0 38 42 0 0 2
5340 59 5 1118458612 0 0 1048495 0 0 0 38 42 0 0 0
5341 116 5 1118458612 0 0 1048495 0 0 0 38 42 0 0 1
5342 97 5 1118458612 0 0 1048495 0 0 0 38 42 0 0 2
5343 103 5 1118458612 0 0 1048495 0 0 0 38 42 0 0 3
5344 38 6 3240805703 0 0 16775935 0 0 0 38 42 0 0 0
5345 103 6 3240805703 0 0 16775935 0 0 0 38 42 0 0 1
5346 116 6 3240805703 0 0 16775935 0 0 0 38 42 0 0 2
5347 59 7 1118416532 0 0 268414975 0 0 0 38 42 0 0 0
5348 10 0 0 0 0 0 0 0 0 0 42 0 0 0
5349 100 0 0 0 0 0 0 0 0 96 96 0 0 1
5350 111 0 0 0 0 0 0 0 0 96 96 0 0 2
5351 110 0 0 0 0 0 0 0 0 96 96 0 0 3
5352 39 0 0 0 0 0 0 0 0 96 96 0 0 4
5353 116 0 0 0 0 0 0 0 0 96 96 0 0 5
5354 32 1 1118391279 1024 0 13 0 0 0 96 96 0 0 0
5355 99 1 1118391279 1024 0 13 0 0 0 96 96 0 0 1
5356 97 1 1118391279 1024 0 13 0 0 0 96 96 0 0 2
5357 110 1 1118391279 1024 0 13 0 0 0 96 96 0 0 3
5358 39 1 1118391279 1024 0 13 0 0 0 96 96 0 0 4
5359 116 1 1118391279 1024 0 13 0 0 0 96 96 0 0 5
5360 32 2 2036711758 1024 0 221 0 0 0 96 96 0 0 0
5361 105 2 2036711758 1024 0 221 0 0 0 96 96 0 0 1
5362 116 2 2036711758 1024 0 221 0 0 0 96 96 0 0 2
5363 39 2 2036711758 1024 0 221 0 0 0 96 96 0 0 3
5364 115 2 2036711758 1024 0 221 0 0 0 96 96 0 0 4
5365 32 3 1118433364 1048584 0 3546 0 0 0 96 96 0 0 0
5366 116 3 1118433364 1048584 0 3546 0 0 0 96 96 0 0 1
5367 104 3 1118433364 1048584 0 3546 0 0 0 96 96 0 0 2
5368 101 3 1118433364 1048584 0 3546 0 0 0 96 96 0 0 3
5369 32 4 3240864613 16384 0 56742 0 0 0 96 96 0 0 0
5370 99 4 3240864613 16384 0 56742 0 0 0 96 96 0 0 1
5371 97 4 3240864613 16384 0 56742 0 0 0 96 96 0 0 2
5372 116 4 3240864613 16384 0 56742 0 0 0 96 96 0 0 3
5373 32 4 2036711764 2 0 907874 0 0 0 96 96 0 0 0
5374 115 4 2036711764 2 0 907874 0 0 0 96 96 0 0 1
5375 97 4 2036711764 2 0 907874 0 0 0 96 96 0 0 2
5376 116 4 2036711764 2 0 907874 0 0 0 96 96 0 0 3
5377 32 5 3169976660 0 0 14525999 0 0 0 96 96 0 0 0
5378 111 5 3169976660 0 0 14525999 0 0 0 96 96 0 0 1
5379 110 5 3169976660 0 0 14525999 0 0 0 96 96 0 0 2
5380 32 6 1118483854 65536 0 232415992 0 0 0 96 96 0 0 0
5381 116 6 1118483854 65536 0 232415992 0 0 0 96 96 0 0 1
5382 104 6 1118483854 65536 0 232415992 0 0 0 96 96 0 0 2
5383 101 6 1118483854 65536 0 232415992 0 0 0 96 96 0 0 3
5384 32 7 3240864613 16384 0 3718655878 0 0 0 96 96 0 0 0
5385 109 7 3240864613 16384 0 3718655878 0 0 0 96 96 0 0 1
5386 97 7 3240864613 16384 0 3718655878 0 0 0 96 96 0 0 2
5387 116 7 3240864613 16384 0 3718655878 0 0 0 96 96 0 0 3
5388 46 0 0 0 0 2788132384 0 0 0 96 96 0 0 0
5389 10 0 0 0 0 0 0 0 0 0 96 0 0 0
5390 158 0 0 0 0 0 0 0 0 96 96 0 0 0
5391 240 0 0 0 0 0 0 0 0 96 96 0 0 0
5392 240 0 0 0 0 0 0 0 0 96 96 0 0 0
5393 46 0 0 0 0 0 0 0 0 96 96 0 0 0
5394 193 0 0 0 0 0 0 0 0 96 96 0 0 0
5395 32 0 0 0 0 0 0 0 0 96 96 0 0 0
5396 202 0 0 0 0 0 0 0 0 96 96 0 0 0
5397 32 0 0 0 0 0 0 0 0 96 96 0 0 0
5398 160 0 0 0 0 0 0 0 0 96 96 0 0 0
5399 164 0 0 0 0 0 0 0 0 96 96 0 0 0
5400 178 0 0 0 0 0 0 0 0 96 96 0 0 0
5401 46 0 0 0 0 0 0 0 0 96 96 0 0 0
5402 193 0 0 0 0 0 0 0 0 96 96 0 0 0
5403 46 0 0 0 0 0 0 0 0 96 96 0 0 0
5404 148 0 0 0 0 0 0 0 0 96 96 0 0 0
5405 10 0 0 0 0 0 0 0 0 0 96 0 0 0
5406 187 0 0 0 0 0 0 0 0 96 96 0 0 0
5407 139 0 0 0 0 0 0 0 0 96 96 0 0 0
5408 163 0 0 0 0 0 0 0 0 96 96 0 0 0
5409 32 0 0 0 0 0 0 0 0 96 96 0 0 0
5410 164 0 0 0 0 0 0 0 0 96 96 0 0 0
5411 44 0 0 0 0 0 0 0 0 96 96 0 0 0
5412 119 0 0 0 0 0 0 0 0 96 96 0 0 1
5413 111 0 0 0 0 0 0 0 0 96 96 0 0 2
5414 114 0 0 0 0 0 0 0 0 96 96 0 0 3
5415 100 0 0 0 0 0 0 0 0 96 96 0 0 4
5416 49 1 4155777060 0 0 15 0 0 0 96 96 0 0 0
5417 52 1 4155777060 0 0 15 0 0 0 96 96 0 0 0
5418 32 2 103148 131072 0 15 0 0 0 96 96 0 0 0
5419 97 2 103148 131072 0 15 0 0 0 96 96 0 0 1
5420 110 2 103148 131072 0 15 0 0 0 96 96 0 0 2
5421 111 2 103148 131072 0 15 0 0 0 96 96 0 0 3
5422 116 2 103148 131072 0 15 0 0 0 96 96 0 0 4
5423 104 2 103148 131072 0 15 0 0 0 96 96 0 0 5
5424 101 2 103148 131072 0 15 0 0 0 96 96 0 0 6
5425 114 2 103148 131072 0 15 0 0 0 96 96 0 0 7
5426 32 3 91021800 0 0 255 0 0 0 96 96 0 0 0
5427 91 3 91021800 0 0 255 0 0 0 96 91 0 0 0
5428 91 3 91021800 0 0 255 0 0 0 96 91 0 0 0
5429 65 3 91021800 0 0 255 0 0 0 96 91 0 0 0
5430 110 3 91021800 0 0 255 0 0 0 96 91 0 0 1
5431 110 3 91021800 0 0 255 0 0 0 96 91 0 0 2
5432 97 3 91021800 0 0 255 0 0 0 96 91 0 0 3
5433 93 4 2815940769 0 0 4095 0 0 0 96 91 0 0 0
5434 93 4 2815940769 0 0 4095 0 0 0 96 96 0 0 0
5435 32 4 2815940769 0 0 4095 0 0 0 96 96 0 0 0
5436 119 4 2815940769 0 0 4095 0 0 0 96 96 0 0 1
5437 97 4 2815940769 0 0 4095 0 0 0 96 96 0 0 2
5438 115 4 2815940769 0 0 4095 0 0 0 96 96 0 0 3
5439 32 5 3453292883 1 0 65521 3453292883 0 0 96 96 0 0 0
5440 97 5 3453292883 1 0 65521 3453292883 0 0 96 96 0 0 1
5441 32 6 1950627777 16384 0 1048342 3453292883 0 0 96 96 0 0 0
5442 39 6 1950627777 16384 0 1048342 3453292883 0 0 96 96 0 0 1
5443 39 7 1950627719 0 0 16773487 3453292883 0 0 96 96 0 0 0
5444 39 7 1950627719 0 0 16773487 3453292883 0 0 96 96 0 0 0
5445 113 7 1950627719 0 0 16773487 3453292883 0 0 96 96 0 0 1
5446 117 7 1950627719 0 0 16773487 3453292883 0 0 96 96 0 0 2
5447 101 7 1950627719 0 0 16773487 3453292883 0 0 96 96 0 0 3
5448 101 7 1950627719 0 0 16773487 3453292883 0 0 96 96 0 0 4
5449 110 7 1950627719 0 0 16773487 3453292883 0 0 96 96 0 0 5
5450 39 7 1950627719 0 0 16773487 3453292883 0 0 96 96 0 0 6
5451 39 8 3278097614 8 0 268375802 3453292883 0 0 96 96 0 0 0
5452 39 8 3278097614 8 0 268375802 3453292883 0 0 96 96 0 0 0
5453 32 8 3278097614 8 0 268375802 3453292883 0 0 96 96 0 0 0
5454 111 8 3278097614 8 0 268375802 3453292883 0 0 96 96 0 0 1
5455 102 8 3278097614 8 0 268375802 3453292883 0 0 96 96 0 0 2
5456 32 9 1118483846 65536 0 4294012840 3453292883 0 0 96 96 0 0 0
5457 91 9 1118483846 65536 0 4294012840 3453292883 0 0 96 91 0 0 0
5458 91 9 1118483846 65536 0 4294012840 3453292883 0 0 96 91 0 0 0
5459 70 9 1118483846 65536 0 4294012840 3453292883 0 0 96 91 0 0 0
5460 114 9 1118483846 65536 0 4294012840 3453292883 0 0 96 91 0 0 1
5461 97 9 1118483846 65536 0 4294012840 3453292883 0 0 96 91 0 0 2
5462 110 9 1118483846 65536 0 4294012840 3453292883 0 0 96 91 0 0 3
5463 99 9 1118483846 65536 0 4294012840 3453292883 0 0 96 91 0 0 4
5464 101 9 1118483846 65536 0 4294012840 3453292883 0 0 96 91 0 0 5
5465 93 10 3384763555 0 0 4279696015 3453292883 0 0 96 91 0 0 0
5466 93 10 3384763555 0 0 4279696015 3453292883 0 0 96 96 0 0 0
5467 32 10 3384763555 0 0 4279696015 3453292883 0 0 96 96 0 0 0
5468 105 10 3384763555 0 0 4279696015 3453292883 0 0 96 96 0 0 1
5469 110 10 3384763555 0 0 4279696015 3453292883 0 0 96 96 0 0 2
5470 32 11 1118433358 65536 0 4050626808 3453292883 0 0 96 96 0 0 0
5471 49 11 1118433358 65536 0 4050626808 3453292883 0 0 96 96 0 0 0
5472 55 11 1118433358 65536 0 4050626808 3453292883 0 0 96 96 0 0 0
5473 56 11 1118433358 65536 0 4050626808 3453292883 0 0 96 96 0 0 0
5474 57 11 1118433358 65536 0 4050626808 3453292883 0 0 96 96 0 0 0
5475 46 0 0 0 0 385519488 3453292883 0 0 96 96 0 0 0
5476 10 0 0 0 0 0 0 0 0 0 96 0 0 0
5477 61 0 0 0 0 0 0 0 0 61 96 0 0 0
5478 61 0 0 0 0 0 0 0 0 61 96 0 0 0
5479 32 0 0 0 0 0 0 0 0 61 96 0 0 0
5480 72 0 0 0 0 0 0 0 0 61 96 0 0 0
5481 105 0 0 0 0 0 0 0 0 61 96 0 0 1
5482 115 0 0 0 0 0 0 0 0 61 96 0 0 2
5483 116 0 0 0 0 0 0 0 0 61 96 0 0 3
5484 111 0 0 0 0 0 0 0 0 61 96 0 0 4
5485 114 0 0 0 0 0 0 0 0 61 96 0 0 5
5486 121 0 0 0 0 0 0 0 0 61 96 0 0 6
5487 32 1 1469161513 0 0 15 0 0 0 61 96 0 0 0
5488 61 1 1469161513 0 0 15 0 0 0 61 96 0 0 0
5489 61 1 1469161513 0 0 15 0 0 0 61 96 0 0 0
5490 10 0 0 0 0 0 0 0 0 0 96 0 0 0
5491 42 0 0 0 0 0 0 0 0 42 42 0 0 0
5492 32 0 0 0 0 0 0 0 0 42 42 0 0 0
5493 105 0 0 0 0 0 0 0 0 96 42 0 0 1
5494 116 0 0 0 0 0 0 0 0 96 42 0 0 2
5495 101 0 0 0 0 0 0 0 0 96 42 0 0 3
5496 109 0 0 0 0 0 0 0 0 96 42 0 0 4
5497 32 1 4268574925 0 0 15 0 0 0 96 42 0 0 0
5498 111 1 4268574925 0 0 15 0 0 0 96 42 0 0 1
5499 110 1 4268574925 0 0 15 0 0 0 96 42 0 0 2
5500 101 1 4268574925 0 0 15 0 0 0 96 42 0 0 3
5501 32 2 2886769829 131072 0 254 0 0 0 96 42 0 0 0
5502 40 2 2886769829 131072 0 254 0 0 0 96 42 0 0 0
5503 102 2 2886769829 131072 0 254 0 0 0 96 42 0 0 1
5504 105 2 2886769829 131072 0 254 0 0 0 96 42 0 0 2
5505 114 2 2886769829 131072 0 254 0 0 0 96 42 0 0 3
5506 115 2 2886769829 131072 0 254 0 0 0 96 42 0 0 4
5507 116 2 2886769829 131072 0 254 0 0 0 96 42 0 0 5
5508 41 2 2886769829 131072 0 65264 0 0 0 96 42 0 0 0
5509 10 0 0 0 0 0 0 0 0 0 42 0 0 0
5510 42 0 0 0 0 0 0 0 0 42 42 0 0 0
5511 32 0 0 0 0 0 0 0 0 42 42 0 0 0
5512 105 0 0 0 0 0 0 0 0 96 42 0 0 1
5513 116 0 0 0 0 0 0 0 0 96 42 0 0 2
5514 101 0 0 0 0 0 0 0 0 96 42 0 0 3
5515 109 0 0 0 0 0 0 0 0 96 42 0 0 4
5516 32 1 4268574925 0 0 15 0 0 0 96 42 0 0 0
5517 116 1 4268574925 0 0 15 0 0 0 96 42 0 0 1
5518 119 1 4268574925 0 0 15 0 0 0 96 42 0 0 2
5519 111 1 4268574925 0 0 15 0 0 0 96 42 0 0 3
5520 32 2 3240990863 131072 0 254 0 0 0 96 42 0 0 0
5521 91 2 3240990863 131072 0 254 0 0 0 96 91 0 0 0
5522 104 2 3240990863 131072 0 254 0 0 0 96 91 0 0 1
5523 116 2 3240990863 131072 0 254 0 0 0 96 91 0 0 2
5524 116 2 3240990863 131072 0 254 0 0 0 96 91 0 0 3
5525 112 2 3240990863 131072 0 254 0 0 0 96 91 0 0 4
5526 58 3 876852720 0 0 4079 0 0 0 96 91 0 0 0
5527 47 3 876852720 0 0 4079 0 0 0 96 91 0 0 0
5528 47 3 876852720 0 0 4079 0 0 0 96 91 0 0 0
5529 101 3 876852720 0 0 4079 0 0 0 96 91 0 0 1
5530 120 3 876852720 0 0 4079 0 0 0 96 91 0 0 2
5531 97 3 876852720 0 0 4079 0 0 0 96 91 0 0 3
5532 109 3 876852720 0 0 4079 0 0 0 96 91 0 0 4
5533 112 3 876852720 0 0 4079 0 0 0 96 91 0 0 5
5534 108 3 876852720 0 0 4079 0 0 0 96 91 0 0 6
5535 101 3 876852720 0 0 4079 0 0 0 96 91 0 0 7
5536 46 4 3291829868 0 0 1044464 0 0 0 96 91 0 0 0
5537 111 4 3291829868 0 0 1044464 0 0 0 96 91 0 0 1
5538 114 4 3291829868 0 0 1044464 0 0 0 96 91 0 0 2
5539 103 4 3291829868 0 0 1044464 0 0 0 96 91 0 0 3
5540 32 5 2886803495 0 0 16711439 0 0 0 96 91 0 0 0
5541 108 5 2886803495 0 0 16711439 0 0 0 96 91 0 0 1
5542 105 5 2886803495 0 0 16711439 0 0 0 96 91 0 0 2
5543 110 5 2886803495 0 0 16711439 0 0 0 96 91 0 0 3
5544 107 5 2886803495 0 0 16711439 0 0 0 96 91 0 0 4
5545 93 6 780174507 0 0 267383039 0 0 0 96 42 0 0 0
5546 32 6 780174507 0 0 267383039 0 0 1 64 42 0 0 0
5547 116 6 780174507 0 0 267383039 0 0 1 64 42 0 0 1
5548 101 6 780174507 0 0 267383039 0 0 1 64 42 0 0 2
5549 120 6 780174507 0 0 267383039 0 0 1 64 42 0 0 3
5550 116 6 780174507 0 0 267383039 0 0 1 64 42 0 0 4
5551 10 0 0 0 0 0 0 0 0 0 42 0 0 0
5552 84 0 0 0 0 0 0 0 0 84 42 0 0 0
5553 104 0 0 0 0 0 0 0 0 84 42 0 0 1
5554 101 0 0 0 0 0 0 0 0 84 42 0 0 2
5555 32 1 1118424933 2048 0 4 0 0 0 84 42 0 0 0
5556 123 1 1118424933 2048 0 4 0 0 0 84 42 0 0 0
5557 123 1 1118424933 2048 0 4 0 0 0 84 42 0 0 0
5558 99 1 1118424933 2048 0 4 0 0 0 84 42 0 0 1
5559 105 1 1118424933 2048 0 4 0 0 0 84 42 0 0 2
5560 116 1 1118424933 2048 0 4 0 0 0 84 42 0 0 3
5561 101 1 1118424933 2048 0 4 0 0 0 84 42 0 0 4
5562 124 2 318360037 0 0 79 0 0 0 84 42 0 0 0
5563 121 2 318360037 0 0 79 0 0 0 84 42 0 0 1
5564 101 2 318360037 0 0 79 0 0 0 84 42 0 0 2
5565 97 2 318360037 0 0 79 0 0 0 84 42 0 0 3
5566 114 2 318360037 0 0 79 0 0 0 84 42 0 0 4
5567 61 3 1641105746 0 0 1279 0 0 0 84 42 0 0 0
5568 49 3 1641105746 0 0 1279 0 0 0 84 42 0 0 0
5569 56 3 1641105746 0 0 1279 0 0 0 84 42 0 0 0
5570 48 3 1641105746 0 0 1279 0 0 0 84 42 0 0 0
5571 49 3 1641105746 0 0 1279 0 0 0 84 42 0 0 0
5572 125 4 1368491697 131072 0 1279 0 0 0 84 42 0 0 0
5573 125 4 1368491697 131072 0 1279 0 0 0 84 42 0 0 0
5574 32 4 1368491697 131072 0 1279 0 0 0 84 42 0 0 0
5575 115 4 1368491697 131072 0 1279 0 0 0 84 42 0 0 1
5576 97 4 1368491697 131072 0 1279 0 0 0 84 42 0 0 2
5577 105 4 1368491697 131072 0 1279 0 0 0 84 42 0 0 3
5578 100 4 1368491697 131072 0 1279 0 0 0 84 42 0 0 4
5579 58 5 2481602628 0 0 20479 0 0 0 84 42 0 0 0
5580 32 5 2481602628 0 0 20479 0 0 0 84 42 0 0 0
5581 34 5 2481602628 0 0 20479 0 0 0 84 42 0 0 0
5582 104 5 2481602628 0 0 20479 0 0 0 84 42 0 0 1
5583 101 5 2481602628 0 0 20479 0 0 0 84 42 0 0 2
5584 108 5 2481602628 0 0 20479 0 0 0 84 42 0 0 3
5585 108 5 2481602628 0 0 20479 0 0 0 84 42 0 0 4
5586 111 5 2481602628 0 0 20479 0 0 0 84 42 0 0 5
5587 44 6 933891823 0 0 327679 0 0 0 84 42 0 0 0
5588 32 6 933891823 0 0 327679 0 0 0 84 42 0 0 0
5589 119 6 933891823 0 0 327679 0 0 0 84 42 0 0 1
5590 111 6 933891823 0 0 327679 0 0 0 84 42 0 0 2
5591 114 6 933891823 0 0 327679 0 0 0 84 42 0 0 3
5592 108 6 933891823 0 0 327679 0 0 0 84 42 0 0 4
5593 100 6 933891823 0 0 327679 0 0 0 84 42 0 0 5
5594 33 7 1101113060 0 0 5242879 0 0 0 84 42 0 0 0
5595 34 7 1101113060 0 0 5242879 0 0 0 84 42 0 0 0
5596 10 0 0 0 0 0 0 0 0 0 42 0 0 0
5597 60 0 0 0 0 0 0 0 0 60 42 0 0 0
5598 114 0 0 0 0 0 0 0 0 60 42 0 0 1
5599 101 0 0 0 0 0 0 0 0 60 42 0 0 2
5600 102 0 0 0 0 0 0 0 0 60 42 0 0 3
5601 62 1 3099181254 0 0 15 0 0 0 60 42 0 0 0
5602 110 1 3099181254 0 0 15 0 0 0 60 42 0 0 1
5603 111 1 3099181254 0 0 15 0 0 0 60 42 0 0 2
5604 116 1 3099181254 0 0 15 0 0 0 60 42 0 0 3
5605 101 1 3099181254 0 0 15 0 0 0 60 42 0 0 4
5606 32 2 3693928933 0 0 255 0 0 0 60 42 0 0 0
5607 49 2 3693928933 0 0 255 0 0 0 60 42 0 0 0
5608 50 2 3693928933 0 0 255 0 0 0 60 42 0 0 0
5609 44 3 103146 131072 0 255 0 0 0 60 42 0 0 0
5610 51 3 103146 131072 0 255 0 0 0 60 42 0 0 0
5611 52 3 103146 131072 0 255 0 0 0 60 42 0 0 0
5612 53 3 103146 131072 0 255 0 0 0 60 42 0 0 0
5613 46 0 0 0 0 4080 0 0 0 60 42 0 0 0
5614 54 0 0 0 0 4080 0 0 0 60 42 0 0 0
5615 55 0 0 0 0 4080 0 0 0 60 42 0 0 0
5616 32 1 113671 131072 0 4080 0 0 0 60 42 0 0 0
5617 104 1 113671 131072 0 4080 0 0 0 60 42 0 0 1
5618 101 1 113671 131072 0 4080 0 0 0 60 42 0 0 2
5619 114 1 113671 131072 0 4080 0 0 0 60 42 0 0 3
5620 101 1 113671 131072 0 4080 0 0 0 60 42 0 0 4
5621 60 2 4109367333 0 0 65295 0 0 0 60 42 0 0 0
5622 47 2 4109367333 0 0 65295 0 0 0 60 42 0 0 0
5623 114 2 4109367333 0 0 65295 0 0 0 60 42 0 0 1
5624 101 2 4109367333 0 0 65295 0 0 0 60 42 0 0 2
5625 102 2 4109367333 0 0 65295 0 0 0 60 42 0 0 3
5626 62 3 3099181254 0 0 1044735 0 0 0 60 42 0 0 0
5627 10 0 0 0 0 0 0 0 0 0 42 0 0 0
5628 65 0 0 0 0 0 0 0 0 65 42 0 0 0
5629 32 0 0 0 0 0 0 0 0 65 42 0 0 0
5630 108 0 0 0 0 0 0 0 0 65 42 0 0 1
5631 105 0 0 0 0 0 0 0 0 65 42 0 0 2
5632 110 0 0 0 0 0 0 0 0 65 42 0 0 3
5633 101 0 0 0 0 0 0 0 0 65 42 0 0 4
5634 32 1 780174501 0 0 15 0 0 0 65 42 0 0 0
5635 119 1 780174501 0 0 15 0 0 0 65 42 0 0 1
5636 105 1 780174501 0 0 15 0 0 0 65 42 0 0 2
5637 116 1 780174501 0 0 15 0 0 0 65 42 0 0 3
5638 104 1 780174501 0 0 15 0 0 0 65 42 0 0 4
5639 32 2 3730819560 65536 0 248 0 0 0 65 42 0 0 0
5640 110 2 3730819560 65536 0 248 0 0 0 65 42 0 0 1
5641 117 2 3730819560 65536 0 248 0 0 0 65 42 0 0 2
5642 109 2 3730819560 65536 0 248 0 0 0 65 42 0 0 3
5643 98 2 3730819560 65536 0 248 0 0 0 65 42 0 0 4
5644 101 2 3730819560 65536 0 248 0 0 0 65 42 0 0 5
5645 114 2 3730819560 65536 0 248 0 0 0 65 42 0 0 6
5646 115 2 3730819560 65536 0 248 0 0 0 65 42 0 0 7
5647 32 3 3416096978 8 0 3978 0 0 0 65 42 0 0 0
5648 52 3 3416096978 8 0 3978 0 0 0 65 42 0 0 0
5649 50 3 3416096978 8 0 3978 0 0 0 65 42 0 0 0
5650 32 4 109458 131072 0 3978 0 0 0 65 42 0 0 0
5651 97 4 109458 131072 0 3978 0 0 0 65 42 0 0 1
5652 110 4 109458 131072 0 3978 0 0 0 65 42 0 0 2
5653 100 4 109458 131072 0 3978 0 0 0 65 42 0 0 3
5654 32 5 1895163044 32768 0 63655 0 0 0 65 42 0 0 0
5655 51 5 1895163044 32768 0 63655 0 0 0 65 42 0 0 0
5656 46 0 0 0 0 1018480 0 0 0 65 42 0 0 0
5657 49 0 0 0 0 1018480 0 0 0 65 42 0 0 0
5658 52 0 0 0 0 1018480 0 0 0 65 42 0 0 0
5659 32 1 103148 131072 0 1018480 0 0 0 65 42 0 0 0
5660 97 1 103148 131072 0 1018480 0 0 0 65 42 0 0 1
5661 110 1 103148 131072 0 1018480 0 0 0 65 42 0 0 2
5662 100 1 103148 131072 0 1018480 0 0 0 65 42 0 0 3
5663 32 2 1895163044 32768 0 16295687 0 0 0 65 42 0 0 0
5664 49 2 1895163044 32768 0 16295687 0 0 0 65 42 0 0 0
5665 44 3 49 131072 0 16295687 0 0 0 65 42 0 0 0
5666 48 3 49 131072 0 16295687 0 0 0 65 42 0 0 0
5667 48 3 49 131072 0 16295687 0 0 0 65 42 0 0 0
5668 48 3 49 131072 0 16295687 0 0 0 65 42 0 0 0
5669 46 0 0 0 0 260730992 0 0 0 65 42 0 0 0
5670 10 0 0 0 0 0 0 0 0 0 42 0 0 0
5671 38 0 0 0 0 0 0 0 0 38 42 0 0 0
5672 110 0 0 0 0 0 0 0 0 38 42 0 0 1
5673 98 0 0 0 0 0 0 0 0 38 42 0 0 2
5674 115 0 0 0 0 0 0 0 0 38 42 0 0 3
5675 112 0 0 0 0 0 0 0 0 38 42 0 0 4
5676 59 1 2773142800 0 0 15 0 0 0 38 42 0 0 0
5677 32 1 2773142800 0 0 15 0 0 0 38 42 0 0 0
5678 115 1 2773142800 0 0 15 0 0 0 38 42 0 0 1
5679 111 1 2773142800 0 0 15 0 0 0 38 42 0 0 2
5680 109 1 2773142800 0 0 15 0 0 0 38 42 0 0 3
5681 101 1 2773142800 0 0 15 0 0 0 38 42 0 0 4
5682 32 2 3473243077 0 0 255 0 0 0 38 42 0 0 0
5683 38 2 3473243077 0 0 255 0 0 0 38 42 0 0 0
5684 97 2 3473243077 0 0 255 0 0 0 38 42 0 0 1
5685 109 2 3473243077 0 0 255 0 0 0 38 42 0 0 2
5686 112 2 3473243077 0 0 255 0 0 0 38 42 0 0 3
5687 59 3 1895154640 0 0 4095 0 0 0 38 42 0 0 0
5688 32 3 1895154640 0 0 4095 0 0 0 38 42 0 0 0
5689 101 3 1895154640 0 0 4095 0 0 0 38 42 0 0 1
5690 110 3 1895154640 0 0 4095 0 0 0 38 42 0 0 2
5691 116 3 1895154640 0 0 4095 0 0 0 38 42 0 0 3
5692 105 3 1895154640 0 0 4095 0 0 0 38 42 0 0 4
5693 116 3 1895154640 0 0 4095 0 0 0 38 42 0 0 5
5694 105 3 1895154640 0 0 4095 0 0 0 38 42 0 0 6
5695 101 3 1895154640 0 0 4095 0 0 0 38 42 0 0 7
5696 115 3 1895154640 0 0 4095 0 0 0 38 42 0 0 8
5697 32 4 1475168745 8 0 65530 0 0 0 38 42 0 0 0
5698 38 4 1475168745 8 0 65530 0 0 0 38 42 0 0 0
5699 108 4 1475168745 8 0 65530 0 0 0 38 42 0 0 1
5700 116 4 1475168745 8 0 65530 0 0 0 38 42 0 0 2
5701 59 5 1118458612 0 0 1048495 0 0 0 38 42 0 0 0
5702 116 5 1118458612 0 0 1048495 0 0 0 38 42 0 0 1
5703 97 5 1118458612 0 0 1048495 0 0 0 38 42 0 0 2
5704 103 5 1118458612 0 0 1048495 0 0 0 38 42 0 0 3
5705 38 6 3240805703 0 0 16775935 0 0 0 38 42 0 0 0
5706 103 6 3240805703 0 0 16775935 0 0 0 38 42 0 0 1
5707 116 6 3240805703 0 0 16775935 0 0 0 38 42 0 0 2
5708 59 7 1118416532 0 0 268414975 0 0 0 38 42 0 0 0
5709 10 0 0 0 0 0 0 0 0 0 42 0 0 0
5710 100 0 0 0 0 0 0 0 0 96 96 0 0 1
5711 111 0 0 0 0 0 0 0 0 96 96 0 0 2
5712 110 0 0 0 0 0 0 0 0 96 96 0 0 3
5713 39 0 0 0 0 0 0 0 0 96 96 0 0 4
5714 116 0 0 0 0 0 0 0 0 96 96 0 0 5
5715 32 1 1118391279 1024 0 13 0 0 0 96 96 0 0 0
5716 99 1 1118391279 1024 0 13 0 0 0 96 96 0 0 1
5717 97 1 1118391279 1024 0 13 0 0 0 96 96 0 0 2
5718 110 1 1118391279 1024 0 13 0 0 0 96 96 0 0 3
5719 39 1 1118391279 1024 0 13 0 0 0 96 96 0 0 4
5720 116 1 1118391279 1024 0 13 0 0 0 96 96 0 0 5
5721 32 2 2036711758 1024 0 221 0 0 0 96 96 0 0 0
5722 105 2 2036711758 1024 0 221 0 0 0 96 96 0 0 1
5723 116 2 2036711758 1024 0 221 0 0 0 96 96 0 0 2
5724 39 2 2036711758 1024 0 221 0 0 0 96 96 0 0 3
5725 115 2 2036711758 1024 0 221 0 0 0 96 96 0 0 4
5726 32 3 1118433364 1048584 0 3546 0 0 0 96 96 0 0 0
5727 116 3 1118433364 1048584 0 3546 0 0 0 96 96 0 0 1
5728 104 3 1118433364 1048584 0 3546 0 0 0 96 96 0 0 2
5729 101 3 1118433364 1048584 0 3546 0 0 0 96 96 0 0 3
5730 32 4 3240864613 16384 0 56742 0 0 0 96 96 0 0 0
5731 99 4 3240864613 16384 0 56742 0 0 0 96 96 0 0 1
5732 97 4 3240864613 16384 0 56742 0 0 0 96 96 0 0 2
5733 116 4 3240864613 16384 0 56742 0 0 0 96 96 0 0 3
5734 32 4 2036711764 2 0 907874 0 0 0 96 96 0 0 0
5735 115 4 2036711764 2 0 907874 0 0 0 96 96 0 0 1
5736 97 4 2036711764 2 0 907874 0 0 0 96 96 0 0 2
5737 116 4 2036711764 2 0 907874 0 0 0 96 96 0 0 3
5738 32 5 3169976660 0 0 14525999 0 0 0 96 96 0 0 0
5739 111 5 3169976660 0 0 14525999 0 0 0 96 96 0 0 1
5740 110 5 3169976660 0 0 14525999 0 0 0 96 96 0 0 2
5741 32 6 1118483854 65536 0 232415992 0 0 0 96 96 0 0 0
5742 116 6 1118483854 65536 0 232415992 0 0 0 96 96 0 0 1
5743 104 6 1118483854 65536 0 232415992 0 0 0 96 96 0 0 2
5744 101 6 1118483854 65536 0 232415992 0 0 0 96 96 0 0 3
5745 32 7 3240864613 16384 0 3718655878 0 0 0 96 96 0 0 0
5746 109 7 3240864613 16384 0 3718655878 0 0 0 96 96 0 0 1
5747 97 7 3240864613 16384 0 3718655878 0 0 0 96 96 0 0 2
5748 116 7 3240864613 16384 0 3718655878 0 0 0 96 96 0 0 3
5749 46 0 0 0 0 2788132384 0 0 0 96 96 0 0 0
5750 10 0 0 0 0 0 0 0 0 0 96 0 0 0
5751 235 0 0 0 0 0 0 0 0 96 96 0 0 0
5752 134 0 0 0 0 0 0 0 0 96 96 0 0 0
5753 10 0 0 0 0 0 0 0 0 0 96 0 0 0
5754 164 0 0 0 0 0 0 0 0 96 96 0 0 0
5755 44 0 0 0 0 0 0 0 0 96 96 0 0 0
5756 219 0 0 0 0 0 0 0 0 96 96 0 0 0
5757 32 0 0 0 0 0 0 0 0 96 96 0 0 0
5758 167 0 0 0 0 0 0 0 0 96 96 0 0 0
5759 133 0 0 0 0 0 0 0 0 96 96 0 0 0
5760 146 0 0 0 0 0 0 0 0 96 96 0 0 0
5761 46 0 0 0 0 0 0 0 0 96 96 0 0 0
5762 220 0 0 0 0 0 0 0 0 96 96 0 0 0
5763 46 0 0 0 0 0 0 0 0 96 96 0 0 0
5764 203 0 0 0 0 0 0 0 0 96 96 0 0 0
5765 10 0 0 0 0 0 0 0 0 0 96 0 0 0
5766 212 0 0 0 0 0 0 0 0 96 96 0 0 0
5767 231 0 0 0 0 0 0 0 0 96 96 0 0 0
5768 146 0 0 0 0 0 0 0 0 96 96 0 0 0
5769 46 0 0 0 0 0 0 0 0 96 96 0 0 0
5770 192 0 0 0 0 0 0 0 0 96 96 0 0 0
5771 44 0 0 0 0 0 0 0 0 96 96 0 0 0
5772 119 0 0 0 0 0 0 0 0 96 96 0 0 1
5773 111 0 0 0 0 0 0 0 0 96 96 0 0 2
5774 114 0 0 0 0 0 0 0 0 96 96 0 0 3
5775 100 0 0 0 0 0 0 0 0 96 96 0 0 4
5776 49 1 4155777060 0 0 15 0 0 0 96 96 0 0 0
5777 53 1 4155777060 0 0 15 0 0 0 96 96 0 0 0
5778 32 2 103149 131072 0 15 0 0 0 96 96 0 0 0
5779 97 2 103149 131072 0 15 0 0 0 96 96 0 0 1
5780 110 2 103149 131072 0 15 0 0 0 96 96 0 0 2
5781 111 2 103149 131072 0 15 0 0 0 96 96 0 0 3
5782 116 2 103149 131072 0 15 0 0 0 96 96 0 0 4
5783 104 2 103149 131072 0 15 0 0 0 96 96 0 0 5
5784 101 2 103149 131072 0 15 0 0 0 96 96 0 0 6
5785 114 2 103149 131072 0 15 0 0 0 96 96 0 0 7
5786 32 3 91021800 0 0 255 0 0 0 96 96 0 0 0
5787 91 3 91021800 0 0 255 0 0 0 96 91 0 0 0
5788 91 3 91021800 0 0 255 0 0 0 96 91 0 0 0
5789 65 3 91021800 0 0 255 0 0 0 96 91 0 0 0
5790 110 3 91021800 0 0 255 0 0 0 96 91 0 0 1
5791 110 3 91021800 0 0 255 0 0 0 96 91 0 0 2
5792 97 3 91021800 0 0 255 0 0 0 96 91 0 0 3
5793 93 4 2815940769 0 0 4095 0 0 0 96 91 0 0 0
5794 93 4 2815940769 0 0 4095 0 0 0 96 96 0 0 0
5795 32 4 2815940769 0 0 4095 0 0 0 96 96 0 0 0
5796 119 4 2815940769 0 0 4095 0 0 0 96 96 0 0 1
5797 97 4 2815940769 0 0 4095 0 0 0 96 96 0 0 2
5798 115 4 2815940769 0 0 4095 0 0 0 96 96 0 0 3
5799 32 5 3453292883 1 0 65521 3453292883 0 0 96 96 0 0 0
5800 97 5 3453292883 1 0 65521 3453292883 0 0 96 96 0 0 1
5801 32 6 1950627777 16384 0 1048342 3453292883 0 0 96 96 0 0 0
5802 39 6 1950627777 16384 0 1048342 3453292883 0 0 96 96 0 0 1
5803 39 7 1950627719 0 0 16773487 3453292883 0 0 96 96 0 0 0
5804 39 7 1950627719 0 0 16773487 3453292883 0 0 96 96 0 0 0
5805 113 7 1950627719 0 0 16773487 3453292883 0 0 96 96 0 0 1
5806 117 7 1950627719 0 0 16773487 3453292883 0 0 96 96 0 0 2
5807 101 7 1950627719 0 0 16773487 3453292883 0 0 96 96 0 0 3
5808 101 7 1950627719 0 0 16773487 3453292883 0 0 96 96 0 0 4
5809 110 7 1950627719 0 0 16773487 3453292883 0 0 96 96 0 0 5
5810 39 7 1950627719 0 0 16773487 3453292883 0 0 96 96 0 0 6
5811 39 8 3278097614 8 0 268375802 3453292883 0 0 96 96 0 0 0
5812 39 8 3278097614 8 0 268375802 3453292883 0 0 96 96 0 0 0
5813 32 8 3278097614 8 0 268375802 3453292883 0 0 96 96 0 0 0
5814 111 8 3278097614 8 0 268375802 3453292883 0 0 96 96 0 0 1
5815 102 8 3278097614 8 0 268375802 3453292883 0 0 96 96 0 0 2
5816 32 9 1118483846 65536 0 4294012840 3453292883 0 0 96 96 0 0 0
5817 91 9 1118483846 65536 0 4294012840 3453292883 0 0 96 91 0 0 0
5818 91 9 1118483846 65536 0 4294012840 3453292883 0 0 96 91 0 0 0
5819 70 9 1118483846 65536 0 4294012840 3453292883 0 0 96 91 0 0 0
5820 114 9 1118483846 65536 0 4294012840 3453292883 0 0 96 91 0 0 1
5821 97 9 1118483846 65536 0 4294012840 3453292883 0 0 96 91 0 0 2
5822 110 9 1118483846 65536 0 4294012840 3453292883 0 0 96 91 0 0 3
5823 99 9 1118483846 65536 0 4294012840 3453292883 0 0 96 91 0 0 4
5824 101 9 1118483846 65536 0 4294012840 3453292883 0 0 96 91 0 0 5
5825 93 10 3384763555 0 0 4279696015 3453292883 0 0 96 91 0 0 0
5826 93 10 3384763555 0 0 4279696015 3453292883 0 0 96 96 0 0 0
5827 32 10 3384763555 0 0 4279696015 3453292883 0 0 96 96 0 0 0
5828 105 10 3384763555 0 0 4279696015 3453292883 0 0 96 96 0 0 1
5829 110 10 3384763555 0 0 4279696015 3453292883 0 0 96 96 0 0 2
5830 32 11 1118433358 65536 0 4050626808 3453292883 0 0 96 96 0 0 0
5831 49 11 1118433358 65536 0 4050626808 3453292883 0 0 96 96 0 0 0
5832 55 11 1118433358 65536 0 4050626808 3453292883 0 0 96 96 0 0 0
5833 56 11 1118433358 65536 0 4050626808 3453292883 0 0 96 96 0 0 0
5834 57 11 1118433358 65536 0 4050626808 3453292883 0 0 96 96 0 0 0
5835 46 0 0 0 0 385519488 3453292883 0 0 96 96 0 0 0
5836 10 0 0 0 0 0 0 0 0 0 96 0 0 0
5837 61 0 0 0 0 0 0 0 0 61 96 0 0 0
5838 61 0 0 0 0 0 0 0 0 61 96 0 0 0
5839 32 0 0 0 0 0 0 0 0 61 96 0 0 0
5840 72 0 0 0 0 0 0 0 0 61 96 0 0 0
5841 105 0 0 0 0 0 0 0 0 61 96 0 0 1
5842 115 0 0 0 0 0 0 0 0 61 96 0 0 2
5843 116 0 0 0 0 0 0 0 0 61 96 0 0 3
5844 111 0 0 0 0 0 0 0 0 61 96 0 0 4
5845 114 0 0 0 0 0 0 0 0 61 96 0 0 5
5846 121 0 0 0 0 0 0 0 0 61 96 0 0 6
5847 32 1 1469161513 0 0 15 0 0 0 61 96 0 0 0
5848 61 1 1469161513 0 0 15 0 0 0 61 96 0 0 0
5849 61 1 1469161513 0 0 15 0 0 0 61 96 0 0 0
5850 10 0 0 0 0 0 0 0 0 0 96 0 0 0
5851 42 0 0 0 0 0 0 0 0 42 42 0 0 0
5852 32 0 0 0 0 0 0 0 0 42 42 0 0 0
5853 105 0 0 0 0 0 0 0 0 96 42 0 0 1
5854 116 0 0 0 0 0 0 0 0 96 42 0 0 2
5855 101 0 0 0 0 0 0 0 0 96 42 0 0 3
5856 109 0 0 0 0 0 0 0 0 96 42 0 0 4
5857 32 1 4268574925 0 0 15 0 0 0 96 42 0 0 0
5858 111 1 4268574925 0 0 15 0 0 0 96 42 0 0 1
5859 110 1 4268574925 0 0 15 0 0 0 96 42 0 0 2
5860 101 1 4268574925 0 0 15 0 0 0 96 42 0 0 3
5861 32 2 2886769829 131072 0 254 0 0 0 96 42 0 0 0
5862 40 2 2886769829 131072 0 254 0 0 0 96 42 0 0 0
5863 102 2 2886769829 131072 0 254 0 0 0 96 42 0 0 1
5864 105 2 2886769829 131072 0 254 0 0 0 96 42 0 0 2
5865 114 2 2886769829 131072 0 254 0 0 0 96 42 0 0 3
5866 115 2 2886769829 131072 0 254 0 0 0 96 42 0 0 4
5867 116 2 2886769829 131072 0 254 0 0 0 96 42 0 0 5
5868 41 2 2886769829 131072 0 65264 0 0 0 96 42 0 0 0
5869 10 0 0 0 0 0 0 0 0 0 42 0 0 0
5870 42 0 0 0 0 0 0 0 0 42 42 0 0 0
5871 32 0 0 0 0 0 0 0 0 42 42 0 0 0
5872 105 0 0 0 0 0 0 0 0 96 42 0 0 1
5873 116 0 0 0 0 0 0 0 0 96 42 0 0 2
5874 101 0 0 0 0 0 0 0 0 96 42 0 0 3
5875 109 0 0 0 0 0 0 0 0 96 42 0 0 4
5876 32 1 4268574925 0 0 15 0 0 0 96 42 0 0 0
5877 116 1 4268574925 0 0 15 0 0 0 96 42 0 0 1
5878 119 1 4268574925 0 0 15 0 0 0 96 42 0 0 2
5879 111 1 4268574925 0 0 15 0 0 0 96 42 0 0 3
5880 32 2 3240990863 131072 0 254 0 0 0 96 42 0 0 0
5881 91 2 3240990863 131072 0 254 0 0 0 96 91 0 0 0
5882 104 2 3240990863 131072 0 254 0 0 0 96 91 0 0 1
5883 116 2 3240990863 131072 0 254 0 0 0 96 91 0 0 2
5884 116 2 3240990863 131072 0 254 0 0 0 96 91 0 0 3
5885 112 2 3240990863 131072 0 254 0 0 0 96 91 0 0 4
5886 58 3 876852720 0 0 4079 0 0 0 96 91 0 0 0
5887 47 3 876852720 0 0 4079 0 0 0 96 91 0 0 0
5888 47 3 876852720 0 0 4079 0 0 0 96 91 0 0 0
5889 101 3 876852720 0 0 4079 0 0 0 96 91 0 0 1
5890 120 3 876852720 0 0 4079 0 0 0 96 91 0 0 2
5891 97 3 876852720 0 0 4079 0 0 0 96 91 0 0 3
5892 109 3 876852720 0 0 4079 0 0 0 96 91 0 0 4
5893 112 3 876852720 0 0 4079 0 0 0 96 91 0 0 5
5894 108 3 876852720 0 0 4079 0 0 0 96 91 0 0 6
5895 101 3 876852720 0 0 4079 0 0 0 96 91 0 0 7
5896 46 4 3291829868 0 0 1044464 0 0 0 96 91 0 0 0
5897 111 4 3291829868 0 0 1044464 0 0 0 96 91 0 0 1
5898 114 4 3291829868 0 0 1044464 0 0 0 96 91 0 0 2
5899 103 4 3291829868 0 0 1044464 0 0 0 96 91 0 0 3
5900 32 5 2886803495 0 0 16711439 0 0 0 96 91 0 0 0
5901 108 5 2886803495 0 0 16711439 0 0 0 96 91 0 0 1
5902 105 5 2886803495 0 0 16711439 0 0 0 96 91 0 0 2
5903 110 5 2886803495 0 0 16711439 0 0 0 96 91 0 0 3
5904 107 5 2886803495 0 0 16711439 0 0 0 96 91 0 0 4
5905 93 6 780174507 0 0 267383039 0 0 0 96 42 0 0 0
5906 32 6 780174507 0 0 267383039 0 0 1 64 42 0 0 0
5907 116 6 780174507 0 0 267383039 0 0 1 64 42 0 0 1
5908 101 6 780174507 0 0 267383039 0 0 1 64 42 0 0 2
5909 120 6 780174507 0 0 267383039 0 0 1 64 42 0 0 3
5910 116 6 780174507 0 0 267383039 0 0 1 64 42 0 0 4
5911 10 0 0 0 0 0 0 0 0 0 42 0 0 0
5912 84 0 0 0 0 0 0 0 0 84 42 0 0 0
5913 104 0 0 0 0 0 0 0 0 84 42 0 0 1
5914 101 0 0 0 0 0 0 0 0 84 42 0 0 2
5915 32 1 1118424933 2048 0 4 0 0 0 84 42 0 0 0
5916 123 1 1118424933 2048 0 4 0 0 0 84 42 0 0 0
5917 123 1 1118424933 2048 0 4 0 0 0 84 42 0 0 0
5918 99 1 1118424933 2048 0 4 0 0 0 84 42 0 0 1
5919 105 1 1118424933 2048 0 4 0 0 0 84 42 0 0 2
5920 116 1 1118424933 2048 0 4 0 0 0 84 42 0 0 3
5921 101 1 1118424933 2048 0 4 0 0 0 84 42 0 0 4
5922 124 2 318360037 0 0 79 0 0 0 84 42 0 0 0
5923 121 2 318360037 0 0 79 0 0 0 84 42 0 0 1
5924 101 2 318360037 0 0 79 0 0 0 84 42 0 0 2
5925 97 2 318360037 0 0 79 0 0 0 84 42 0 0 3
5926 114 2 318360037 0 0 79 0 0 0 84 42 0 0 4
5927 61 3 1641105746 0 0 1279 0 0 0 84 42 0 0 0
5928 49 3 1641105746 0 0 1279 0 0 0 84 42 0 0 0
5929 56 3 1641105746 0 0 1279 0 0 0 84 42 0 0 0
5930 48 3 1641105746 0 0 1279 0 0 0 84 42 0 0 0
5931 49 3 1641105746 0 0 1279 0 0 0 84 42 0 0 0
5932 125 4 1368491697 131072 0 1279 0 0 0 84 42 0 0 0
5933 125 4 1368491697 131072 0 1279 0 0 0 84 42 0 0 0
5934 32 4 1368491697 131072 0 1279 0 0 0 84 42 0 0 0
5935 115 4 1368491697 131072 0 1279 0 0 0 84 42 0 0 1
5936 97 4 1368491697 131072 0 1279 0 0 0 84 42 0 0 2
5937 105 4 1368491697 131072 0 1279 0 0 0 84 42 0 0 3
5938 100 4 1368491697 131072 0 1279 0 0 0 84 42 0 0 4
5939 58 5 2481602628 0 0 20479 0 0 0 84 42 0 0 0
5940 32 5 2481602628 0 0 20479 0 0 0 84 42 0 0 0
5941 34 5 2481602628 0 0 20479 0 0 0 84 42 0 0 0
5942 104 5 2481602628 0 0 20479 0 0 0 84 42 0 0 1
5943 101 5 2481602628 0 0 20479 0 0 0 84 42 0 0 2
5944 108 5 2481602628 0 0 20479 0 0 0 84 42 0 0 3
5945 108 5 2481602628 0 0 20479 0 0 0 84 42 0 0 4
5946 111 5 2481602628 0 0 20479 0 0 0 84 42 0 0 5
5947 44 6 933891823 0 0 327679 0 0 0 84 42 0 0 0
5948 32 6 933891823 0 0 327679 0 0 0 84 42 0 0 0
5949 119 6 933891823 0 0 327679 0 0 0 84 42 0 0 1
5950 111 6 933891823 0 0 327679 0 0 0 84 42 0 0 2
5951 114 6 933891823 0 0 327679 0 0 0 84 42 0 0 3
5952 108 6 933891823 0 0 327679 0 0 0 84 42 0 0 4
5953 100 6 933891823 0 0 327679 0 0 0 84 42 0 0 5
5954 33 7 1101113060 0 0 5242879 0 0 0 84 42 0 0 0
5955 34 7 1101113060 0 0 5242879 0 0 0 84 42 0 0 0
5956 10 0 0 0 0 0 0 0 0 0 42 0 0 0
5957 60 0 0 0 0 0 0 0 0 60 42 0 0 0
5958 114 0 0 0 0 0 0 0 0 60 42 0 0 1
5959 101 0 0 0 0 0 0 0 0 60 42 0 0 2
5960 102 0 0 0 0 0 0 0 0 60 42 0 0 3
5961 62 1 3099181254 0 0 15 0 0 0 60 42 0 0 0
5962 110 1 3099181254 0 0 15 0 0 0 60 42 0 0 1
5963 111 1 3099181254 0 0 15 0 0 0 60 42 0 0 2
5964 116 1 3099181254 0 0 15 0 0 0 60 42 0 0 3
5965 101 1 3099181254 0 0 15 0 0 0 60 42 0 0 4
5966 32 2 3693928933 0 0 255 0 0 0 60 42 0 0 0
5967 49 2 3693928933 0 0 255 0 0 0 60 42 0 0 0
5968 50 2 3693928933 0 0 255 0 0 0 60 42 0 0 0
5969 44 3 103146 131072 0 255 0 0 0 60 42 0 0 0
5970 51 3 103146 131072 0 255 0 0 0 60 42 0 0 0
5971 52 3 103146 131072 0 255 0 0 0 60 42 0 0 0
5972 53 3 103146 131072 0 255 0 0 0 60 42 0 0 0
5973 46 0 0 0 0 4080 0 0 0 60 42 0 0 0
5974 54 0 0 0 0 4080 0 0 0 60 42 0 0 0
5975 55 0 0 0 0 4080 0 0 0 60 42 0 0 0
5976 32 1 113671 131072 0 4080 0 0 0 60 42 0 0 0
5977 104 1 113671 131072 0 4080 0 0 0 60 42 0 0 1
5978 101 1 113671 131072 0 4080 0 0 0 60 42 0 0 2
5979 114 1 113671 131072 0 4080 0 0 0 60 42 0 0 3
5980 101 1 113671 131072 0 4080 0 0 0 60 42 0 0 4
5981 60 2 4109367333 0 0 65295 0 0 0 60 42 0 0 0
5982 47 2 4109367333 0 0 65295 0 0 0 60 42 0 0 0
5983 114 2 4109367333 0 0 65295 0 0 0 60 42 0 0 1
5984 101 2 4109367333 0 0 65295 0 0 0 60 42 0 0 2
5985 102 2 4109367333 0 0 65295 0 0 0 60 42 0 0 3
5986 62 3 3099181254 0 0 1044735 0 0 0 60 42 0 0 0
5987 10 0 0 0 0 0 0 0 0 0 42 0 0 0
5988 65 0 0 0 0 0 0 0 0 65 42 0 0 0
5989 32 0 0 0 0 0 0 0 0 65 42 0 0 0
5990 108 0 0 0 0 0 0 0 0 65 42 0 0 1
5991 105 0 0 0 0 0 0 0 0 65 42 0 0 2
5992 110 0 0 0 0 0 0 0 0 65 42 0 0 3
5993 101 0 0 0 0 0 0 0 0 65 42 0 0 4
5994 32 1 780174501 0 0 15 0 0 0 65 42 0 0 0
5995 119 1 780174501 0 0 15 0 0 0 65 42 0 0 1
5996 105 1 780174501 0 0 15 0 0 0 65 42 0 0 2
5997 116 1 780174501 0 0 15 0 0 0 65 42 0 0 3
5998 104 1 780174501 0 0 15 0 0 0 65 42 0 0 4
5999 32 2 3730819560 65536 0 248 0 0 0 65 42 0 0 0
6000 110 2 3730819560 65536 0 248 0 0 0 65 42 0 0 1
6001 117 2 3730819560 65536 0 248 0 0 0 65 42 0 0 2
6002 109 2 3730819560 65536 0 248 0 0 0 65 42 0 0 3
6003 98 2 3730819560 65536 0 248 0 0 0 65 42 0 0 4
6004 101 2 3730819560 65536 0 248 0 0 0 65 42 0 0 5
6005 114 2 3730819560 65536 0 248 0 0 0 65 42 0 0 6
6006 115 2 3730819560 65536 0 248 0 0 0 65 42 0 0 7
6007 32 3 3416096978 8 0 3978 0 0 0 65 42 0 0 0
6008 52 3 3416096978 8 0 3978 0 0 0 65 42 0 0 0
6009 50 3 3416096978 8 0 3978 0 0 0 65 42 0 0 0
6010 32 4 109458 131072 0 3978 0 0 0 65 42 0 0 0
6011 97 4 109458 131072 0 3978 0 0 0 65 42 0 0 1
6012 110 4 109458 131072 0 3978 0 0 0 65 42 0 0 2
6013 100 4 109458 131072 0 3978 0 0 0 65 42 0 0 3
6014 32 5 1895163044 32768 0 63655 0 0 0 65 42 0 0 0
6015 51 5 1895163044 32768 0 63655 0 0 0 65 42 0 0 0
6016 46 0 0 0 0 1018480 0 0 0 65 42 0 0 0
6017 49 0 0 0 0 1018480 0 0 0 65 42 0 0 0
6018 52 0 0 0 0 1018480 0 0 0 65 42 0 0 0
6019 32 1 103148 131072 0 1018480 0 0 0 65 42 0 0 0
6020 97 1 103148 131072 0 1018480 0 0 0 65 42 0 0 1
6021 110 1 103148 131072 0 1018480 0 0 0 65 42 0 0 2
6022 100 1 103148 131072 0 1018480 0 0 0 65 42 0 0 3
6023 32 2 1895163044 32768 0 16295687 0 0 0 65 42 0 0 0
6024 49 2 1895163044 32768 0 16295687 0 0 0 65 42 0 0 0
6025 44 3 49 131072 0 16295687 0 0 0 65 42 0 0 0
6026 48 3 49 131072 0 16295687 0 0 0 65 42 0 0 0
6027 48 3 49 131072 0 16295687 0 0 0 65 42 0 0 0
6028 48 3 49 131072 0 16295687 0 0 0 65 42 0 0 0
6029 46 0 0 0 0 260730992 0 0 0 65 42 0 0 0
6030 10 0 0 0 0 0 0 0 0 0 42 0 0 0
6031 38 0 0 0 0 0 0 0 0 38 42 0 0 0
6032 110 0 0 0 0 0 0 0 0 38 42 0 0 1
6033 98 0 0 0 0 0 0 0 0 38 42 0 0 2
6034 115 0 0 0 0 0 0 0 0 38 42 0 0 3
6035 112 0 0 0 0 0 0 0 0 38 42 0 0 4
6036 59 1 2773142800 0 0 15 0 0 0 38 42 0 0 0
6037 32 1 2773142800 0 0 15 0 0 0 38 42 0 0 0
6038 115 1 2773142800 0 0 15 0 0 0 38 42 0 0 1
6039 111 1 2773142800 0 0 15 0 0 0 38 42 0 0 2
6040 109 1 2773142800 0 0 15 0 0 0 38 42 0 0 3
6041 101 1 2773142800 0 0 15 0 0 0 38 42 0 0 4
6042 32 2 3473243077 0 0 255 0 0 0 38 42 0 0 0
6043 38 2 3473243077 0 0 255 0 0 0 38 42 0 0 0
6044 97 2 3473243077 0 0 255 0 0 0 38 42 0 0 1
6045 109 2 3473243077 0 0 255 0 0 0 38 42 0 0 2
6046 112 2 3473243077 0 0 255 0 0 0 38 42 0 0 3
6047 59 3 1895154640 0 0 4095 0 0 0 38 42 0 0 0
6048 32 3 1895154640 0 0 4095 0 0 0 38 42 0 0 0
6049 101 3 1895154640 0 0 4095 0 0 0 38 42 0 0 1
6050 110 3 1895154640 0 0 4095 0 0 0 38 42 0 0 2
6051 116 3 1895154640 0 0 4095 0 0 0 38 42 0 0 3
6052 105 3 1895154640 0 0 4095 0 0 0 38 42 0 0 4
6053 116 3 1895154640 0 0 4095 0 0 0 38 42 0 0 5
6054 105 3 1895154640 0 0 4095 0 0 0 38 42 0 0 6
6055 101 3 1895154640 0 0 4095 0 0 0 38 42 0 0 7
6056 115 3 1895154640 0 0 4095 0 0 0 38 42 0 0 8
6057 32 4 1475168745 8 0 65530 0 0 0 38 42 0 0 0
6058 38 4 1475168745 8 0 65530 0 0 0 38 42 0 0 0
6059 108 4 1475168745 8 0 65530 0 0 0 38 42 0 0 1
6060 116 4 1475168745 8 0 65530 0 0 0 38 42 0 0 2
6061 59 5 1118458612 0 0 1048495 0 0 0 38 42 0 0 0
6062 116 5 1118458612 0 0 1048495 0 0 0 38 42 0 0 1
6063 97 5 1118458612 0 0 1048495 0 0 0 38 42 0 0 2
6064 103 5 1118458612 0 0 1048495 0 0 0 38 42 0 0 3
6065 38 6 3240805703 0 0 16775935 0 0 0 38 42 0 0 0
6066 103 6 3240805703 0 0 16775935 0 0 0 38 42 0 0 1
6067 116 6 3240805703 0 0 16775935 0 0 0 38 42 0 0 2
6068 59 7 1118416532 0 0 268414975 0 0 0 38 42 0 0 0
6069 10 0 0 0 0 0 0 0 0 0 42 0 0 0
6070 100 0 0 0 0 0 0 0 0 96 96 0 0 1
6071 111 0 0 0 0 0 0 0 0 96 96 0 0 2
6072 110 0 0 0 0 0 0 0 0 96 96 0 0 3
6073 39 0 0 0 0 0 0 0 0 96 96 0 0 4
6074 116 0 0 0 0 0 0 0 0 96 96 0 0 5
6075 32 1 1118391279 1024 0 13 0 0 0 96 96 0 0 0
6076 99 1 1118391279 1024 0 13 0 0 0 96 96 0 0 1
6077 97 1 1118391279 1024 0 13 0 0 0 96 96 0 0 2
6078 110 1 1118391279 1024 0 13 0 0 0 96 96 0 0 3
6079 39 1 1118391279 1024 0 13 0 0 0 96 96 0 0 4
6080 116 1 1118391279 1024 0 13 0 0 0 96 96 0 0 5
6081 32 2 2036711758 1024 0 221 0 0 0 96 96 0 0 0
6082 105 2 2036711758 1024 0 221 0 0 0 96 96 0 0 1
6083 116 2 2036711758 1024 0 221 0 0 0 96 96 0 0 2
6084 39 2 2036711758 1024 0 221 0 0 0 96 96 0 0 3
6085 115 2 2036711758 1024 0 221 0 0 0 96 96 0 0 4
6086 32 3 1118433364 1048584 0 3546 0 0 0 96 96 0 0 0
6087 116 3 1118433364 1048584 0 3546 0 0 0 96 96 0 0 1
6088 104 3 1118433364 1048584 0 3546 0 0 0 96 96 0 0 2
6089 101 3 1118433364 1048584 0 3546 0 0 0 96 96 0 0 3
6090 32 4 3240864613 16384 0 56742 0 0 0 96 96 0 0 0
6091 99 4 3240864613 16384 0 56742 0 0 0 96 96 0 0 1
6092 97 4 3240864613 16384 0 56742 0 0 0 96 96 0 0 2
6093 116 4 3240864613 16384 0 56742 0 0 0 96 96 0 0 3
6094 32 4 2036711764 2 0 907874 0 0 0 96 96 0 0 0
6095 115 4 2036711764 2 0 907874 0 0 0 96 96 0 0 1
6096 97 4 2036711764 2 0 907874 0 0 0 96 96 0 0 2
6097 116 4 2036711764 2 0 907874 0 0 0 96 96 0 0 3
6098 32 5 3169976660 0 0 14525999 0 0 0 96 96 0 0 0
6099 111 5 3169976660 0 0 14525999 0 0 0 96 96 0 0 1
6100 110 5 3169976660 0 0 14525999 0 0 0 96 96 0 0 2
6101 32 6 1118483854 65536 0 232415992 0 0 0 96 96 0 0 0
6102 116 6 1118483854 65536 0 232415992 0 0 0 96 96 0 0 1
6103 104 6 1118483854 65536 0 232415992 0 0 0 96 96 0 0 2
6104 101 6 1118483854 65536 0 232415992 0 0 0 96 96 0 0 3
6105 32 7 3240864613 16384 0 3718655878 0 0 0 96 96 0 0 0
6106 109 7 3240864613 16384 0 3718655878 0 0 0 96 96 0 0 1
6107 97 7 3240864613 16384 0 3718655878 0 0 0 96 96 0 0 2
6108 116 7 3240864613 16384 0 3718655878 0 0 0 96 96 0 0 3
6109 46 0 0 0 0 2788132384 0 0 0 96 96 0 0 0
6110 10 0 0 0 0 0 0 0 0 0 96 0 0 0
6111 171 0 0 0 0 0 0 0 0 96 96 0 0 0
6112 161 0 0 0 0 0 0 0 0 96 96 0 0 0
6113 226 0 0 0 0 0 0 0 0 96 96 0 0 0
6114 32 0 0 0 0 0 0 0 0 96 96 0 0 0
6115 165 0 0 0 0 0 0 0 0 96 96 0 0 0
6116 193 0 0 0 0 0 0 0 0 96 96 0 0 0
6117 10 0 0 0 0 0 0 0 0 0 96 0 0 0
6118 167 0 0 0 0 0 0 0 0 96 96 0 0 0
6119 192 0 0 0 0 0 0 0 0 96 96 0 0 0
6120 193 0 0 0 0 0 0 0 0 96 96 0 0 0
6121 46 0 0 0 0 0 0 0 0 96 96 0 0 0
6122 128 0 0 0 0 0 0 0 0 96 96 0 0 0
6123 222 0 0 0 0 0 0 0 0 96 96 0 0 0
6124 230 0 0 0 0 0 0 0 0 96 96 0 0 0
6125 10 0 0 0 0 0 0 0 0 0 96 0 0 0
6126 153 0 0 0 0 0 0 0 0 96 96 0 0 0
6127 155 0 0 0 0 0 0 0 0 96 96 0 0 0
6128 10 0 0 0 0 0 0 0 0 0 96 0 0 0
6129 175 0 0 0 0 0 0 0 0 96 96 0 0 0
6130 147 0 0 0 0 0 0 0 0 96 96 0 0 0
6131 32 0 0 0 0 0 0 0 0 96 96 0 0 0
6132 233 0 0 0 0 0 0 0 0 96 96 0 0 0
6133 10 0 0 0 0 0 0 0 0 0 96 0 0 0
6134 139 0 0 0 0 0 0 0 0 96 96 0 0 0
6135 242 0 0 0 0 0 0 0 0 96 96 0 0 0
6136 158 0 0 0 0 0 0 0 0 96 96 0 0 0
6137 44 0 0 0 0 0 0 0 0 96 96 0 0 0
6138 119 0 0 0 0 0 0 0 0 96 96 0 0 1
6139 111 0 0 0 0 0 0 0 0 96 96 0 0 2
6140 114 0 0 0 0 0 0 0 0 96 96 0 0 3
6141 100 0 0 0 0 0 0 0 0 96 96 0 0 4
6142 49 1 4155777060 0 0 15 0 0 0 96 96 0 0 0
6143 54 1 4155777060 0 0 15 0 0 0 96 96 0 0 0
6144 32 2 103150 131072 0 15 0 0 0 96 96 0 0 0
6145 97 2 103150 131072 0 15 0 0 0 96 96 0 0 1
6146 110 2 103150 131072 0 15 0 0 0 96 96 0 0 2
6147 111 2 103150 131072 0 15 0 0 0 96 96 0 0 3
6148 116 2 103150 131072 0 15 0 0 0 96 96 0 0 4
6149 104 2 103150 131072 0 15 0 0 0 96 96 0 0 5
6150 101 2 103150 131072 0 15 0 0 0 96 96 0 0 6
6151 114 2 103150 131072 0 15 0 0 0 96 96 0 0 7
6152 32 3 91021800 0 0 255 0 0 0 96 96 0 0 0
6153 91 3 91021800 0 0 255 0 0 0 96 91 0 0 0
6154 91 3 91021800 0 0 255 0 0 0 96 91 0 0 0
6155 65 3 91021800 0 0 255 0 0 0 96 91 0 0 0
6156 110 3 91021800 0 0 255 0 0 0 96 91 0 0 1
6157 110 3 91021800 0 0 255 0 0 0 96 91 0 0 2
6158 97 3 91021800 0 0 255 0 0 0 96 91 0 0 3
6159 93 4 2815940769 0 0 4095 0 0 0 96 91 0 0 0
6160 93 4 2815940769 0 0 4095 0 0 0 96 96 0 0 0
6161 32 4 2815940769 0 0 4095 0 0 0 96 96 0 0 0
6162 119 4 2815940769 0 0 4095 0 0 0 96 96 0 0 1
6163 97 4 2815940769 0 0 4095 0 0 0 96 96 0 0 2
6164 115 4 2815940769 0 0 4095 0 0 0 96 96 0 0 3
6165 32 5 3453292883 1 0 65521 3453292883 0 0 96 96 0 0 0
6166 97 5 3453292883 1 0 65521 3453292883 0 0 96 96 0 0 1
6167 32 6 1950627777 16384 0 1048342 3453292883 0 0 96 96 0 0 0
6168 39 6 1950627777 16384 0 1048342 3453292883 0 0 96 96 0 0 1
6169 39 7 1950627719 0 0 16773487 3453292883 0 0 96 96 0 0 0
6170 39 7 1950627719 0 0 16773487 3453292883 0 0 96 96 0 0 0
6171 113 7 1950627719 0 0 16773487 3453292883 0 0 96 96 0 0 1
6172 117 7 1950627719 0 0 16773487 3453292883 0 0 96 96 0 0 2
6173 101 7 1950627719 0 0 16773487 3453292883 0 0 96 96 0 0 3
6174 101 7 1950627719 0 0 16773487 3453292883 0 0 96 96 0 0 4
6175 110 7 1950627719 0 0 16773487 3453292883 0 0 96 96 0 0 5
6176 39 7 1950627719 0 0 16773487 3453292883 0 0 96 96 0 0 6
6177 39 8 3278097614 8 0 268375802 3453292883 0 0 96 96 0 0 0
6178 39 8 3278097614 8 0 268375802 3453292883 0 0 96 96 0 0 0
6179 32 8 3278097614 8 0 268375802 3453292883 0 0 96 96 0 0 0
6180 111 8 3278097614 8 0 268375802 3453292883 0 0 96 96 0 0 1
6181 102 8 3278097614 8 0 268375802 3453292883 0 0 96 96 0 0 2
6182 32 9 1118483846 65536 0 4294012840 3453292883 0 0 96 96 0 0 0
6183 91 9 1118483846 65536 0 4294012840 3453292883 0 0 96 91 0 0 0
6184 91 9 1118483846 65536 0 4294012840 3453292883 0 0 96 91 0 0 0
6185 70 9 1118483846 65536 0 4294012840 3453292883 0 0 96 91 0 0 0
6186 114 9 1118483846 65536 0 4294012840 3453292883 0 0 96 91 0 0 1
6187 97 9 1118483846 65536 0 4294012840 3453292883 0 0 96 91 0 0 2
6188 110 9 1118483846 65536 0 4294012840 3453292883 0 0 96 91 0 0 3
6189 99 9 1118483846 65536 0 4294012840 3453292883 0 0 96 91 0 0 4
6190 101 9 1118483846 65536 0 4294012840 3453292883 0 0 96 91 0 0 5
6191 93 10 3384763555 0 0 4279696015 3453292883 0 0 96 91 0 0 0
6192 93 10 3384763555 0 0 4279696015 3453292883 0 0 96 96 0 0 0
6193 32 10 3384763555 0 0 4279696015 3453292883 0 0 96 96 0 0 0
6194 105 10 3384763555 0 0 4279696015 3453292883 0 0 96 96 0 0 1
6195 110 10 3384763555 0 0 4279696015 3453292883 0 0 96 96 0 0 2
6196 32 11 1118433358 65536 0 4050626808 3453292883 0 0 96 96 0 0 0
6197 49 11 1118433358 65536 0 4050626808 3453292883 0 0 96 96 0 0 0
6198 55 11 1118433358 65536 0 4050626808 3453292883 0 0 96 96 0 0 0
6199 56 11 1118433358 65536 0 4050626808 3453292883 0 0 96 96 0 0 0
6200 57 11 1118433358 65536 0 4050626808 3453292883 0 0 96 96 0 0 0
6201 46 0 0 0 0 385519488 3453292883 0 0 96 96 0 0 0
6202 10 0 0 0 0 0 0 0 0 0 96 0 0 0
6203 61 0 0 0 0 0 0 0 0 61 96 0 0 0
6204 61 0 0 0 0 0 0 0 0 61 96 0 0 0
6205 32 0 0 0 0 0 0 0 0 61 96 0 0 0
6206 72 0 0 0 0 0 0 0 0 61 96 0 0 0
6207 105 0 0 0 0 0 0 0 0 61 96 0 0 1
6208 115 0 0 0 0 0 0 0 0 61 96 0 0 2
6209 116 0 0 0 0 0 0 0 0 61 96 0 0 3
6210 111 0 0 0 0 0 0 0 0 61 96 0 0 4
6211 114 0 0 0 0 0 0 0 0 61 96 0 0 5
6212 121 0 0 0 0 0 0 0 0 61 96 0 0 6
6213 32 1 1469161513 0 0 15 0 0 0 61 96 0 0 0
6214 61 1 1469161513 0 0 15 0 0 0 61 96 0 0 0
6215 61 1 1469161513 0 0 15 0 0 0 61 96 0 0 0
6216 10 0 0 0 0 0 0 0 0 0 96 0 0 0
6217 42 0 0 0 0 0 0 0 0 42 42 0 0 0
6218 32 0 0 0 0 0 0 0 0 42 42 0 0 0
6219 105 0 0 0 0 0 0 0 0 96 42 0 0 1
6220 116 0 0 0 0 0 0 0 0 96 42 0 0 2
6221 101 0 0 0 0 0 0 0 0 96 42 0 0 3
6222 109 0 0 0 0 0 0 0 0 96 42 0 0 4
6223 32 1 4268574925 0 0 15 0 0 0 96 42 0 0 0
6224 111 1 4268574925 0 0 15 0 0 0 96 42 0 0 1
6225 110 1 4268574925 0 0 15 0 0 0 96 42 0 0 2
6226 101 1 4268574925 0 0 15 0 0 0 96 42 0 0 3
6227 32 2 2886769829 131072 0 254 0 0 0 96 42 0 0 0
6228 40 2 2886769829 131072 0 254 0 0 0 96 42 0 0 0
6229 102 2 2886769829 131072 0 254 0 0 0 96 42 0 0 1
6230 105 2 2886769829 131072 0 254 0 0 0 96 42 0 0 2
6231 114 2 2886769829 131072 0 254 0 0 0 96 42 0 0 3
6232 115 2 2886769829 131072 0 254 0 0 0 96 42 0 0 4
6233 116 2 2886769829 131072 0 254 0 0 0 96 42 0 0 5
6234 41 2 2886769829 131072 0 65264 0 0 0 96 42 0 0 0
6235 10 0 0 0 0 0 0 0 0 0 42 0 0 0
6236 42 0 0 0 0 0 0 0 0 42 42 0 0 0
6237 32 0 0 0 0 0 0 0 0 42 42 0 0 0
6238 105 0 0 0 0 0 0 0 0 96 42 0 0 1
6239 116 0 0 0 0 0 0 0 0 96 42 0 0 2
6240 101 0 0 0 0 0 0 0 0 96 42 0 0 3
6241 109 0 0 0 0 0 0 0 0 96 42 0 0 4
6242 32 1 4268574925 0 0 15 0 0 0 96 42 0 0 0
6243 116 1 4268574925 0 0 15 0 0 0 96 42 0 0 1
6244 119 1 4268574925 0 0 15 0 0 0 96 42 0 0 2
6245 111 1 4268574925 0 0 15 0 0 0 96 42 0 0 3
6246 32 2 3240990863 131072 0 254 0 0 0 96 42 0 0 0
6247 91 2 3240990863 131072 0 254 0 0 0 96 91 0 0 0
6248 104 2 3240990863 131072 0 254 0 0 0 96 91 0 0 1
6249 116 2 3240990863 131072 0 254 0 0 0 96 91 0 0 2
6250 116 2 3240990863 131072 0 254 0 0 0 96 91 0 0 3
6251 112 2 3240990863 131072 0 254 0 0 0 96 91 0 0 4
6252 58 3 876852720 0 0 4079 0 0 0 96 91 0 0 0
6253 47 3 876852720 0 0 4079 0 0 0 96 91 0 0 0
6254 47 3 876852720 0 0 4079 0 0 0 96 91 0 0 0
6255 101 3 876852720 0 0 4079 0 0 0 96 91 0 0 1
6256 120 3 876852720 0 0 4079 0 0 0 96 91 0 0 2
6257 97 3 876852720 0 0 4079 0 0 0 96 91 0 0 3
6258 109 3 876852720 0 0 4079 0 0 0 96 91 0 0 4
6259 112 3 876852720 0 0 4079 0 0 0 96 91 0 0 5
6260 108 3 876852720 0 0 4079 0 0 0 96 91 0 0 6
6261 101 3 876852720 0 0 4079 0 0 0 96 91 0 0 7
6262 46 4 3291829868 0 0 1044464 0 0 0 96 91 0 0 0
6263 111 4 3291829868 0 0 1044464 0 0 0 96 91 0 0 1
6264 114 4 3291829868 0 0 1044464 0 0 0 96 91 0 0 2
6265 103 4 3291829868 0 0 1044464 0 0 0 96 91 0 0 3
6266 32 5 2886803495 0 0 16711439 0 0 0 96 91 0 0 0
6267 108 5 2886803495 0 0 16711439 0 0 0 96 91 0 0 1
6268 105 5 2886803495 0 0 16711439 0 0 0 96 91 0 0 2
6269 110 5 2886803495 0 0 16711439 0 0 0 96 91 0 0 3
6270 107 5 2886803495 0 0 16711439 0 0 0 96 91 0 0 4
6271 93 6 780174507 0 0 267383039 0 0 0 96 42 0 0 0
6272 32 6 780174507 0 0 267383039 0 0 1 64 42 0 0 0
6273 116 6 780174507 0 0 267383039 0 0 1 64 42 0 0 1
6274 101 6 780174507 0 0 267383039 0 0 1 64 42 0 0 2
6275 120 6 780174507 0 0 267383039 0 0 1 64 42 0 0 3
6276 116 6 780174507 0 0 267383039 0 0 1 64 42 0 0 4
6277 10 0 0 0 0 0 0 0 0 0 42 0 0 0
6278 84 0 0 0 0 0 0 0 0 84 42 0 0 0
6279 104 0 0 0 0 0 0 0 0 84 42 0 0 1
6280 101 0 0 0 0 0 0 0 0 84 42 0 0 2
6281 32 1 1118424933 2048 0 4 0 0 0 84 42 0 0 0
6282 123 1 1118424933 2048 0 4 0 0 0 84 42 0 0 0
6283 123 1 1118424933 2048 0 4 0 0 0 84 42 0 0 0
6284 99 1 1118424933 2048 0 4 0 0 0 84 42 0 0 1
6285 105 1 1118424933 2048 0 4 0 0 0 84 42 0 0 2
6286 116 1 1118424933 2048 0 4 0 0 0 84 42 0 0 3
6287 101 1 1118424933 2048 0 4 0 0 0 84 42 0 0 4
6288 124 2 318360037 0 0 79 0 0 0 84 42 0 0 0
6289 121 2 318360037 0 0 79 0 0 0 84 42 0 0 1
6290 101 2 318360037 0 0 79 0 0 0 84 42 0 0 2
6291 97 2 318360037 0 0 79 0 0 0 84 42 0 0 3
6292 114 2 318360037 0 0 79 0 0 0 84 42 0 0 4
6293 61 3 1641105746 0 0 1279 0 0 0 84 42 0 0 0
6294 49 3 1641105746 0 0 1279 0 0 0 84 42 0 0 0
6295 56 3 1641105746 0 0 1279 0 0 0 84 42 0 0 0
6296 48 3 1641105746 0 0 1279 0 0 0 84 42 0 0 0
6297 49 3 1641105746 0 0 1279 0 0 0 84 42 0 0 0
6298 125 4 1368491697 131072 0 1279 0 0 0 84 42 0 0 0
6299 125 4 1368491697 131072 0 1279 0 0 0 84 42 0 0 0
6300 32 4 1368491697 131072 0 1279 0 0 0 84 42 0 0 0
6301 115 4 1368491697 131072 0 1279 0 0 0 84 42 0 0 1
6302 97 4 1368491697 131072 0 1279 0 0 0 84 42 0 0 2
6303 105 4 1368491697 131072 0 1279 0 0 0 84 42 0 0 3
6304 100 4 1368491697 131072 0 1279 0 0 0 84 42 0 0 4
6305 58 5 2481602628 0 0 20479 0 0 0 84 42 0 0 0
6306 32 5 2481602628 0 0 20479 0 0 0 84 42 0 0 0
6307 34 5 2481602628 0 0 20479 0 0 0 84 42 0 0 0
6308 104 5 2481602628 0 0 20479 0 0 0 84 42 0 0 1
6309 101 5 2481602628 0 0 20479 0 0 0 84 42 0 0 2
6310 108 5 2481602628 0 0 20479 0 0 0 84 42 0 0 3
6311 108 5 2481602628 0 0 20479 0 0 0 84 42 0 0 4
6312 111 5 2481602628 0 0 20479 0 0 0 84 42 0 0 5
6313 44 6 933891823 0 0 327679 0 0 0 84 42 0 0 0
6314 32 6 933891823 0 0 327679 0 0 0 84 42 0 0 0
6315 119 6 933891823 0 0 327679 0 0 0 84 42 0 0 1
6316 111 6 933891823 0 0 327679 0 0 0 84 42 0 0 2
6317 114 6 933891823 0 0 327679 0 0 0 84 42 0 0 3
6318 108 6 933891823 0 0 327679 0 0 0 84 42 0 0 4
6319 100 6 933891823 0 0 327679 0 0 0 84 42 0 0 5
6320 33 7 1101113060 0 0 5242879 0 0 0 84 42 0 0 0
6321 34 7 1101113060 0 0 5242879 0 0 0 84 42 0 0 0
6322 10 0 0 0 0 0 0 0 0 0 42 0 0 0
6323 60 0 0 0 0 0 0 0 0 60 42 0 0 0
6324 114 0 0 0 0 0 0 0 0 60 42 0 0 1
6325 101 0 0 0 0 0 0 0 0 60 42 0 0 2
6326 102 0 0 0 0 0 0 0 0 60 42 0 0 3
6327 62 1 3099181254 0 0 15 0 0 0 60 42 0 0 0
6328 110 1 3099181254 0 0 15 0 0 0 60 42 0 0 1
6329 111 1 3099181254 0 0 15 0 0 0 60 42 0 0 2
6330 116 1 3099181254 0 0 15 0 0 0 60 42 0 0 3
6331 101 1 3099181254 0 0 15 0 0 0 60 42 0 0 4
6332 32 2 3693928933 0 0 255 0 0 0 60 42 0 0 0
6333 49 2 3693928933 0 0 255 0 0 0 60 42 0 0 0
6334 50 2 3693928933 0 0 255 0 0 0 60 42 0 0 0
6335 44 3 103146 131072 0 255 0 0 0 60 42 0 0 0
6336 51 3 103146 131072 0 255 0 0 0 60 42 0 0 0
6337 52 3 103146 131072 0 255 0 0 0 60 42 0 0 0
6338 53 3 103146 131072 0 255 0 0 0 60 42 0 0 0
6339 46 0 0 0 0 4080 0 0 0 60 42 0 0 0
6340 54 0 0 0 0 4080 0 0 0 60 42 0 0 0
6341 55 0 0 0 0 4080 0 0 0 60 42 0 0 0
6342 32 1 113671 131072 0 4080 0 0 0 60 42 0 0 0
6343 104 1 113671 131072 0 4080 0 0 0 60 42 0 0 1
6344 101 1 113671 131072 0 4080 0 0 0 60 42 0 0 2
6345 114 1 113671 131072 0 4080 0 0 0 60 42 0 0 3
6346 101 1 113671 131072 0 4080 0 0 0 60 42 0 0 4
6347 60 2 4109367333 0 0 65295 0 0 0 60 42 0 0 0
6348 47 2 4109367333 0 0 65295 0 0 0 60 42 0 0 0
6349 114 2 4109367333 0 0 65295 0 0 0 60 42 0 0 1
6350 101 2 4109367333 0 0 65295 0 0 0 60 42 0 0 2
6351 102 2 4109367333 0 0 65295 0 0 0 60 42 0 0 3
6352 62 3 3099181254 0 0 1044735 0 0 0 60 42 0 0 0
6353 10 0 0 0 0 0 0 0 0 0 42 0 0 0
6354 65 0 0 0 0 0 0 0 0 65 42 0 0 0
6355 32 0 0 0 0 0 0 0 0 65 42 0 0 0
6356 108 0 0 0 0 0 0 0 0 65 42 0 0 1
6357 105 0 0 0 0 0 0 0 0 65 42 0 0 2
6358 110 0 0 0 0 0 0 0 0 65 42 0 0 3
6359 101 0 0 0 0 0 0 0 0 65 42 0 0 4
6360 32 1 780174501 0 0 15 0 0 0 65 42 0 0 0
6361 119 1 780174501 0 0 15 0 0 0 65 42 0 0 1
6362 105 1 780174501 0 0 15 0 0 0 65 42 0 0 2
6363 116 1 780174501 0 0 15 0 0 0 65 42 0 0 3
6364 104 1 780174501 0 0 15 0 0 0 65 42 0 0 4
6365 32 2 3730819560 65536 0 248 0 0 0 65 42 0 0 0
6366 110 2 3730819560 65536 0 248 0 0 0 65 42 0 0 1
6367 117 2 3730819560 65536 0 248 0 0 0 65 42 0 0 2
6368 109 2 3730819560 65536 0 248 0 0 0 65 42 0 0 3
6369 98 2 3730819560 65536 0 248 0 0 0 65 42 0 0 4
6370 101 2 3730819560 65536 0 248 0 0 0 65 42 0 0 5
6371 114 2 3730819560 65536 0 248 0 0 0 65 42 0 0 6
6372 115 2 3730819560 65536 0 248 0 0 0 65 42 0 0 7
6373 32 3 3416096978 8 0 3978 0 0 0 65 42 0 0 0
6374 52 3 3416096978 8 0 3978 0 0 0 65 42 0 0 0
6375 50 3 3416096978 8 0 3978 0 0 0 65 42 0 0 0
6376 32 4 109458 131072 0 3978 0 0 0 65 42 0 0 0
6377 97 4 109458 131072 0 3978 0 0 0 65 42 0 0 1
6378 110 4 109458 131072 0 3978 0 0 0 65 42 0 0 2
6379 100 4 109458 131072 0 3978 0 0 0 65 42 0 0 3
6380 32 5 1895163044 32768 0 63655 0 0 0 65 42 0 0 0
6381 51 5 1895163044 32768 0 63655 0 0 0 65 42 0 0 0
6382 46 0 0 0 0 1018480 0 0 0 65 42 0 0 0
6383 49 0 0 0 0 1018480 0 0 0 65 42 0 0 0
6384 52 0 0 0 0 1018480 0 0 0 65 42 0 0 0
6385 32 1 103148 131072 0 1018480 0 0 0 65 42 0 0 0
6386 97 1 103148 131072 0 1018480 0 0 0 65 42 0 0 1
6387 110 1 103148 131072 0 1018480 0 0 0 65 42 0 0 2
6388 100 1 103148 131072 0 1018480 0 0 0 65 42 0 0 3
6389 32 2 1895163044 32768 0 16295687 0 0 0 65 42 0 0 0
6390 49 2 1895163044 32768 0 16295687 0 0 0 65 42 0 0 0
6391 44 3 49 131072 0 16295687 0 0 0 65 42 0 0 0
6392 48 3 49 131072 0 16295687 0 0 0 65 42 0 0 0
6393 48 3 49 131072 0 16295687 0 0 0 65 42 0 0 0
6394 48 3 49 131072 0 16295687 0 0 0 65 42 0 0 0
6395 46 0 0 0 0 260730992 0 0 0 65 42 0 0 0
6396 10 0 0 0 0 0 0 0 0 0 42 0 0 0
6397 38 0 0 0 0 0 0 0 0 38 42 0 0 0
6398 110 0 0 0 0 0 0 0 0 38 42 0 0 1
6399 98 0 0 0 0 0 0 0 0 38 42 0 0 2
6400 115 0 0 0 0 0 0 0 0 38 42 0 0 3
6401 112 0 0 0 0 0 0 0 0 38 42 0 0 4
6402 59 1 2773142800 0 0 15 0 0 0 38 42 0 0 0
6403 32 1 2773142800 0 0 15 0 0 0 38 42 0 0 0
6404 115 1 2773142800 0 0 15 0 0 0 38 42 0 0 1
6405 111 1 2773142800 0 0 15 0 0 0 38 42 0 0 2
6406 109 1 2773142800 0 0 15 0 0 0 38 42 0 0 3
6407 101 1 2773142800 0 0 15 0 0 0 38 42 0 0 4
6408 32 2 3473243077 0 0 255 0 0 0 38 42 0 0 0
6409 38 2 3473243077 0 0 255 0 0 0 38 42 0 0 0
6410 97 2 3473243077 0 0 255 0 0 0 38 42 0 0 1
6411 109 2 3473243077 0 0 255 0 0 0 38 42 0 0 2
6412 112 2 3473243077 0 0 255 0 0 0 38 42 0 0 3
6413 59 3 1895154640 0 0 4095 0 0 0 38 42 0 0 0
6414 32 3 1895154640 0 0 4095 0 0 0 38 42 0 0 0
6415 101 3 1895154640 0 0 4095 0 0 0 38 42 0 0 1
6416 110 3 1895154640 0 0 4095 0 0 0 38 42 0 0 2
6417 116 3 1895154640 0 0 4095 0 0 0 38 42 0 0 3
6418 105 3 1895154640 0 0 4095 0 0 0 38 42 0 0 4
6419 116 3 1895154640 0 0 4095 0 0 0 38 42 0 0 5
6420 105 3 1895154640 0 0 4095 0 0 0 38 42 0 0 6
6421 101 3 1895154640 0 0 4095 0 0 0 38 42 0 0 7
6422 115 3 1895154640 0 0 4095 0 0 0 38 42 0 0 8
6423 32 4 1475168745 8 0 65530 0 0 0 38 42 0 0 0
6424 38 4 1475168745 8 0 65530 0 0 0 38 42 0 0 0
6425 108 4 1475168745 8 0 65530 0 0 0 38 42 0 0 1
6426 116 4 1475168745 8 0 65530 0 0 0 38 42 0 0 2
6427 59 5 1118458612 0 0 1048495 0 0 0 38 42 0 0 0
6428 116 5 1118458612 0 0 1048495 0 0 0 38 42 0 0 1
6429 97 5 1118458612 0 0 1048495 0 0 0 38 42 0 0 2
6430 103 5 1118458612 0 0 1048495 0 0 0 38 42 0 0 3
6431 38 6 3240805703 0 0 16775935 0 0 0 38 42 0 0 0
6432 103 6 3240805703 0 0 16775935 0 0 0 38 42 0 0 1
6433 116 6 3240805703 0 0 16775935 0 0 0 38 42 0 0 2
6434 59 7 1118416532 0 0 268414975 0 0 0 38 42 0 0 0
6435 10 0 0 0 0 0 0 0 0 0 42 0 0 0
6436 100 0 0 0 0 0 0 0 0 96 96 0 0 1
6437 111 0 0 0 0 0 0 0 0 96 96 0 0 2
6438 110 0 0 0 0 0 0 0 0 96 96 0 0 3
6439 39 0 0 0 0 0 0 0 0 96 96 0 0 4
6440 116 0 0 0 0 0 0 0 0 96 96 0 0 5
6441 32 1 1118391279 1024 0 13 0 0 0 96 96 0 0 0
6442 99 1 1118391279 1024 0 13 0 0 0 96 96 0 0 1
6443 97 1 1118391279 1024 0 13 0 0 0 96 96 0 0 2
6444 110 1 1118391279 1024 0 13 0 0 0 96 96 0 0 3
6445 39 1 1118391279 1024 0 13 0 0 0 96 96 0 0 4
6446 116 1 1118391279 1024 0 13 0 0 0 96 96 0 0 5
6447 32 2 2036711758 1024 0 221 0 0 0 96 96 0 0 0
6448 105 2 2036711758 1024 0 221 0 0 0 96 96 0 0 1
6449 116 2 2036711758 1024 0 221 0 0 0 96 96 0 0 2
6450 39 2 2036711758 1024 0 221 0 0 0 96 96 0 0 3
6451 115 2 2036711758 1024 0 221 0 0 0 96 96 0 0 4
6452 32 3 1118433364 1048584 0 3546 0 0 0 96 96 0 0 0
6453 116 3 1118433364 1048584 0 3546 0 0 0 96 96 0 0 1
6454 104 3 1118433364 1048584 0 3546 0 0 0 96 96 0 0 2
6455 101 3 1118433364 1048584 0 3546 0 0 0 96 96 0 0 3
6456 32 4 3240864613 16384 0 56742 0 0 0 96 96 0 0 0
6457 99 4 3240864613 16384 0 56742 0 0 0 96 96 0 0 1
6458 97 4 3240864613 16384 0 56742 0 0 0 96 96 0 0 2
6459 116 4 3240864613 16384 0 56742 0 0 0 96 96 0 0 3
6460 32 4 2036711764 2 0 907874 0 0 0 96 96 0 0 0
6461 115 4 2036711764 2 0 907874 0 0 0 96 96 0 0 1
6462 97 4 2036711764 2 0 907874 0 0 0 96 96 0 0 2
6463 116 4 2036711764 2 0 907874 0 0 0 96 96 0 0 3
6464 32 5 3169976660 0 0 14525999 0 0 0 96 96 0 0 0
6465 111 5 3169976660 0 0 14525999 0 0 0 96 96 0 0 1
6466 110 5 3169976660 0 0 14525999 0 0 0 96 96 0 0 2
6467 32 6 1118483854 65536 0 232415992 0 0 0 96 96 0 0 0
6468 116 6 1118483854 65536 0 232415992 0 0 0 96 96 0 0 1
6469 104 6 1118483854 65536 0 232415992 0 0 0 96 96 0 0 2
6470 101 6 1118483854 65536 0 232415992 0 0 0 96 96 0 0 3
6471 32 7 3240864613 16384 0 3718655878 0 0 0 96 96 0 0 0
6472 109 7 3240864613 16384 0 3718655878 0 0 0 96 96 0 0 1
6473 97 7 3240864613 16384 0 3718655878 0 0 0 96 96 0 0 2
6474 116 7 3240864613 16384 0 3718655878 0 0 0 96 96 0 0 3
6475 46 0 0 0 0 2788132384 0 0 0 96 96 0 0 0
6476 10 0 0 0 0 0 0 0 0 0 96 0 0 0
6477 201 0 0 0 0 0 0 0 0 96 96 0 0 0
6478 161 0 0 0 0 0 0 0 0 96 96 0 0 0
6479 10 0 0 0 0 0 0 0 0 0 96 0 0 0
6480 173 0 0 0 0 0 0 0 0 96 96 0 0 0
6481 153 0 0 0 0 0 0 0 0 96 96 0 0 0
6482 237 0 0 0 0 0 0 0 0 96 96 0 0 0
6483 10 0 0 0 0 0 0 0 0 0 96 0 0 0
6484 190 0 0 0 0 0 0 0 0 96 96 0 0 0
6485 158 0 0 0 0 0 0 0 0 96 96 0 0 0
6486 46 0 0 0 0 0 0 0 0 96 96 0 0 0
6487 229 0 0 0 0 0 0 0 0 96 96 0 0 0
6488 195 0 0 0 0 0 0 0 0 96 96 0 0 0
6489 182 0 0 0 0 0 0 0 0 96 96 0 0 0
6490 46 0 0 0 0 0 0 0 0 96 96 0 0 0
6491 207 0 0 0 0 0 0 0 0 96 96 0 0 0
6492 129 0 0 0 0 0 0 0 0 96 96 0 0 0
6493 46 0 0 0 0 0 0 0 0 96 96 0 0 0
6494 238 0 0 0 0 0 0 0 0 96 96 0 0 0
6495 243 0 0 0 0 0 0 0 0 96 96 0 0 0
6496 235 0 0 0 0 0 0 0 0 96 96 0 0 0
6497 44 0 0 0 0 0 0 0 0 96 96 0 0 0
6498 249 0 0 0 0 0 0 0 0 96 96 0 0 0
6499 44 0 0 0 0 0 0 0 0 96 96 0 0 0
6500 139 0 0 0 0 0 0 0 0 96 96 0 0 0
6501 46 0 0 0 0 0 0 0 0 96 96 0 0 0
6502 119 0 0 0 0 0 0 0 0 96 96 0 0 1
6503 111 0 0 0 0 0 0 0 0 96 96 0 0 2
6504 114 0 0 0 0 0 0 0 0 96 96 0 0 3
6505 100 0 0 0 0 0 0 0 0 96 96 0 0 4
6506 49 1 4155777060 0 0 15 0 0 0 96 96 0 0 0
6507 55 1 4155777060 0 0 15 0 0 0 96 96 0 0 0
6508 32 2 103151 131072 0 15 0 0 0 96 96 0 0 0
6509 97 2 103151 131072 0 15 0 0 0 96 96 0 0 1
6510 110 2 103151 131072 0 15 0 0 0 96 96 0 0 2
6511 111 2 103151 131072 0 15 0 0 0 96 96 0 0 3
6512 116 2 103151 131072 0 15 0 0 0 96 96 0 0 4
6513 104 2 103151 131072 0 15 0 0 0 96 96 0 0 5
6514 101 2 103151 131072 0 15 0 0 0 96 96 0 0 6
6515 114 2 103151 131072 0 15 0 0 0 96 96 0 0 7
6516 32 3 91021800 0 0 255 0 0 0 96 96 0 0 0
6517 91 3 91021800 0 0 255 0 0 0 96 91 0 0 0
6518 91 3 91021800 0 0 255 0 0 0 96 91 0 0 0
6519 65 3 91021800 0 0 255 0 0 0 96 91 0 0 0
6520 110 3 91021800 0 0 255 0 0 0 96 91 0 0 1
6521 110 3 91021800 0 0 255 0 0 0 96 91 0 0 2
6522 97 3 91021800 0 0 255 0 0 0 96 91 0 0 3
6523 93 4 2815940769 0 0 4095 0 0 0 96 91 0 0 0
6524 93 4 2815940769 0 0 4095 0 0 0 96 96 0 0 0
6525 32 4 2815940769 0 0 4095 0 0 0 96 96 0 0 0
6526 119 4 2815940769 0 0 4095 0 0 0 96 96 0 0 1
6527 97 4 2815940769 0 0 4095 0 0 0 96 96 0 0 2
6528 115 4 2815940769 0 0 4095 0 0 0 96 96 0 0 3
6529 32 5 3453292883 1 0 65521 3453292883 0 0 96 96 0 0 0
6530 97 5 3453292883 1 0 65521 3453292883 0 0 96 96 0 0 1
6531 32 6 1950627777 16384 0 1048342 3453292883 0 0 96 96 0 0 0
6532 39 6 1950627777 16384 0 1048342 3453292883 0 0 96 96 0 0 1
6533 39 7 1950627719 0 0 16773487 3453292883 0 0 96 96 0 0 0
6534 39 7 1950627719 0 0 16773487 3453292883 0 0 96 96 0 0 0
6535 113 7 1950627719 0 0 16773487 3453292883 0 0 96 96 0 0 1
6536 117 7 1950627719 0 0 16773487 3453292883 0 0 96 96 0 0 2
6537 101 7 1950627719 0 0 16773487 3453292883 0 0 96 96 0 0 3
6538 101 7 1950627719 0 0 16773487 3453292883 0 0 96 96 0 0 4
6539 110 7 1950627719 0 0 16773487 3453292883 0 0 96 96 0 0 5
6540 39 7 1950627719 0 0 16773487 3453292883 0 0 96 96 0 0 6
6541 39 8 3278097614 8 0 268375802 3453292883 0 0 96 96 0 0 0
6542 39 8 3278097614 8 0 268375802 3453292883 0 0 96 96 0 0 0
6543 32 8 3278097614 8 0 268375802 3453292883 0 0 96 96 0 0 0
6544 111 8 3278097614 8 0 268375802 3453292883 0 0 96 96 0 0 1
6545 102 8 3278097614 8 0 268375802 3453292883 0 0 96 96 0 0 2
6546 32 9 1118483846 65536 0 4294012840 3453292883 0 0 96 96 0 0 0
6547 91 9 1118483846 65536 0 4294012840 3453292883 0 0 96 91 0 0 0
6548 91 9 1118483846 65536 0 4294012840 3453292883 0 0 96 91 0 0 0
6549 70 9 1118483846 65536 0 4294012840 3453292883 0 0 96 91 0 0 0
6550 114 9 1118483846 65536 0 4294012840 3453292883 0 0 96 91 0 0 1
6551 97 9 1118483846 65536 0 4294012840 3453292883 0 0 96 91 0 0 2
6552 110 9 1118483846 65536 0 4294012840 3453292883 0 0 96 91 0 0 3
6553 99 9 1118483846 65536 0 4294012840 3453292883 0 0 96 91 0 0 4
6554 101 9 1118483846 65536 0 4294012840 3453292883 0 0 96 91 0 0 5
6555 93 10 3384763555 0 0 4279696015 3453292883 0 0 96 91 0 0 0
6556 93 10 3384763555 0 0 4279696015 3453292883 0 0 96 96 0 0 0
6557 32 10 3384763555 0 0 4279696015 3453292883 0 0 96 96 0 0 0
6558 105 10 3384763555 0 0 4279696015 3453292883 0 0 96 96 0 0 1
6559 110 10 3384763555 0 0 4279696015 3453292883 0 0 96 96 0 0 2
6560 32 11 1118433358 65536 0 4050626808 3453292883 0 0 96 96 0 0 0
6561 49 11 1118433358 65536 0 4050626808 3453292883 0 0 96 96 0 0 0
6562 55 11 1118433358 65536 0 4050626808 3453292883 0 0 96 96 0 0 0
6563 56 11 1118433358 65536 0 4050626808 3453292883 0 0 96 96 0 0 0
6564 57 11 1118433358 65536 0 4050626808 3453292883 0 0 96 96 0 0 0
6565 46 0 0 0 0 385519488 3453292883 0 0 96 96 0 0 0
6566 10 0 0 0 0 0 0 0 0 0 96 0 0 0
6567 61 0 0 0 0 0 0 0 0 61 96 0 0 0
6568 61 0 0 0 0 0 0 0 0 61 96 0 0 0
6569 32 0 0 0 0 0 0 0 0 61 96 0 0 0
6570 72 0 0 0 0 0 0 0 0 61 96 0 0 0
6571 105 0 0 0 0 0 0 0 0 61 96 0 0 1
6572 115 0 0 0 0 0 0 0 0 61 96 0 0 2
6573 116 0 0 0 0 0 0 0 0 61 96 0 0 3
6574 111 0 0 0 0 0 0 0 0 61 96 0 0 4
6575 114 0 0 0 0 0 0 0 0 61 96 0 0 5
6576 121 0 0 0 0 0 0 0 0 61 96 0 0 6
6577 32 1 1469161513 0 0 15 0 0 0 61 96 0 0 0
6578 61 1 1469161513 0 0 15 0 0 0 61 96 0 0 0
6579 61 1 1469161513 0 0 15 0 0 0 61 96 0 0 0
6580 10 0 0 0 0 0 0 0 0 0 96 0 0 0
6581 42 0 0 0 0 0 0 0 0 42 42 0 0 0
6582 32 0 0 0 0 0 0 0 0 42 42 0 0 0
6583 105 0 0 0 0 0 0 0 0 96 42 0 0 1
6584 116 0 0 0 0 0 0 0 0 96 42 0 0 2
6585 101 0 0 0 0 0 0 0 0 96 42 0 0 3
6586 109 0 0 0 0 0 0 0 0 96 42 0 0 4
6587 32 1 4268574925 0 0 15 0 0 0 96 42 0 0 0
6588 111 1 4268574925 0 0 15 0 0 0 96 42 0 0 1
6589 110 1 4268574925 0 0 15 0 0 0 96 42 0 0 2
6590 101 1 4268574925 0 0 15 0 0 0 96 42 0 0 3
6591 32 2 2886769829 131072 0 254 0 0 0 96 42 0 0 0
6592 40 2 2886769829 131072 0 254 0 0 0 96 42 0 0 0
6593 102 2 2886769829 131072 0 254 0 0 0 96 42 0 0 1
6594 105 2 2886769829 131072 0 254 0 0 0 96 42 0 0 2
6595 114 2 2886769829 131072 0 254 0 0 0 96 42 0 0 3
6596 115 2 2886769829 131072 0 254 0 0 0 96 42 0 0 4
6597 116 2 2886769829 131072 0 254 0 0 0 96 42 0 0 5
6598 41 2 2886769829 131072 0 65264 0 0 0 96 42 0 0 0
6599 10 0 0 0 0 0 0 0 0 0 42 0 0 0
6600 42 0 0 0 0 0 0 0 0 42 42 0 0 0
6601 32 0 0 0 0 0 0 0 0 42 42 0 0 0
6602 105 0 0 0 0 0 0 0 0 96 42 0 0 1
6603 116 0 0 0 0 0 0 0 0 96 42 0 0 2
6604 101 0 0 0 0 0 0 0 0 96 42 0 0 3
6605 109 0 0 0 0 0 0 0 0 96 42 0 0 4
6606 32 1 4268574925 0 0 15 0 0 0 96 42 0 0 0
6607 116 1 4268574925 0 0 15 0 0 0 96 42 0 0 1
6608 119 1 4268574925 0 0 15 0 0 0 96 42 0 0 2
6609 111 1 4268574925 0 0 15 0 0 0 96 42 0 0 3
6610 32 2 3240990863 131072 0 254 0 0 0 96 42 0 0 0
6611 91 2 3240990863 131072 0 254 0 0 0 96 91 0 0 0
6612 104 2 3240990863 131072 0 254 0 0 0 96 91 0 0 1
6613 116 2 3240990863 131072 0 254 0 0 0 96 91 0 0 2
6614 116 2 3240990863 131072 0 254 0 0 0 96 91 0 0 3
6615 112 2 3240990863 131072 0 254 0 0 0 96 91 0 0 4
6616 58 3 876852720 0 0 4079 0 0 0 96 91 0 0 0
6617 47 3 876852720 0 0 4079 0 0 0 96 91 0 0 0
6618 47 3 876852720 0 0 4079 0 0 0 96 91 0 0 0
6619 101 3 876852720 0 0 4079 0 0 0 96 91 0 0 1
6620 120 3 876852720 0 0 4079 0 0 0 96 91 0 0 2
6621 97 3 876852720 0 0 4079 0 0 0 96 91 0 0 3
6622 109 3 876852720 0 0 4079 0 0 0 96 91 0 0 4
6623 112 3 876852720 0 0 4079 0 0 0 96 91 0 0 5
6624 108 3 876852720 0 0 4079 0 0 0 96 91 0 0 6
6625 101 3 876852720 0 0 4079 0 0 0 96 91 0 0 7
6626 46 4 3291829868 0 0 1044464 0 0 0 96 91 0 0 0
6627 111 4 3291829868 0 0 1044464 0 0 0 96 91 0 0 1
6628 114 4 3291829868 0 0 1044464 0 0 0 96 91 0 0 2
6629 103 4 3291829868 0 0 1044464 0 0 0 96 91 0 0 3
6630 32 5 2886803495 0 0 16711439 0 0 0 96 91 0 0 0
6631 108 5 2886803495 0 0 16711439 0 0 0 96 91 0 0 1
6632 105 5 2886803495 0 0 16711439 0 0 0 96 91 0 0 2
6633 110 5 2886803495 0 0 16711439 0 0 0 96 91 0 0 3
6634 107 5 2886803495 0 0 16711439 0 0 0 96 91 0 0 4
6635 93 6 780174507 0 0 267383039 0 0 0 96 42 0 0 0
6636 32 6 780174507 0 0 267383039 0 0 1 64 42 0 0 0
6637 116 6 780174507 0 0 267383039 0 0 1 64 42 0 0 1
6638 101 6 780174507 0 0 267383039 0 0 1 64 42 0 0 2
6639 120 6 780174507 0 0 267383039 0 0 1 64 42 0 0 3
6640 116 6 780174507 0 0 267383039 0 0 1 64 42 0 0 4
6641 10 0 0 0 0 0 0 0 0 0 42 0 0 0
6642 84 0 0 0 0 0 0 0 0 84 42 0 0 0
6643 104 0 0 0 0 0 0 0 0 84 42 0 0 1
6644 101 0 0 0 0 0 0 0 0 84 42 0 0 2
6645 32 1 1118424933 2048 0 4 0 0 0 84 42 0 0 0
6646 123 1 1118424933 2048 0 4 0 0 0 84 42 0 0 0
6647 123 1 1118424933 2048 0 4 0 0 0 84 42 0 0 0
6648 99 1 1118424933 2048 0 4 0 0 0 84 42 0 0 1
6649 105 1 1118424933 2048 0 4 0 0 0 84 42 0 0 2
6650 116 1 1118424933 2048 0 4 0 0 0 84 42 0 0 3
6651 101 1 1118424933 2048 0 4 0 0 0 84 42 0 0 4
6652 124 2 318360037 0 0 79 0 0 0 84 42 0 0 0
6653 121 2 318360037 0 0 79 0 0 0 84 42 0 0 1
6654 101 2 318360037 0 0 79 0 0 0 84 42 0 0 2
6655 97 2 318360037 0 0 79 0 0 0 84 42 0 0 3
6656 114 2 318360037 0 0 79 0 0 0 84 42 0 0 4
6657 61 3 1641105746 0 0 1279 0 0 0 84 42 0 0 0
6658 49 3 1641105746 0 0 1279 0 0 0 84 42 0 0 0
6659 56 3 1641105746 0 0 1279 0 0 0 84 42 0 0 0
6660 48 3 1641105746 0 0 1279 0 0 0 84 42 0 0 0
6661 49 3 1641105746 0 0 1279 0 0 0 84 42 0 0 0
6662 125 4 1368491697 131072 0 1279 0 0 0 84 42 0 0 0
6663 125 4 1368491697 131072 0 1279 0 0 0 84 42 0 0 0
6664 32 4 1368491697 131072 0 1279 0 0 0 84 42 0 0 0
6665 115 4 1368491697 131072 0 1279 0 0 0 84 42 0 0 1
6666 97 4 1368491697 131072 0 1279 0 0 0 84 42 0 0 2
6667 105 4 1368491697 131072 0 1279 0 0 0 84 42 0 0 3
6668 100 4 1368491697 131072 0 1279 0 0 0 84 42 0 0 4
6669 58 5 2481602628 0 0 20479 0 0 0 84 42 0 0 0
6670 32 5 2481602628 0 0 20479 0 0 0 84 42 0 0 0
6671 34 5 2481602628 0 0 20479 0 0 0 84 42 0 0 0
6672 104 5 2481602628 0 0 20479 0 0 0 84 42 0 0 1
6673 101 5 2481602628 0 0 20479 0 0 0 84 42 0 0 2
6674 108 5 2481602628 0 0 20479 0 0 0 84 42 0 0 3
6675 108 5 2481602628 0 0 20479 0 0 0 84 42 0 0 4
6676 111 5 2481602628 0 0 20479 0 0 0 84 42 0 0 5
6677 44 6 933891823 0 0 327679 0 0 0 84 42 0 0 0
6678 32 6 933891823 0 0 327679 0 0 0 84 42 0 0 0
6679 119 6 933891823 0 0 327679 0 0 0 84 42 0 0 1
6680 111 6 933891823 0 0 327679 0 0 0 84 42 0 0 2
6681 114 6 933891823 0 0 327679 0 0 0 84 42 0 0 3
6682 108 6 933891823 0 0 327679 0 0 0 84 42 0 0 4
6683 100 6 933891823 0 0 327679 0 0 0 84 42 0 0 5
6684 33 7 1101113060 0 0 5242879 0 0 0 84 42 0 0 0
6685 34 7 1101113060 0 0 5242879 0 0 0 84 42 0 0 0
6686 10 0 0 0 0 0 0 0 0 0 42 0 0 0
6687 60 0 0 0 0 0 0 0 0 60 42 0 0 0
6688 114 0 0 0 0 0 0 0 0 60 42 0 0 1
6689 101 0 0 0 0 0 0 0 0 60 42 0 0 2
6690 102 0 0 0 0 0 0 0 0 60 42 0 0 3
6691 62 1 3099181254 0 0 15 0 0 0 60 42 0 0 0
6692 110 1 3099181254 0 0 15 0 0 0 60 42 0 0 1
6693 111 1 3099181254 0 0 15 0 0 0 60 42 0 0 2
6694 116 1 3099181254 0 0 15 0 0 0 60 42 0 0 3
6695 101 1 3099181254 0 0 15 0 0 0 60 42 0 0 4
6696 32 2 3693928933 0 0 255 0 0 0 60 42 0 0 0
6697 49 2 3693928933 0 0 255 0 0 0 60 42 0 0 0
6698 50 2 3693928933 0 0 255 0 0 0 60 42 0 0 0
6699 44 3 103146 131072 0 255 0 0 0 60 42 0 0 0
6700 51 3 103146 131072 0 255 0 0 0 60 42 0 0 0
6701 52 3 103146 131072 0 255 0 0 0 60 42 0 0 0
6702 53 3 103146 131072 0 255 0 0 0 60 42 0 0 0
6703 46 0 0 0 0 4080 0 0 0 60 42 0 0 0
6704 54 0 0 0 0 4080 0 0 0 60 42 0 0 0
6705 55 0 0 0 0 4080 0 0 0 60 42 0 0 0
6706 32 1 113671 131072 0 4080 0 0 0 60 42 0 0 0
6707 104 1 113671 131072 0 4080 0 0 0 60 42 0 0 1
6708 101 1 113671 131072 0 4080 0 0 0 60 42 0 0 2
6709 114 1 113671 131072 0 4080 0 0 0 60 42 0 0 3
6710 101 1 113671 131072 0 4080 0 0 0 60 42 0 0 4
6711 60 2 4109367333 0 0 65295 0 0 0 60 42 0 0 0
6712 47 2 4109367333 0 0 65295 0 0 0 60 42 0 0 0
6713 114 2 4109367333 0 0 65295 0 0 0 60 42 0 0 1
6714 101 2 4109367333 0 0 65295 0 0 0 60 42 0 0 2
6715 102 2 4109367333 0 0 65295 0 0 0 60 42 0 0 3
6716 62 3 3099181254 0 0 1044735 0 0 0 60 42 0 0 0
6717 10 0 0 0 0 0 0 0 0 0 42 0 0 0
6718 65 0 0 0 0 0 0 0 0 65 42 0 0 0
6719 32 0 0 0 0 0 0 0 0 65 42 0 0 0
6720 108 0 0 0 0 0 0 0 0 65 42 0 0 1
6721 105 0 0 0 0 0 0 0 0 65 42 0 0 2
6722 110 0 0 0 0 0 0 0 0 65 42 0 0 3
6723 101 0 0 0 0 0 0 0 0 65 42 0 0 4
6724 32 1 780174501 0 0 15 0 0 0 65 42 0 0 0
6725 119 1 780174501 0 0 15 0 0 0 65 42 0 0 1
6726 105 1 780174501 0 0 15 0 0 0 65 42 0 0 2
6727 116 1 780174501 0 0 15 0 0 0 65 42 0 0 3
6728 104 1 780174501 0 0 15 0 0 0 65 42 0 0 4
6729 32 2 3730819560 65536 0 248 0 0 0 65 42 0 0 0
6730 110 2 3730819560 65536 0 248 0 0 0 65 42 0 0 1
6731 117 2 3730819560 65536 0 248 0 0 0 65 42 0 0 2
6732 109 2 3730819560 65536 0 248 0 0 0 65 42 0 0 3
6733 98 2 3730819560 65536 0 248 0 0 0 65 42 0 0 4
6734 101 2 3730819560 65536 0 248 0 0 0 65 42 0 0 5
6735 114 2 3730819560 65536 0 248 0 0 0 65 42 0 0 6
6736 115 2 3730819560 65536 0 248 0 0 0 65 42 0 0 7
6737 32 3 3416096978 8 0 3978 0 0 0 65 42 0 0 0
6738 52 3 3416096978 8 0 3978 0 0 0 65 42 0 0 0
6739 50 3 3416096978 8 0 3978 0 0 0 65 42 0 0 0
6740 32 4 109458 131072 0 3978 0 0 0 65 42 0 0 0
6741 97 4 109458 131072 0 3978 0 0 0 65 42 0 0 1
6742 110 4 109458 131072 0 3978 0 0 0 65 42 0 0 2
6743 100 4 109458 131072 0 3978 0 0 0 65 42 0 0 3
6744 32 5 1895163044 32768 0 63655 0 0 0 65 42 0 0 0
6745 51 5 1895163044 32768 0 63655 0 0 0 65 42 0 0 0
6746 46 0 0 0 0 1018480 0 0 0 65 42 0 0 0
6747 49 0 0 0 0 1018480 0 0 0 65 42 0 0 0
6748 52 0 0 0 0 1018480 0 0 0 65 42 0 0 0
6749 32 1 103148 131072 0 1018480 0 0 0 65 42 0 0 0
6750 97 1 103148 131072 0 1018480 0 0 0 65 42 0 0 1
6751 110 1 103148 131072 0 1018480 0 0 0 65 42 0 0 2
6752 100 1 103148 131072 0 1018480 0 0 0 65 42 0 0 3
6753 32 2 1895163044 32768 0 16295687 0 0 0 65 42 0 0 0
6754 49 2 1895163044 32768 0 16295687 0 0 0 65 42 0 0 0
6755 44 3 49 131072 0 16295687 0 0 0 65 42 0 0 0
6756 48 3 49 131072 0 16295687 0 0 0 65 42 0 0 0
6757 48 3 49 131072 0 16295687 0 0 0 65 42 0 0 0
6758 48 3 49 131072 0 16295687 0 0 0 65 42 0 0 0
6759 46 0 0 0 0 260730992 0 0 0 65 42 0 0 0
6760 10 0 0 0 0 0 0 0 0 0 42 0 0 0
6761 38 0 0 0 0 0 0 0 0 38 42 0 0 0
6762 110 0 0 0 0 0 0 0 0 38 42 0 0 1
6763 98 0 0 0 0 0 0 0 0 38 42 0 0 2
6764 115 0 0 0 0 0 0 0 0 38 42 0 0 3
6765 112 0 0 0 0 0 0 0 0 38 42 0 0 4
6766 59 1 2773142800 0 0 15 0 0 0 38 42 0 0 0
6767 32 1 2773142800 0 0 15 0 0 0 38 42 0 0 0
6768 115 1 2773142800 0 0 15 0 0 0 38 42 0 0 1
6769 111 1 2773142800 0 0 15 0 0 0 38 42 0 0 2
6770 109 1 2773142800 0 0 15 0 0 0 38 42 0 0 3
6771 101 1 2773142800 0 0 15 0 0 0 38 42 0 0 4
6772 32 2 3473243077 0 0 255 0 0 0 38 42 0 0 0
6773 38 2 3473243077 0 0 255 0 0 0 38 42 0 0 0
6774 97 2 3473243077 0 0 255 0 0 0 38 42 0 0 1
6775 109 2 3473243077 0 0 255 0 0 0 38 42 0 0 2
6776 112 2 3473243077 0 0 255 0 0 0 38 42 0 0 3
6777 59 3 1895154640 0 0 4095 0 0 0 38 42 0 0 0
6778 32 3 1895154640 0 0 4095 0 0 0 38 42 0 0 0
6779 101 3 1895154640 0 0 4095 0 0 0 38 42 0 0 1
6780 110 3 1895154640 0 0 4095 0 0 0 38 42 0 0 2
6781 116 3 1895154640 0 0 4095 0 0 0 38 42 0 0 3
6782 105 3 1895154640 0 0 4095 0 0 0 38 42 0 0 4
6783 116 3 1895154640 0 0 4095 0 0 0 38 42 0 0 5
6784 105 3 1895154640 0 0 4095 0 0 0 38 42 0 0 6
6785 101 3 1895154640 0 0 4095 0 0 0 38 42 0 0 7
6786 115 3 1895154640 0 0 4095 0 0 0 38 42 0 0 8
6787 32 4 1475168745 8 0 65530 0 0 0 38 42 0 0 0
6788 38 4 1475168745 8 0 65530 0 0 0 38 42 0 0 0
6789 108 4 1475168745 8 0 65530 0 0 0 38 42 0 0 1
6790 116 4 1475168745 8 0 65530 0 0 0 38 42 0 0 2
6791 59 5 1118458612 0 0 1048495 0 0 0 38 42 0 0 0
6792 116 5 1118458612 0 0 1048495 0 0 0 38 42 0 0 1
6793 97 5 1118458612 0 0 1048495 0 0 0 38 42 0 0 2
6794 103 5 1118458612 0 0 1048495 0 0 0 38 42 0 0 3
6795 38 6 3240805703 0 0 16775935 0 0 0 38 42 0 0 0
6796 103 6 3240805703 0 0 16775935 0 0 0 38 42 0 0 1
6797 116 6 3240805703 0 0 16775935 0 0 0 38 42 0 0 2
6798 59 7 1118416532 0 0 268414975 0 0 0 38 42 0 0 0
6799 10 0 0 0 0 0 0 0 0 0 42 0 0 0
6800 100 0 0 0 0 0 0 0 0 96 96 0 0 1
6801 111 0 0 0 0 0 0 0 0 96 96 0 0 2
6802 110 0 0 0 0 0 0 0 0 96 96 0 0 3
6803 39 0 0 0 0 0 0 0 0 96 96 0 0 4
6804 116 0 0 0 0 0 0 0 0 96 96 0 0 5
6805 32 1 1118391279 1024 0 13 0 0 0 96 96 0 0 0
6806 99 1 1118391279 1024 0 13 0 0 0 96 96 0 0 1
6807 97 1 1118391279 1024 0 13 0 0 0 96 96 0 0 2
6808 110 1 1118391279 1024 0 13 0 0 0 96 96 0 0 3
6809 39 1 1118391279 1024 0 13 0 0 0 96 96 0 0 4
6810 116 1 1118391279 1024 0 13 0 0 0 96 96 0 0 5
6811 32 2 2036711758 1024 0 221 0 0 0 96 96 0 0 0
6812 105 2 2036711758 1024 0 221 0 0 0 96 96 0 0 1
6813 116 2 2036711758 1024 0 221 0 0 0 96 96 0 0 2
6814 39 2 2036711758 1024 0 221 0 0 0 96 96 0 0 3
6815 115 2 2036711758 1024 0 221 0 0 0 96 96 0 0 4
6816 32 3 1118433364 1048584 0 3546 0 0 0 96 96 0 0 0
6817 116 3 1118433364 1048584 0 3546 0 0 0 96 96 0 0 1
6818 104 3 1118433364 1048584 0 3546 0 0 0 96 96 0 0 2
6819 101 3 1118433364 1048584 0 3546 0 0 0 96 96 0 0 3
6820 32 4 3240864613 16384 0 56742 0 0 0 96 96 0 0 0
6821 99 4 3240864613 16384 0 56742 0 0 0 96 96 0 0 1
6822 97 4 3240864613 16384 0 56742 0 0 0 96 96 0 0 2
6823 116 4 3240864613 16384 0 56742 0 0 0 96 96 0 0 3
6824 32 4 2036711764 2 0 907874 0 0 0 96 96 0 0 0
6825 115 4 2036711764 2 0 907874 0 0 0 96 96 0 0 1
6826 97 4 2036711764 2 0 907874 0 0 0 96 96 0 0 2
6827 116 4 2036711764 2 0 907874 0 0 0 96 96 0 0 3
6828 32 5 3169976660 0 0 14525999 0 0 0 96 96 0 0 0
6829 111 5 3169976660 0 0 14525999 0 0 0 96 96 0 0 1
6830 110 5 3169976660 0 0 14525999 0 0 0 96 96 0 0 2
6831 32 6 1118483854 65536 0 232415992 0 0 0 96 96 0 0 0
6832 116 6 1118483854 65536 0 232415992 0 0 0 96 96 0 0 1
6833 104 6 1118483854 65536 0 232415992 0 0 0 96 96 0 0 2
6834 101 6 1118483854 65536 0 232415992 0 0 0 96 96 0 0 3
6835 32 7 3240864613 16384 0 3718655878 0 0 0 96 96 0 0 0
6836 109 7 3240864613 16384 0 3718655878 0 0 0 96 96 0 0 1
6837 97 7 3240864613 16384 0 3718655878 0 0 0 96 96 0 0 2
6838 116 7 3240864613 16384 0 3718655878 0 0 0 96 96 0 0 3
6839 46 0 0 0 0 2788132384 0 0 0 96 96 0 0 0
6840 10 0 0 0 0 0 0 0 0 0 96 0 0 0
6841 176 0 0 0 0 0 0 0 0 96 96 0 0 0
6842 10 0 0 0 0 0 0 0 0 0 96 0 0 0
6843 181 0 0 0 0 0 0 0 0 96 96 0 0 0
6844 10 0 0 0 0 0 0 0 0 0 96 0 0 0
6845 172 0 0 0 0 0 0 0 0 96 96 0 0 0
6846 32 0 0 0 0 0 0 0 0 96 96 0 0 0
6847 161 0 0 0 0 0 0 0 0 96 96 0 0 0
6848 32 0 0 0 0 0 0 0 0 96 96 0 0 0
6849 194 0 0 0 0 0 0 0 0 96 96 0 0 0
6850 32 0 0 0 0 0 0 0 0 96 96 0 0 0
6851 204 0 0 0 0 0 0 0 0 96 96 0 0 0
6852 131 0 0 0 0 0 0 0 0 96 96 0 0 0
6853 251 0 0 0 0 0 0 0 0 96 96 0 0 0
6854 10 0 0 0 0 0 0 0 0 0 96 0 0 0
6855 151 0 0 0 0 0 0 0 0 96 96 0 0 0
6856 134 0 0 0 0 0 0 0 0 96 96 0 0 0
6857 32 0 0 0 0 0 0 0 0 96 96 0 0 0
6858 233 0 0 0 0 0 0 0 0 96 96 0 0 0
6859 153 0 0 0 0 0 0 0 0 96 96 0 0 0
6860 207 0 0 0 0 0 0 0 0 96 96 0 0 0
6861 44 0 0 0 0 0 0 0 0 96 96 0 0 0
6862 119 0 0 0 0 0 0 0 0 96 96 0 0 1
6863 111 0 0 0 0 0 0 0 0 96 96 0 0 2
6864 114 0 0 0 0 0 0 0 0 96 96 0 0 3
6865 100 0 0 0 0 0 0 0 0 96 96 0 0 4
6866 49 1 4155777060 0 0 15 0 0 0 96 96 0 0 0
6867 56 1 4155777060 0 0 15 0 0 0 96 96 0 0 0
6868 32 2 103152 131072 0 15 0 0 0 96 96 0 0 0
6869 97 2 103152 131072 0 15 0 0 0 96 96 0 0 1
6870 110 2 103152 131072 0 15 0 0 0 96 96 0 0 2
6871 111 2 103152 131072 0 15 0 0 0 96 96 0 0 3
6872 116 2 103152 131072 0 15 0 0 0 96 96 0 0 4
6873 104 2 103152 131072 0 15 0 0 0 96 96 0 0 5
6874 101 2 103152 131072 0 15 0 0 0 96 96 0 0 6
6875 114 2 103152 131072 0 15 0 0 0 96 96 0 0 7
6876 32 3 91021800 0 0 255 0 0 0 96 96 0 0 0
6877 91 3 91021800 0 0 255 0 0 0 96 91 0 0 0
6878 91 3 91021800 0 0 255 0 0 0 96 91 0 0 0
6879 65 3 91021800 0 0 255 0 0 0 96 91 0 0 0
6880 110 3 91021800 0 0 255 0 0 0 96 91 0 0 1
6881 110 3 91021800 0 0 255 0 0 0 96 91 0 0 2
6882 97 3 91021800 0 0 255 0 0 0 96 91 0 0 3
6883 93 4 2815940769 0 0 4095 0 0 0 96 91 0 0 0
6884 93 4 2815940769 0 0 4095 0 0 0 96 96 0 0 0
6885 32 4 2815940769 0 0 4095 0 0 0 96 96 0 0 0
6886 119 4 2815940769 0 0 4095 0 0 0 96 96 0 0 1
6887 97 4 2815940769 0 0 4095 0 0 0 96 96 0 0 2
6888 115 4 2815940769 0 0 4095 0 0 0 96 96 0 0 3
6889 32 5 3453292883 1 0 65521 3453292883 0 0 96 96 0 0 0
6890 97 5 3453292883 1 0 65521 3453292883 0 0 96 96 0 0 1
6891 32 6 1950627777 16384 0 1048342 3453292883 0 0 96 96 0 0 0
6892 39 6 1950627777 16384 0 1048342 3453292883 0 0 96 96 0 0 1
6893 39 7 1950627719 0 0 16773487 3453292883 0 0 96 96 0 0 0
6894 39 7 1950627719 0 0 16773487 3453292883 0 0 96 96 0 0 0
6895 113 7 1950627719 0 0 16773487 3453292883 0 0 96 96 0 0 1
6896 117 7 1950627719 0 0 16773487 3453292883 0 0 96 96 0 0 2
6897 101 7 1950627719 0 0 16773487 3453292883 0 0 96 96 0 0 3
6898 101 7 1950627719 0 0 16773487 3453292883 0 0 96 96 0 0 4
6899 110 7 1950627719 0 0 16773487 3453292883 0 0 96 96 0 0 5
6900 39 7 1950627719 0 0 16773487 3453292883 0 0 96 96 0 0 6
6901 39 8 3278097614 8 0 268375802 3453292883 0 0 96 96 0 0 0
6902 39 8 3278097614 8 0 268375802 3453292883 0 0 96 96 0 0 0
6903 32 8 3278097614 8 0 268375802 3453292883 0 0 96 96 0 0 0
6904 111 8 3278097614 8 0 268375802 3453292883 0 0 96 96 0 0 1
6905 102 8 3278097614 8 0 268375802 3453292883 0 0 96 96 0 0 2
6906 32 9 1118483846 65536 0 4294012840 3453292883 0 0 96 96 0 0 0
6907 91 9 1118483846 65536 0 4294012840 3453292883 0 0 96 91 0 0 0
6908 91 9 1118483846 65536 0 4294012840 3453292883 0 0 96 91 0 0 0
6909 70 9 1118483846 65536 0 4294012840 3453292883 0 0 96 91 0 0 0
6910 114 9 1118483846 65536 0 4294012840 3453292883 0 0 96 91 0 0 1
6911 97 9 1118483846 65536 0 4294012840 3453292883 0 0 96 91 0 0 2
6912 110 9 1118483846 65536 0 4294012840 3453292883 0 0 96 91 0 0 3
6913 99 9 1118483846 65536 0 4294012840 3453292883 0 0 96 91 0 0 4
6914 101 9 1118483846 65536 0 4294012840 3453292883 0 0 96 91 0 0 5
6915 93 10 3384763555 0 0 4279696015 3453292883 0 0 96 91 0 0 0
6916 93 10 3384763555 0 0 4279696015 3453292883 0 0 96 96 0 0 0
6917 32 10 3384763555 0 0 4279696015 3453292883 0 0 96 96 0 0 0
6918 105 10 3384763555 0 0 4279696015 3453292883 0 0 96 96 0 0 1
6919 110 10 3384763555 0 0 4279696015 3453292883 0 0 96 96 0 0 2
6920 32 11 1118433358 65536 0 4050626808 3453292883 0 0 96 96 0 0 0
6921 49 11 1118433358 65536 0 4050626808 3453292883 0 0 96 96 0 0 0
6922 55 11 1118433358 65536 0 4050626808 3453292883 0 0 96 96 0 0 0
6923 56 11 1118433358 65536 0 4050626808 3453292883 0 0 96 96 0 0 0
6924 57 11 1118433358 65536 0 4050626808 3453292883 0 0 96 96 0 0 0
6925 46 0 0 0 0 385519488 3453292883 0 0 96 96 0 0 0
6926 10 0 0 0 0 0 0 0 0 0 96 0 0 0
6927 61 0 0 0 0 0 0 0 0 61 96 0 0 0
6928 61 0 0 0 0 0 0 0 0 61 96 0 0 0
6929 32 0 0 0 0 0 0 0 0 61 96 0 0 0
6930 72 0 0 0 0 0 0 0 0 61 96 0 0 0
6931 105 0 0 0 0 0 0 0 0 61 96 0 0 1
6932 115 0 0 0 0 0 0 0 0 61 96 0 0 2
6933 116 0 0 0 0 0 0 0 0 61 96 0 0 3
6934 111 0 0 0 0 0 0 0 0 61 96 0 0 4
6935 114 0 0 0 0 0 0 0 0 61 96 0 0 5
6936 121 0 0 0 0 0 0 0 0 61 96 0 0 6
6937 32 1 1469161513 0 0 15 0 0 0 61 96 0 0 0
6938 61 1 1469161513 0 0 15 0 0 0 61 96 0 0 0
6939 61 1 1469161513 0 0 15 0 0 0 61 96 0 0 0
6940 10 0 0 0 0 0 0 0 0 0 96 0 0 0
6941 42 0 0 0 0 0 0 0 0 42 42 0 0 0
6942 32 0 0 0 0 0 0 0 0 42 42 0 0 0
6943 105 0 0 0 0 0 0 0 0 96 42 0 0 1
6944 116 0 0 0 0 0 0 0 0 96 42 0 0 2
6945 101 0 0 0 0 0 0 0 0 96 42 0 0 3
6946 109 0 0 0 0 0 0 0 0 96 42 0 0 4
6947 32 1 4268574925 0 0 15 0 0 0 96 42 0 0 0
6948 111 1 4268574925 0 0 15 0 0 0 96 42 0 0 1
6949 110 1 4268574925 0 0 15 0 0 0 96 42 0 0 2
6950 101 1 4268574925 0 0 15 0 0 0 96 42 0 0 3
6951 32 2 2886769829 131072 0 254 0 0 0 96 42 0 0 0
6952 40 2 2886769829 131072 0 254 0 0 0 96 42 0 0 0
6953 102 2 2886769829 131072 0 254 0 0 0 96 42 0 0 1
6954 105 2 2886769829 131072 0 254 0 0 0 96 42 0 0 2
6955 114 2 2886769829 131072 0 254 0 0 0 96 42 0 0 3
6956 115 2 2886769829 131072 0 254 0 0 0 96 42 0 0 4
6957 116 2 2886769829 131072 0 254 0 0 0 96 42 0 0 5
6958 41 2 2886769829 131072 0 65264 0 0 0 96 42 0 0 0
6959 10 0 0 0 0 0 0 0 0 0 42 0 0 0
6960 42 0 0 0 0 0 0 0 0 42 42 0 0 0
6961 32 0 0 0 0 0 0 0 0 42 42 0 0 0
6962 105 0 0 0 0 0 0 0 0 96 42 0 0 1
6963 116 0 0 0 0 0 0 0 0 96 42 0 0 2
6964 101 0 0 0 0 0 0 0 0 96 42 0 0 3
6965 109 0 0 0 0 0 0 0 0 96 42 0 0 4
6966 32 1 4268574925 0 0 15 0 0 0 96 42 0 0 0
6967 116 1 4268574925 0 0 15 0 0 0 96 42 0 0 1
6968 119 1 4268574925 0 0 15 0 0 0 96 42 0 0 2
6969 111 1 4268574925 0 0 15 0 0 0 96 42 0 0 3
6970 32 2 3240990863 131072 0 254 0 0 0 96 42 0 0 0
6971 91 2 3240990863 131072 0 254 0 0 0 96 91 0 0 0
6972 104 2 3240990863 131072 0 254 0 0 0 96 91 0 0 1
6973 116 2 3240990863 131072 0 254 0 0 0 96 91 0 0 2
6974 116 2 3240990863 131072 0 254 0 0 0 96 91 0 0 3
6975 112 2 3240990863 131072 0 254 0 0 0 96 91 0 0 4
6976 58 3 876852720 0 0 4079 0 0 0 96 91 0 0 0
6977 47 3 876852720 0 0 4079 0 0 0 96 91 0 0 0
6978 47 3 876852720 0 0 4079 0 0 0 96 91 0 0 0
6979 101 3 876852720 0 0 4079 0 0 0 96 91 0 0 1
6980 120 3 876852720 0 0 4079 0 0 0 96 91 0 0 2
6981 97 3 876852720 0 0 4079 0 0 0 96 91 0 0 3
6982 109 3 876852720 0 0 4079 0 0 0 96 91 0 0 4
6983 112 3 876852720 0 0 4079 0 0 0 96 91 0 0 5
6984 108 3 876852720 0 0 4079 0 0 0 96 91 0 0 6
6985 101 3 876852720 0 0 4079 0 0 0 96 91 0 0 7
6986 46 4 3291829868 0 0 1044464 0 0 0 96 91 0 0 0
6987 111 4 3291829868 0 0 1044464 0 0 0 96 91 0 0 1
6988 114 4 3291829868 0 0 1044464 0 0 0 96 91 0 0 2
6989 103 4 3291829868 0 0 1044464 0 0 0 96 91 0 0 3
6990 32 5 2886803495 0 0 16711439 0 0 0 96 91 0 0 0
6991 108 5 2886803495 0 0 16711439 0 0 0 96 91 0 0 1
6992 105 5 2886803495 0 0 16711439 0 0 0 96 91 0 0 2
6993 110 5 2886803495 0 0 16711439 0 0 0 96 91 0 0 3
6994 107 5 2886803495 0 0 16711439 0 0 0 96 91 0 0 4
6995 93 6 780174507 0 0 267383039 0 0 0 96 42 0 0 0
6996 32 6 780174507 0 0 267383039 0 0 1 64 42 0 0 0
6997 116 6 780174507 0 0 267383039 0 0 1 64 42 0 0 1
6998 101 6 780174507 0 0 267383039 0 0 1 64 42 0 0 2
6999 120 6 780174507 0 0 267383039 0 0 1 64 42 0 0 3
7000 116 6 780174507 0 0 267383039 0 0 1 64 42 0 0 4
7001 10 0 0 0 0 0 0 0 0 0 42 0 0 0
7002 84 0 0 0 0 0 0 0 0 84 42 0 0 0
7003 104 0 0 0 0 0 0 0 0 84 42 0 0 1
7004 101 0 0 0 0 0 0 0 0 84 42 0 0 2
7005 32 1 1118424933 2048 0 4 0 0 0 84 42 0 0 0
7006 123 1 1118424933 2048 0 4 0 0 0 84 42 0 0 0
7007 123 1 1118424933 2048 0 4 0 0 0 84 42 0 0 0
7008 99 1 1118424933 2048 0 4 0 0 0 84 42 0 0 1
7009 105 1 1118424933 2048 0 4 0 0 0 84 42 0 0 2
7010 116 1 1118424933 2048 0 4 0 0 0 84 42 0 0 3
7011 101 1 1118424933 2048 0 4 0 0 0 84 42 0 0 4
7012 124 2 318360037 0 0 79 0 0 0 84 42 0 0 0
7013 121 2 318360037 0 0 79 0 0 0 84 42 0 0 1
7014 101 2 318360037 0 0 79 0 0 0 84 42 0 0 2
7015 97 2 318360037 0 0 79 0 0 0 84 42 0 0 3
7016 114 2 318360037 0 0 79 0 0 0 84 42 0 0 4
7017 61 3 1641105746 0 0 1279 0 0 0 84 42 0 0 0
7018 49 3 1641105746 0 0 1279 0 0 0 84 42 0 0 0
7019 56 3 1641105746 0 0 1279 0 0 0 84 42 0 0 0
7020 48 3 1641105746 0 0 1279 0 0 0 84 42 0 0 0
7021 49 3 1641105746 0 0 1279 0 0 0 84 42 0 0 0
7022 125 4 1368491697 131072 0 1279 0 0 0 84 42 0 0 0
7023 125 4 1368491697 131072 0 1279 0 0 0 84 42 0 0 0
7024 32 4 1368491697 131072 0 1279 0 0 0 84 42 0 0 0
7025 115 4 1368491697 131072 0 1279 0 0 0 84 42 0 0 1
7026 97 4 1368491697 131072 0 1279 0 0 0 84 42 0 0 2
7027 105 4 1368491697 131072 0 1279 0 0 0 84 42 0 0 3
7028 100 4 1368491697 131072 0 1279 0 0 0 84 42 0 0 4
7029 58 5 2481602628 0 0 20479 0 0 0 84 42 0 0 0
7030 32 5 2481602628 0 0 20479 0 0 0 84 42 0 0 0
7031 34 5 2481602628 0 0 20479 0 0 0 84 42 0 0 0
7032 104 5 2481602628 0 0 20479 0 0 0 84 42 0 0 1
7033 101 5 2481602628 0 0 20479 0 0 0 84 42 0 0 2
7034 108 5 2481602628 0 0 20479 0 0 0 84 42 0 0 3
7035 108 5 2481602628 0 0 20479 0 0 0 84 42 0 0 4
7036 111 5 2481602628 0 0 20479 0 0 0 84 42 0 0 5
7037 44 6 933891823 0 0 327679 0 0 0 84 42 0 0 0
7038 32 6 933891823 0 0 327679 0 0 0 84 42 0 0 0
7039 119 6 933891823 0 0 327679 0 0 0 84 42 0 0 1
7040 111 6 933891823 0 0 327679 0 0 0 84 42 0 0 2
7041 114 6 933891823 0 0 327679 0 0 0 84 42 0 0 3
7042 108 6 933891823 0 0 327679 0 0 0 84 42 0 0 4
7043 100 6 933891823 0 0 327679 0 0 0 84 42 0 0 5
7044 33 7 1101113060 0 0 5242879 0 0 0 84 42 0 0 0
7045 34 7 1101113060 0 0 5242879 0 0 0 84 42 0 0 0
7046 10 0 0 0 0 0 0 0 0 0 42 0 0 0
7047 60 0 0 0 0 0 0 0 0 60 42 0 0 0
7048 114 0 0 0 0 0 0 0 0 60 42 0 0 1
7049 101 0 0 0 0 0 0 0 0 60 42 0 0 2
7050 102 0 0 0 0 0 0 0 0 60 42 0 0 3
7051 62 1 3099181254 0 0 15 0 0 0 60 42 0 0 0
7052 110 1 3099181254 0 0 15 0 0 0 60 42 0 0 1
7053 111 1 3099181254 0 0 15 0 0 0 60 42 0 0 2
7054 116 1 3099181254 0 0 15 0 0 0 60 42 0 0 3
7055 101 1 3099181254 0 0 15 0 0 0 60 42 0 0 4
7056 32 2 3693928933 0 0 255 0 0 0 60 42 0 0 0
7057 49 2 3693928933 0 0 255 0 0 0 60 42 0 0 0
7058 50 2 3693928933 0 0 255 0 0 0 60 42 0 0 0
7059 44 3 103146 131072 0 255 0 0 0 60 42 0 0 0
7060 51 3 103146 131072 0 255 0 0 0 60 42 0 0 0
7061 52 3 103146 131072 0 255 0 0 0 60 42 0 0 0
7062 53 3 103146 131072 0 255 0 0 0 60 42 0 0 0
7063 46 0 0 0 0 4080 0 0 0 60 42 0 0 0
7064 54 0 0 0 0 4080 0 0 0 60 42 0 0 0
7065 55 0 0 0 0 4080 0 0 0 60 42 0 0 0
7066 32 1 113671 131072 0 4080 0 0 0 60 42 0 0 0
7067 104 1 113671 131072 0 4080 0 0 0 60 42 0 0 1
7068 101 1 113671 131072 0 4080 0 0 0 60 42 0 0 2
7069 114 1 113671 131072 0 4080 0 0 0 60 42 0 0 3
7070 101 1 113671 131072 0 4080 0 0 0 60 42 0 0 4
7071 60 2 4109367333 0 0 65295 0 0 0 60 42 0 0 0
7072 47 2 4109367333 0 0 65295 0 0 0 60 42 0 0 0
7073 114 2 4109367333 0 0 65295 0 0 0 60 42 0 0 1
7074 101 2 4109367333 0 0 65295 0 0 0 60 42 0 0 2
7075 102 2 4109367333 0 0 65295 0 0 0 60 42 0 0 3
7076 62 3 3099181254 0 0 1044735 0 0 0 60 42 0 0 0
7077 10 0 0 0 0 0 0 0 0 0 42 0 0 0
7078 65 0 0 0 0 0 0 0 0 65 42 0 0 0
7079 32 0 0 0 0 0 0 0 0 65 42 0 0 0
7080 108 0 0 0 0 0 0 0 0 65 42 0 0 1
7081 105 0 0 0 0 0 0 0 0 65 42 0 0 2
7082 110 0 0 0 0 0 0 0 0 65 42 0 0 3
7083 101 0 0 0 0 0 0 0 0 65 42 0 0 4
7084 32 1 780174501 0 0 15 0 0 0 65 42 0 0 0
7085 119 1 780174501 0 0 15 0 0 0 65 42 0 0 1
7086 105 1 780174501 0 0 15 0 0 0 65 42 0 0 2
7087 116 1 780174501 0 0 15 0 0 0 65 42 0 0 3
7088 104 1 780174501 0 0 15 0 0 0 65 42 0 0 4
7089 32 2 3730819560 65536 0 248 0 0 0 65 42 0 0 0
7090 110 2 3730819560 65536 0 248 0 0 0 65 42 0 0 1
7091 117 2 3730819560 65536 0 248 0 0 0 65 42 0 0 2
7092 109 2 3730819560 65536 0 248 0 0 0 65 42 0 0 3
7093 98 2 3730819560 65536 0 248 0 0 0 65 42 0 0 4
7094 101 2 3730819560 65536 0 248 0 0 0 65 42 0 0 5
7095 114 2 3730819560 65536 0 248 0 0 0 65 42 0 0 6
7096 115 2 3730819560 65536 0 248 0 0 0 65 42 0 0 7
7097 32 3 3416096978 8 0 3978 0 0 0 65 42 0 0 0
7098 52 3 3416096978 8 0 3978 0 0 0 65 42 0 0 0
7099 50 3 3416096978 8 0 3978 0 0 0 65 42 0 0 0
7100 32 4 109458 131072 0 3978 0 0 0 65 42 0 0 0
7101 97 4 109458 131072 0 3978 0 0 0 65 42 0 0 1
7102 110 4 109458 131072 0 3978 0 0 0 65 42 0 0 2
7103 100 4 109458 131072 0 3978 0 0 0 65 42 0 0 3
7104 32 5 1895163044 32768 0 63655 0 0 0 65 42 0 0 0
7105 51 5 1895163044 32768 0 63655 0 0 0 65 42 0 0 0
7106 46 0 0 0 0 1018480 0 0 0 65 42 0 0 0
7107 49 0 0 0 0 1018480 0 0 0 65 42 0 0 0
7108 52 0 0 0 0 1018480 0 0 0 65 42 0 0 0
7109 32 1 103148 131072 0 1018480 0 0 0 65 42 0 0 0
7110 97 1 103148 131072 0 1018480 0 0 0 65 42 0 0 1
7111 110 1 103148 131072 0 1018480 0 0 0 65 42 0 0 2
7112 100 1 103148 131072 0 1018480 0 0 0 65 42 0 0 3
7113 32 2 1895163044 32768 0 16295687 0 0 0 65 42 0 0 0
7114 49 2 1895163044 32768 0 16295687 0 0 0 65 42 0 0 0
7115 44 3 49 131072 0 16295687 0 0 0 65 42 0 0 0
7116 48 3 49 131072 0 16295687 0 0 0 65 42 0 0 0
7117 48 3 49 131072 0 16295687 0 0 0 65 42 0 0 0
7118 48 3 49 131072 0 16295687 0 0 0 65 42 0 0 0
7119 46 0 0 0 0 260730992 0 0 0 65 42 0 0 0
7120 10 0 0 0 0 0 0 0 0 0 42 0 0 0
7121 38 0 0 0 0 0 0 0 0 38 42 0 0 0
7122 110 0 0 0 0 0 0 0 0 38 42 0 0 1
7123 98 0 0 0 0 0 0 0 0 38 42 0 0 2
7124 115 0 0 0 0 0 0 0 0 38 42 0 0 3
7125 112 0 0 0 0 0 0 0 0 38 42 0 0 4
7126 59 1 2773142800 0 0 15 0 0 0 38 42 0 0 0
7127 32 1 2773142800 0 0 15 0 0 0 38 42 0 0 0
7128 115 1 2773142800 0 0 15 0 0 0 38 42 0 0 1
7129 111 1 2773142800 0 0 15 0 0 0 38 42 0 0 2
7130 109 1 2773142800 0 0 15 0 0 0 38 42 0 0 3
7131 101 1 2773142800 0 0 15 0 0 0 38 42 0 0 4
7132 32 2 3473243077 0 0 255 0 0 0 38 42 0 0 0
7133 38 2 3473243077 0 0 255 0 0 0 38 42 0 0 0
7134 97 2 3473243077 0 0 255 0 0 0 38 42 0 0 1
7135 109 2 3473243077 0 0 255 0 0 0 38 42 0 0 2
7136 112 2 3473243077 0 0 255 0 0 0 38 42 0 0 3
7137 59 3 1895154640 0 0 4095 0 0 0 38 42 0 0 0
7138 32 3 1895154640 0 0 4095 0 0 0 38 42 0 0 0
7139 101 3 1895154640 0 0 4095 0 0 0 38 42 0 0 1
7140 110 3 1895154640 0 0 4095 0 0 0 38 42 0 0 2
7141 116 3 1895154640 0 0 4095 0 0 0 38 42 0 0 3
7142 105 3 1895154640 0 0 4095 0 0 0 38 42 0 0 4
7143 116 3 1895154640 0 0 4095 0 0 0 38 42 0 0 5
7144 105 3 1895154640 0 0 4095 0 0 0 38 42 0 0 6
7145 101 3 1895154640 0 0 4095 0 0 0 38 42 0 0 7
7146 115 3 1895154640 0 0 4095 0 0 0 38 42 0 0 8
7147 32 4 1475168745 8 0 65530 0 0 0 38 42 0 0 0
7148 38 4 1475168745 8 0 65530 0 0 0 38 42 0 0 0
7149 108 4 1475168745 8 0 65530 0 0 0 38 42 0 0 1
7150 116 4 1475168745 8 0 65530 0 0 0 38 42 0 0 2
7151 59 5 1118458612 0 0 1048495 0 0 0 38 42 0 0 0
7152 116 5 1118458612 0 0 1048495 0 0 0 38 42 0 0 1
7153 97 5 1118458612 0 0 1048495 0 0 0 38 42 0 0 2
7154 103 5 1118458612 0 0 1048495 0 0 0 38 42 0 0 3
7155 38 6 3240805703 0 0 16775935 0 0 0 38 42 0 0 0
7156 103 6 3240805703 0 0 16775935 0 0 0 38 42 0 0 1
7157 116 6 3240805703 0 0 16775935 0 0 0 38 42 0 0 2
7158 59 7 1118416532 0 0 268414975 0 0 0 38 42 0 0 0
7159 10 0 0 0 0 0 0 0 0 0 42 0 0 0
7160 100 0 0 0 0 0 0 0 0 96 96 0 0 1
7161 111 0 0 0 0 0 0 0 0 96 96 0 0 2
7162 110 0 0 0 0 0 0 0 0 96 96 0 0 3
7163 39 0 0 0 0 0 0 0 0 96 96 0 0 4
7164 116 0 0 0 0 0 0 0 0 96 96 0 0 5
7165 32 1 1118391279 1024 0 13 0 0 0 96 96 0 0 0
7166 99 1 1118391279 1024 0 13 0 0 0 96 96 0 0 1
7167 97 1 1118391279 1024 0 13 0 0 0 96 96 0 0 2
7168 110 1 1118391279 1024 0 13 0 0 0 96 96 0 0 3
7169 39 1 1118391279 1024 0 13 0 0 0 96 96 0 0 4
7170 116 1 1118391279 1024 0 13 0 0 0 96 96 0 0 5
7171 32 2 2036711758 1024 0 221 0 0 0 96 96 0 0 0
7172 105 2 2036711758 1024 0 221 0 0 0 96 96 0 0 1
7173 116 2 2036711758 1024 0 221 0 0 0 96 96 0 0 2
7174 39 2 2036711758 1024 0 221 0 0 0 96 96 0 0 3
7175 115 2 2036711758 1024 0 221 0 0 0 96 96 0 0 4
7176 32 3 1118433364 1048584 0 3546 0 0 0 96 96 0 0 0
7177 116 3 1118433364 1048584 0 3546 0 0 0 96 96 0 0 1
7178 104 3 1118433364 1048584 0 3546 0 0 0 96 96 0 0 2
7179 101 3 1118433364 1048584 0 3546 0 0 0 96 96 0 0 3
7180 32 4 3240864613 16384 0 56742 0 0 0 96 96 0 0 0
7181 99 4 3240864613 16384 0 56742 0 0 0 96 96 0 0 1
7182 97 4 3240864613 16384 0 56742 0 0 0 96 96 0 0 2
7183 116 4 3240864613 16384 0 56742 0 0 0 96 96 0 0 3
7184 32 4 2036711764 2 0 907874 0 0 0 96 96 0 0 0
7185 115 4 2036711764 2 0 907874 0 0 0 96 96 0 0 1
7186 97 4 2036711764 2 0 907874 0 0 0 96 96 0 0 2
7187 116 4 2036711764 2 0 907874 0 0 0 96 96 0 0 3
7188 32 5 3169976660 0 0 14525999 0 0 0 96 96 0 0 0
7189 111 5 3169976660 0 0 14525999 0 0 0 96 96 0 0 1
7190 110 5 3169976660 0 0 14525999 0 0 0 96 96 0 0 2
7191 32 6 1118483854 65536 0 232415992 0 0 0 96 96 0 0 0
7192 116 6 1118483854 65536 0 232415992 0 0 0 96 96 0 0 1
7193 104 6 1118483854 65536 0 232415992 0 0 0 96 96 0 0 2
7194 101 6 1118483854 65536 0 232415992 0 0 0 96 96 0 0 3
7195 32 7 3240864613 16384 0 3718655878 0 0 0 96 96 0 0 0
7196 109 7 3240864613 16384 0 3718655878 0 0 0 96 96 0 0 1
7197 97 7 3240864613 16384 0 3718655878 0 0 0 96 96 0 0 2
7198 116 7 3240864613 16384 0 3718655878 0 0 0 96 96 0 0 3
7199 46 0 0 0 0 2788132384 0 0 0 96 96 0 0 0
7200 10 0 0 0 0 0 0 0 0 0 96 0 0 0
7201 146 0 0 0 0 0 0 0 0 96 96 0 0 0
7202 44 0 0 0 0 0 0 0 0 96 96 0 0 0
7203 243 0 0 0 0 0 0 0 0 96 96 0 0 0
7204 46 0 0 0 0 0 0 0 0 96 96 0 0 0
7205 164 0 0 0 0 0 0 0 0 96 96 0 0 0
7206 224 0 0 0 0 0 0 0 0 96 96 0 0 0
7207 10 0 0 0 0 0 0 0 0 0 96 0 0 0
7208 164 0 0 0 0 0 0 0 0 96 96 0 0 0
7209 238 0 0 0 0 0 0 0 0 96 96 0 0 0
7210 46 0 0 0 0 0 0 0 0 96 96 0 0 0
7211 185 0 0 0 0 0 0 0 0 96 96 0 0 0
7212 227 0 0 0 0 0 0 0 0 96 96 0 0 0
7213 131 0 0 0 0 0 0 0 0 96 96 0 0 0
7214 44 0 0 0 0 0 0 0 0 96 96 0 0 0
7215 158 0 0 0 0 0 0 0 0 96 96 0 0 0
7216 250 0 0 0 0 0 0 0 0 96 96 0 0 0
7217 46 0 0 0 0 0 0 0 0 96 96 0 0 0
7218 197 0 0 0 0 0 0 0 0 96 96 0 0 0
7219 32 0 0 0 0 0 0 0 0 96 96 0 0 0
7220 179 0 0 0 0 0 0 0 0 96 96 0 0 0
7221 134 0 0 0 0 0 0 0 0 96 96 0 0 0
7222 154 0 0 0 0 0 0 0 0 96 96 0 0 0
7223 44 0 0 0 0 0 0 0 0 96 96 0 0 0
7224 119 0 0 0 0 0 0 0 0 96 96 0 0 1
7225 111 0 0 0 0 0 0 0 0 96 96 0 0 2
7226 114 0 0 0 0 0 0 0 0 96 96 0 0 3
7227 100 0 0 0 0 0 0 0 0 96 96 0 0 4
7228 49 1 4155777060 0 0 15 0 0 0 96 96 0 0 0
7229 57 1 4155777060 0 0 15 0 0 0 96 96 0 0 0
7230 32 2 103153 131072 0 15 0 0 0 96 96 0 0 0
7231 97 2 103153 131072 0 15 0 0 0 96 96 0 0 1
7232 110 2 103153 131072 0 15 0 0 0 96 96 0 0 2
7233 111 2 103153 131072 0 15 0 0 0 96 96 0 0 3
7234 116 2 103153 131072 0 15 0 0 0 96 96 0 0 4
7235 104 2 103153 131072 0 15 0 0 0 96 96 0 0 5
7236 101 2 103153 131072 0 15 0 0 0 96 96 0 0 6
7237 114 2 103153 131072 0 15 0 0 0 96 96 0 0 7
7238 32 3 91021800 0 0 255 0 0 0 96 96 0 0 0
7239 91 3 91021800 0 0 255 0 0 0 96 91 0 0 0
7240 91 3 91021800 0 0 255 0 0 0 96 91 0 0 0
7241 65 3 91021800 0 0 255 0 0 0 96 91 0 0 0
7242 110 3 91021800 0 0 255 0 0 0 96 91 0 0 1
7243 110 3 91021800 0 0 255 0 0 0 96 91 0 0 2
7244 97 3 91021800 0 0 255 0 0 0 96 91 0 0 3
7245 93 4 2815940769 0 0 4095 0 0 0 96 91 0 0 0
7246 93 4 2815940769 0 0 4095 0 0 0 96 96 0 0 0
7247 32 4 2815940769 0 0 4095 0 0 0 96 96 0 0 0
7248 119 4 2815940769 0 0 4095 0 0 0 96 96 0 0 1
7249 97 4 2815940769 0 0 4095 0 0 0 96 96 0 0 2
7250 115 4 2815940769 0 0 4095 0 0 0 96 96 0 0 3
7251 32 5 3453292883 1 0 65521 3453292883 0 0 96 96 0 0 0
7252 97 5 3453292883 1 0 65521 3453292883 0 0 96 96 0 0 1
7253 32 6 1950627777 16384 0 1048342 3453292883 0 0 96 96 0 0 0
7254 39 6 1950627777 16384 0 1048342 3453292883 0 0 96 96 0 0 1
7255 39 7 1950627719 0 0 16773487 3453292883 0 0 96 96 0 0 0
7256 39 7 1950627719 0 0 16773487 3453292883 0 0 96 96 0 0 0
7257 113 7 1950627719 0 0 16773487 3453292883 0 0 96 96 0 0 1
7258 117 7 1950627719 0 0 16773487 3453292883 0 0 96 96 0 0 2
7259 101 7 1950627719 0 0 16773487 3453292883 0 0 96 96 0 0 3
7260 101 7 1950627719 0 0 16773487 3453292883 0 0 96 96 0 0 4
7261 110 7 1950627719 0 0 16773487 3453292883 0 0 96 96 0 0 5
7262 39 7 1950627719 0 0 16773487 3453292883 0 0 96 96 0 0 6
7263 39 8 3278097614 8 0 268375802 3453292883 0 0 96 96 0 0 0
7264 39 8 3278097614 8 0 268375802 3453292883 0 0 96 96 0 0 0
7265 32 8 3278097614 8 0 268375802 3453292883 0 0 96 96 0 0 0
7266 111 8 3278097614 8 0 268375802 3453292883 0 0 96 96 0 0 1
7267 102 8 3278097614 8 0 268375802 3453292883 0 0 96 96 0 0 2
7268 32 9 1118483846 65536 0 4294012840 3453292883 0 0 96 96 0 0 0
7269 91 9 1118483846 65536 0 4294012840 3453292883 0 0 96 91 0 0 0
7270 91 9 1118483846 65536 0 4294012840 3453292883 0 0 96 91 0 0 0
7271 70 9 1118483846 65536 0 4294012840 3453292883 0 0 96 91 0 0 0
7272 114 9 1118483846 65536 0 4294012840 3453292883 0 0 96 91 0 0 1
7273 97 9 1118483846 65536 0 4294012840 3453292883 0 0 96 91 0 0 2
7274 110 9 1118483846 65536 0 4294012840 3453292883 0 0 96 91 0 0 3
7275 99 9 1118483846 65536 0 4294012840 3453292883 0 0 96 91 0 0 4
7276 101 9 1118483846 65536 0 4294012840 3453292883 0 0 96 91 0 0 5
7277 93 10 3384763555 0 0 4279696015 3453292883 0 0 96 91 0 0 0
7278 93 10 3384763555 0 0 4279696015 3453292883 0 0 96 96 0 0 0
7279 32 10 3384763555 0 0 4279696015 3453292883 0 0 96 96 0 0 0
7280 105 10 3384763555 0 0 4279696015 3453292883 0 0 96 96 0 0 1
7281 110 10 3384763555 0 0 4279696015 3453292883 0 0 96 96 0 0 2
7282 32 11 1118433358 65536 0 4050626808 3453292883 0 0 96 96 0 0 0
7283 49 11 1118433358 65536 0 4050626808 3453292883 0 0 96 96 0 0 0
7284 55 11 1118433358 65536 0 4050626808 3453292883 0 0 96 96 0 0 0
7285 56 11 1118433358 65536 0 4050626808 3453292883 0 0 96 96 0 0 0
7286 57 11 1118433358 65536 0 4050626808 3453292883 0 0 96 96 0 0 0
7287 46 0 0 0 0 385519488 3453292883 0 0 96 96 0 0 0
7288 10 0 0 0 0 0 0 0 0 0 96 0 0 0
7289 61 0 0 0 0 0 0 0 0 61 96 0 0 0
7290 61 0 0 0 0 0 0 0 0 61 96 0 0 0
7291 32 0 0 0 0 0 0 0 0 61 96 0 0 0
7292 72 0 0 0 0 0 0 0 0 61 96 0 0 0
7293 105 0 0 0 0 0 0 0 0 61 96 0 0 1
7294 115 0 0 0 0 0 0 0 0 61 96 0 0 2
7295 116 0 0 0 0 0 0 0 0 61 96 0 0 3
7296 111 0 0 0 0 0 0 0 0 61 96 0 0 4
7297 114 0 0 0 0 0 0 0 0 61 96 0 0 5
7298 121 0 0 0 0 0 0 0 0 61 96 0 0 6
7299 32 1 1469161513 0 0 15 0 0 0 61 96 0 0 0
7300 61 1 1469161513 0 0 15 0 0 0 61 96 0 0 0
7301 61 1 1469161513 0 0 15 0 0 0 61 96 0 0 0
7302 10 0 0 0 0 0 0 0 0 0 96 0 0 0
7303 42 0 0 0 0 0 0 0 0 42 42 0 0 0
7304 32 0 0 0 0 0 0 0 0 42 42 0 0 0
7305 105 0 0 0 0 0 0 0 0 96 42 0 0 1
7306 116 0 0 0 0 0 0 0 0 96 42 0 0 2
7307 101 0 0 0 0 0 0 0 0 96 42 0 0 3
7308 109 0 0 0 0 0 0 0 0 96 42 0 0 4
7309 32 1 4268574925 0 0 15 0 0 0 96 42 0 0 0
7310 111 1 4268574925 0 0 15 0 0 0 96 42 0 0 1
7311 110 1 4268574925 0 0 15 0 0 0 96 42 0 0 2
7312 101 1 4268574925 0 0 15 0 0 0 96 42 0 0 3
7313 32 2 2886769829 131072 0 254 0 0 0 96 42 0 0 0
7314 40 2 2886769829 131072 0 254 0 0 0 96 42 0 0 0
7315 102 2 2886769829 131072 0 254 0 0 0 96 42 0 0 1
7316 105 2 2886769829 131072 0 254 0 0 0 96 42 0 0 2
7317 114 2 2886769829 131072 0 254 0 0 0 96 42 0 0 3
7318 115 2 2886769829 131072 0 254 0 0 0 96 42 0 0 4
7319 116 2 2886769829 131072 0 254 0 0 0 96 42 0 0 5
7320 41 2 2886769829 131072 0 65264 0 0 0 96 42 0 0 0
7321 10 0 0 0 0 0 0 0 0 0 42 0 0 0
7322 42 0 0 0 0 0 0 0 0 42 42 0 0 0
7323 32 0 0 0 0 0 0 0 0 42 42 0 0 0
7324 105 0 0 0 0 0 0 0 0 96 42 0 0 1
7325 116 0 0 0 0 0 0 0 0 96 42 0 0 2
7326 101 0 0 0 0 0 0 0 0 96 42 0 0 3
7327 109 0 0 0 0 0 0 0 0 96 42 0 0 4
7328 32 1 4268574925 0 0 15 0 0 0 96 42 0 0 0
7329 116 1 4268574925 0 0 15 0 0 0 96 42 0 0 1
7330 119 1 4268574925 0 0 15 0 0 0 96 42 0 0 2
7331 111 1 4268574925 0 0 15 0 0 0 96 42 0 0 3
7332 32 2 3240990863 131072 0 254 0 0 0 96 42 0 0 0
7333 91 2 3240990863 131072 0 254 0 0 0 96 91 0 0 0
7334 104 2 3240990863 131072 0 254 0 0 0 96 91 0 0 1
7335 116 2 3240990863 131072 0 254 0 0 0 96 91 0 0 2
7336 116 2 3240990863 131072 0 254 0 0 0 96 91 0 0 3
7337 112 2 3240990863 131072 0 254 0 0 0 96 91 0 0 4
7338 58 3 876852720 0 0 4079 0 0 0 96 91 0 0 0
7339 47 3 876852720 0 0 4079 0 0 0 96 91 0 0 0
7340 47 3 876852720 0 0 4079 0 0 0 96 91 0 0 0
7341 101 3 876852720 0 0 4079 0 0 0 96 91 0 0 1
7342 120 3 876852720 0 0 4079 0 0 0 96 91 0 0 2
7343 97 3 876852720 0 0 4079 0 0 0 96 91 0 0 3
7344 109 3 876852720 0 0 4079 0 0 0 96 91 0 0 4
7345 112 3 876852720 0 0 4079 0 0 0 96 91 0 0 5
7346 108 3 876852720 0 0 4079 0 0 0 96 91 0 0 6
7347 101 3 876852720 0 0 4079 0 0 0 96 91 0 0 7
7348 46 4 3291829868 0 0 1044464 0 0 0 96 91 0 0 0
7349 111 4 3291829868 0 0 1044464 0 0 0 96 91 0 0 1
7350 114 4 3291829868 0 0 1044464 0 0 0 96 91 0 0 2
7351 103 4 3291829868 0 0 1044464 0 0 0 96 91 0 0 3
7352 32 5 2886803495 0 0 16711439 0 0 0 96 91 0 0 0
7353 108 5 2886803495 0 0 16711439 0 0 0 96 91 0 0 1
7354 105 5 2886803495 0 0 16711439 0 0 0 96 91 0 0 2
7355 110 5 2886803495 0 0 16711439 0 0 0 96 91 0 0 3
7356 107 5 2886803495 0 0 16711439 0 0 0 96 91 0 0 4
7357 93 6 780174507 0 0 267383039 0 0 0 96 42 0 0 0
7358 32 6 780174507 0 0 267383039 0 0 1 64 42 0 0 0
7359 116 6 780174507 0 0 267383039 0 0 1 64 42 0 0 1
7360 101 6 780174507 0 0 267383039 0 0 1 64 42 0 0 2
7361 120 6 780174507 0 0 267383039 0 0 1 64 42 0 0 3
7362 116 6 780174507 0 0 267383039 0 0 1 64 42 0 0 4
7363 10 0 0 0 0 0 0 0 0 0 42 0 0 0
7364 84 0 0 0 0 0 0 0 0 84 42 0 0 0
7365 104 0 0 0 0 0 0 0 0 84 42 0 0 1
7366 101 0 0 0 0 0 0 0 0 84 42 0 0 2
7367 32 1 1118424933 2048 0 4 0 0 0 84 42 0 0 0
7368 123 1 1118424933 2048 0 4 0 0 0 84 42 0 0 0
7369 123 1 1118424933 2048 0 4 0 0 0 84 42 0 0 0
7370 99 1 1118424933 2048 0 4 0 0 0 84 42 0 0 1
7371 105 1 1118424933 2048 0 4 0 0 0 84 42 0 0 2
7372 116 1 1118424933 2048 0 4 0 0 0 84 42 0 0 3
7373 101 1 1118424933 2048 0 4 0 0 0 84 42 0 0 4
7374 124 2 318360037 0 0 79 0 0 0 84 42 0 0 0
7375 121 2 318360037 0 0 79 0 0 0 84 42 0 0 1
7376 101 2 318360037 0 0 79 0 0 0 84 42 0 0 2
7377 97 2 318360037 0 0 79 0 0 0 84 42 0 0 3
7378 114 2 318360037 0 0 79 0 0 0 84 42 0 0 4
7379 61 3 1641105746 0 0 1279 0 0 0 84 42 0 0 0
7380 49 3 1641105746 0 0 1279 0 0 0 84 42 0 0 0
7381 56 3 1641105746 0 0 1279 0 0 0 84 42 0 0 0
7382 48 3 1641105746 0 0 1279 0 0 0 84 42 0 0 0
7383 49 3 1641105746 0 0 1279 0 0 0 84 42 0 0 0
7384 125 4 1368491697 131072 0 1279 0 0 0 84 42 0 0 0
7385 125 4 1368491697 131072 0 1279 0 0 0 84 42 0 0 0
7386 32 4 1368491697 131072 0 1279 0 0 0 84 42 0 0 0
7387 115 4 1368491697 131072 0 1279 0 0 0 84 42 0 0 1
7388 97 4 1368491697 131072 0 1279 0 0 0 84 42 0 0 2
7389 105 4 1368491697 131072 0 1279 0 0 0 84 42 0 0 3
7390 100 4 1368491697 131072 0 1279 0 0 0 84 42 0 0 4
7391 58 5 2481602628 0 0 20479 0 0 0 84 42 0 0 0
7392 32 5 2481602628 0 0 20479 0 0 0 84 42 0 0 0
7393 34 5 2481602628 0 0 20479 0 0 0 84 42 0 0 0
7394 104 5 2481602628 0 0 20479 0 0 0 84 42 0 0 1
7395 101 5 2481602628 0 0 20479 0 0 0 84 42 0 0 2
7396 108 5 2481602628 0 0 20479 0 0 0 84 42 0 0 3
7397 108 5 2481602628 0 0 20479 0 0 0 84 42 0 0 4
7398 111 5 2481602628 0 0 20479 0 0 0 84 42 0 0 5
7399 44 6 933891823 0 0 327679 0 0 0 84 42 0 0 0
7400 32 6 933891823 0 0 327679 0 0 0 84 42 0 0 0
7401 119 6 933891823 0 0 327679 0 0 0 84 42 0 0 1
7402 111 6 933891823 0 0 327679 0 0 0 84 42 0 0 2
7403 114 6 933891823 0 0 327679 0 0 0 84 42 0 0 3
7404 108 6 933891823 0 0 327679 0 0 0 84 42 0 0 4
7405 100 6 933891823 0 0 327679 0 0 0 84 42 0 0 5
7406 33 7 1101113060 0 0 5242879 0 0 0 84 42 0 0 0
7407 34 7 1101113060 0 0 5242879 0 0 0 84 42 0 0 0
7408 10 0 0 0 0 0 0 0 0 0 42 0 0 0
7409 60 0 0 0 0 0 0 0 0 60 42 0 0 0
7410 114 0 0 0 0 0 0 0 0 60 42 0 0 1
7411 101 0 0 0 0 0 0 0 0 60 42 0 0 2
7412 102 0 0 0 0 0 0 0 0 60 42 0 0 3
7413 62 1 3099181254 0 0 15 0 0 0 60 42 0 0 0
7414 110 1 3099181254 0 0 15 0 0 0 60 42 0 0 1
7415 111 1 3099181254 0 0 15 0 0 0 60 42 0 0 2
7416 116 1 3099181254 0 0 15 0 0 0 60 42 0 0 3
7417 101 1 3099181254 0 0 15 0 0 0 60 42 0 0 4
7418 32 2 3693928933 0 0 255 0 0 0 60 42 0 0 0
7419 49 2 3693928933 0 0 255 0 0 0 60 42 0 0 0
7420 50 2 3693928933 0 0 255 0 0 0 60 42 0 0 0
7421 44 3 103146 131072 0 255 0 0 0 60 42 0 0 0
7422 51 3 103146 131072 0 255 0 0 0 60 42 0 0 0
7423 52 3 103146 131072 0 255 0 0 0 60 42 0 0 0
7424 53 3 103146 131072 0 255 0 0 0 60 42 0 0 0
7425 46 0 0 0 0 4080 0 0 0 60 42 0 0 0
7426 54 0 0 0 0 4080 0 0 0 60 42 0 0 0
7427 55 0 0 0 0 4080 0 0 0 60 42 0 0 0
7428 32 1 113671 131072 0 4080 0 0 0 60 42 0 0 0
7429 104 1 113671 131072 0 4080 0 0 0 60 42 0 0 1
7430 101 1 113671 131072 0 4080 0 0 0 60 42 0 0 2
7431 114 1 113671 131072 0 4080 0 0 0 60 42 0 0 3
7432 101 1 113671 131072 0 4080 0 0 0 60 42 0 0 4
7433 60 2 4109367333 0 0 65295 0 0 0 60 42 0 0 0
7434 47 2 4109367333 0 0 65295 0 0 0 60 42 0 0 0
7435 114 2 4109367333 0 0 65295 0 0 0 60 42 0 0 1
7436 101 2 4109367333 0 0 65295 0 0 0 60 42 0 0 2
7437 102 2 4109367333 0 0 65295 0 0 0 60 42 0 0 3
7438 62 3 3099181254 0 0 1044735 0 0 0 60 42 0 0 0
7439 10 0 0 0 0 0 0 0 0 0 42 0 0 0
7440 65 0 0 0 0 0 0 0 0 65 42 0 0 0
7441 32 0 0 0 0 0 0 0 0 65 42 0 0 0
7442 108 0 0 0 0 0 0 0 0 65 42 0 0 1
7443 105 0 0 0 0 0 0 0 0 65 42 0 0 2
7444 110 0 0 0 0 0 0 0 0 65 42 0 0 3
7445 101 0 0 0 0 0 0 0 0 65 42 0 0 4
7446 32 1 780174501 0 0 15 0 0 0 65 42 0 0 0
7447 119 1 780174501 0 0 15 0 0 0 65 42 0 0 1
7448 105 1 780174501 0 0 15 0 0 0 65 42 0 0 2
7449 116 1 780174501 0 0 15 0 0 0 65 42 0 0 3
7450 104 1 780174501 0 0 15 0 0 0 65 42 0 0 4
7451 32 2 3730819560 65536 0 248 0 0 0 65 42 0 0 0
7452 110 2 3730819560 65536 0 248 0 0 0 65 42 0 0 1
7453 117 2 3730819560 65536 0 248 0 0 0 65 42 0 0 2
7454 109 2 3730819560 65536 0 248 0 0 0 65 42 0 0 3
7455 98 2 3730819560 65536 0 248 0 0 0 65 42 0 0 4
7456 101 2 3730819560 65536 0 248 0 0 0 65 42 0 0 5
7457 114 2 3730819560 65536 0 248 0 0 0 65 42 0 0 6
7458 115 2 3730819560 65536 0 248 0 0 0 65 42 0 0 7
7459 32 3 3416096978 8 0 3978 0 0 0 65 42 0 0 0
7460 52 3 3416096978 8 0 3978 0 0 0 65 42 0 0 0
7461 50 3 3416096978 8 0 3978 0 0 0 65 42 0 0 0
7462 32 4 109458 131072 0 3978 0 0 0 65 42 0 0 0
7463 97 4 109458 131072 0 3978 0 0 0 65 42 0 0 1
7464 110 4 109458 131072 0 3978 0 0 0 65 42 0 0 2
7465 100 4 109458 131072 0 3978 0 0 0 65 42 0 0 3
7466 32 5 1895163044 32768 0 63655 0 0 0 65 42 0 0 0
7467 51 5 1895163044 32768 0 63655 0 0 0 65 42 0 0 0
7468 46 0 0 0 0 1018480 0 0 0 65 42 0 0 0
7469 49 0 0 0 0 1018480 0 0 0 65 42 0 0 0
7470 52 0 0 0 0 1018480 0 0 0 65 42 0 0 0
7471 32 1 103148 131072 0 1018480 0 0 0 65 42 0 0 0
7472 97 1 103148 131072 0 1018480 0 0 0 65 42 0 0 1
7473 110 1 103148 131072 0 1018480 0 0 0 65 42 0 0 2
7474 100 1 103148 131072 0 1018480 0 0 0 65 42 0 0 3
7475 32 2 1895163044 32768 0 16295687 0 0 0 65 42 0 0 0
7476 49 2 1895163044 32768 0 16295687 0 0 0 65 42 0 0 0
7477 44 3 49 131072 0 16295687 0 0 0 65 42 0 0 0
7478 48 3 49 131072 0 16295687 0 0 0 65 42 0 0 0
7479 48 3 49 131072 0 16295687 0 0 0 65 42 0 0 0
7480 48 3 49 131072 0 16295687 0 0 0 65 42 0 0 0
7481 46 0 0 0 0 260730992 0 0 0 65 42 0 0 0
7482 10 0 0 0 0 0 0 0 0 0 42 0 0 0
7483 38 0 0 0 0 0 0 0 0 38 42 0 0 0
7484 110 0 0 0 0 0 0 0 0 38 42 0 0 1
7485 98 0 0 0 0 0 0 0 0 38 42 0 0 2
7486 115 0 0 0 0 0 0 0 0 38 42 0 0 3
7487 112 0 0 0 0 0 0 0 0 38 42 0 0 4
7488 59 1 2773142800 0 0 15 0 0 0 38 42 0 0 0
7489 32 1 2773142800 0 0 15 0 0 0 38 42 0 0 0
7490 115 1 2773142800 0 0 15 0 0 0 38 42 0 0 1
7491 111 1 2773142800 0 0 15 0 0 0 38 42 0 0 2
7492 109 1 2773142800 0 0 15 0 0 0 38 42 0 0 3
7493 101 1 2773142800 0 0 15 0 0 0 38 42 0 0 4
7494 32 2 3473243077 0 0 255 0 0 0 38 42 0 0 0
7495 38 2 3473243077 0 0 255 0 0 0 38 42 0 0 0
7496 97 2 3473243077 0 0 255 0 0 0 38 42 0 0 1
7497 109 2 3473243077 0 0 255 0 0 0 38 42 0 0 2
7498 112 2 3473243077 0 0 255 0 0 0 38 42 0 0 3
7499 59 3 1895154640 0 0 4095 0 0 0 38 42 0 0 0
7500 32 3 1895154640 0 0 4095 0 0 0 38 42 0 0 0
7501 101 3 1895154640 0 0 4095 0 0 0 38 42 0 0 1
7502 110 3 1895154640 0 0 4095 0 0 0 38 42 0 0 2
7503 116 3 1895154640 0 0 4095 0 0 0 38 42 0 0 3
7504 105 3 1895154640 0 0 4095 0 0 0 38 42 0 0 4
7505 116 3 1895154640 0 0 4095 0 0 0 38 42 0 0 5
7506 105 3 1895154640 0 0 4095 0 0 0 38 42 0 0 6
7507 101 3 1895154640 0 0 4095 0 0 0 38 42 0 0 7
7508 115 3 1895154640 0 0 4095 0 0 0 38 42 0 0 8
7509 32 4 1475168745 8 0 65530 0 0 0 38 42 0 0 0
7510 38 4 1475168745 8 0 65530 0 0 0 38 42 0 0 0
7511 108 4 1475168745 8 0 65530 0 0 0 38 42 0 0 1
7512 116 4 1475168745 8 0 65530 0 0 0 38 42 0 0 2
7513 59 5 1118458612 0 0 1048495 0 0 0 38 42 0 0 0
7514 116 5 1118458612 0 0 1048495 0 0 0 38 42 0 0 1
7515 97 5 1118458612 0 0 1048495 0 0 0 38 42 0 0 2
7516 103 5 1118458612 0 0 1048495 0 0 0 38 42 0 0 3
7517 38 6 3240805703 0 0 16775935 0 0 0 38 42 0 0 0
7518 103 6 3240805703 0 0 16775935 0 0 0 38 42 0 0 1
7519 116 6 3240805703 0 0 16775935 0 0 0 38 42 0 0 2
7520 59 7 1118416532 0 0 268414975 0 0 0 38 42 0 0 0
7521 10 0 0 0 0 0 0 0 0 0 42 0 0 0
7522 100 0 0 0 0 0 0 0 0 96 96 0 0 1
7523 111 0 0 0 0 0 0 0 0 96 96 0 0 2
7524 110 0 0 0 0 0 0 0 0 96 96 0 0 3
7525 39 0 0 0 0 0 0 0 0 96 96 0 0 4
7526 116 0 0 0 0 0 0 0 0 96 96 0 0 5
7527 32 1 1118391279 1024 0 13 0 0 0 96 96 0 0 0
7528 99 1 1118391279 1024 0 13 0 0 0 96 96 0 0 1
7529 97 1 1118391279 1024 0 13 0 0 0 96 96 0 0 2
7530 110 1 1118391279 1024 0 13 0 0 0 96 96 0 0 3
7531 39 1 1118391279 1024 0 13 0 0 0 96 96 0 0 4
7532 116 1 1118391279 1024 0 13 0 0 0 96 96 0 0 5
7533 32 2 2036711758 1024 0 221 0 0 0 96 96 0 0 0
7534 105 2 2036711758 1024 0 221 0 0 0 96 96 0 0 1
7535 116 2 2036711758 1024 0 221 0 0 0 96 96 0 0 2
7536 39 2 2036711758 1024 0 221 0 0 0 96 96 0 0 3
7537 115 2 2036711758 1024 0 221 0 0 0 96 96 0 0 4
7538 32 3 1118433364 1048584 0 3546 0 0 0 96 96 0 0 0
7539 116 3 1118433364 1048584 0 3546 0 0 0 96 96 0 0 1
7540 104 3 1118433364 1048584 0 3546 0 0 0 96 96 0 0 2
7541 101 3 1118433364 1048584 0 3546 0 0 0 96 96 0 0 3
7542 32 4 3240864613 16384 0 56742 0 0 0 96 96 0 0 0
7543 99 4 3240864613 16384 0 56742 0 0 0 96 96 0 0 1
7544 97 4 3240864613 16384 0 56742 0 0 0 96 96 0 0 2
7545 116 4 3240864613 16384 0 56742 0 0 0 96 96 0 0 3
7546 32 4 2036711764 2 0 907874 0 0 0 96 96 0 0 0
7547 115 4 2036711764 2 0 907874 0 0 0 96 96 0 0 1
7548 97 4 2036711764 2 0 907874 0 0 0 96 96 0 0 2
7549 116 4 2036711764 2 0 907874 0 0 0 96 96 0 0 3
7550 32 5 3169976660 0 0 14525999 0 0 0 96 96 0 0 0
7551 111 5 3169976660 0 0 14525999 0 0 0 96 96 0 0 1
7552 110 5 3169976660 0 0 14525999 0 0 0 96 96 0 0 2
7553 32 6 1118483854 65536 0 232415992 0 0 0 96 96 0 0 0
7554 116 6 1118483854 65536 0 232415992 0 0 0 96 96 0 0 1
7555 104 6 1118483854 65536 0 232415992 0 0 0 96 96 0 0 2
7556 101 6 1118483854 65536 0 232415992 0 0 0 96 96 0 0 3
7557 32 7 3240864613 16384 0 3718655878 0 0 0 96 96 0 0 0
7558 109 7 3240864613 16384 0 3718655878 0 0 0 96 96 0 0 1
7559 97 7 3240864613 16384 0 3718655878 0 0 0 96 96 0 0 2
7560 116 7 3240864613 16384 0 3718655878 0 0 0 96 96 0 0 3
7561 46 0 0 0 0 2788132384 0 0 0 96 96 0 0 0
7562 10 0 0 0 0 0 0 0 0 0 96 0 0 0
7563 210 0 0 0 0 0 0 0 0 96 96 0 0 0
7564 254 0 0 0 0 0 0 0 0 96 96 0 0 0
7565 174 0 0 0 0 0 0 0 0 96 96 0 0 0
7566 10 0 0 0 0 0 0 0 0 0 96 0 0 0
7567 196 0 0 0 0 0 0 0 0 96 96 0 0 0
7568 237 0 0 0 0 0 0 0 0 96 96 0 0 0
7569 134 0 0 0 0 0 0 0 0 96 96 0 0 0
7570 10 0 0 0 0 0 0 0 0 0 96 0 0 0
7571 171 0 0 0 0 0 0 0 0 96 96 0 0 0
7572 44 0 0 0 0 0 0 0 0 96 96 0 0 0
7573 155 0 0 0 0 0 0 0 0 96 96 0 0 0
7574 10 0 0 0 0 0 0 0 0 0 96 0 0 0
7575 232 0 0 0 0 0 0 0 0 96 96 0 0 0
7576 131 0 0 0 0 0 0 0 0 96 96 0 0 0
7577 176 0 0 0 0 0 0 0 0 96 96 0 0 0
7578 44 0 0 0 0 0 0 0 0 96 96 0 0 0
7579 212 0 0 0 0 0 0 0 0 96 96 0 0 0
7580 227 0 0 0 0 0 0 0 0 96 96 0 0 0
7581 44 0 0 0 0 0 0 0 0 96 96 0 0 0
7582 232 0 0 0 0 0 0 0 0 96 96 0 0 0
7583 141 0 0 0 0 0 0 0 0 96 96 0 0 0
7584 10 0 0 0 0 0 0 0 0 0 96 0 0 0
7585 152 0 0 0 0 0 0 0 0 96 96 0 0 0
7586 221 0 0 0 0 0 0 0 0 96 96 0 0 0
7587 241 0 0 0 0 0 0 0 0 96 96 0 0 0
7588 32 0 0 0 0 0 0 0 0 96 96 0 0 0
7589 119 0 0 0 0 0 0 0 0 96 96 0 0 1
7590 111 0 0 0 0 0 0 0 0 96 96 0 0 2
7591 114 0 0 0 0 0 0 0 0 96 96 0 0 3
7592 100 0 0 0 0 0 0 0 0 96 96 0 0 4
7593 50 1 4155777060 0 0 15 0 0 0 96 96 0 0 0
7594 48 1 4155777060 0 0 15 0 0 0 96 96 0 0 0
7595 32 2 105248 131072 0 15 0 0 0 96 96 0 0 0
7596 97 2 105248 131072 0 15 0 0 0 96 96 0 0 1
7597 110 2 105248 131072 0 15 0 0 0 96 96 0 0 2
7598 111 2 105248 131072 0 15 0 0 0 96 96 0 0 3
7599 116 2 105248 131072 0 15 0 0 0 96 96 0 0 4
7600 104 2 105248 131072 0 15 0 0 0 96 96 0 0 5
7601 101 2 105248 131072 0 15 0 0 0 96 96 0 0 6
7602 114 2 105248 131072 0 15 0 0 0 96 96 0 0 7
7603 32 3 91021800 0 0 255 0 0 0 96 96 0 0 0
7604 91 3 91021800 0 0 255 0 0 0 96 91 0 0 0
7605 91 3 91021800 0 0 255 0 0 0 96 91 0 0 0
7606 65 3 91021800 0 0 255 0 0 0 96 91 0 0 0
7607 110 3 91021800 0 0 255 0 0 0 96 91 0 0 1
7608 110 3 91021800 0 0 255 0 0 0 96 91 0 0 2
7609 97 3 91021800 0 0 255 0 0 0 96 91 0 0 3
7610 93 4 2815940769 0 0 4095 0 0 0 96 91 0 0 0
7611 93 4 2815940769 0 0 4095 0 0 0 96 96 0 0 0
7612 32 4 2815940769 0 0 4095 0 0 0 96 96 0 0 0
7613 119 4 2815940769 0 0 4095 0 0 0 96 96 0 0 1
7614 97 4 2815940769 0 0 4095 0 0 0 96 96 0 0 2
7615 115 4 2815940769 0 0 4095 0 0 0 96 96 0 0 3
7616 32 5 3453292883 1 0 65521 3453292883 0 0 96 96 0 0 0
7617 97 5 3453292883 1 0 65521 3453292883 0 0 96 96 0 0 1
7618 32 6 1950627777 16384 0 1048342 3453292883 0 0 96 96 0 0 0
7619 39 6 1950627777 16384 0 1048342 3453292883 0 0 96 96 0 0 1
7620 39 7 1950627719 0 0 16773487 3453292883 0 0 96 96 0 0 0
7621 39 7 1950627719 0 0 16773487 3453292883 0 0 96 96 0 0 0
7622 113 7 1950627719 0 0 16773487 3453292883 0 0 96 96 0 0 1
7623 117 7 1950627719 0 0 16773487 3453292883 0 0 96 96 0 0 2
7624 101 7 1950627719 0 0 16773487 3453292883 0 0 96 96 0 0 3
7625 101 7 1950627719 0 0 16773487 3453292883 0 0 96 96 0 0 4
7626 110 7 1950627719 0 0 16773487 3453292883 0 0 96 96 0 0 5
7627 39 7 1950627719 0 0 16773487 3453292883 0 0 96 96 0 0 6
7628 39 8 3278097614 8 0 268375802 3453292883 0 0 96 96 0 0 0
7629 39 8 3278097614 8 0 268375802 3453292883 0 0 96 96 0 0 0
7630 32 8 3278097614 8 0 268375802 3453292883 0 0 96 96 0 0 0
7631 111 8 3278097614 8 0 268375802 3453292883 0 0 96 96 0 0 1
7632 102 8 3278097614 8 0 268375802 3453292883 0 0 96 96 0 0 2
7633 32 9 1118483846 65536 0 4294012840 3453292883 0 0 96 96 0 0 0
7634 91 9 1118483846 65536 0 4294012840 3453292883 0 0 96 91 0 0 0
7635 91 9 1118483846 65536 0 4294012840 3453292883 0 0 96 91 0 0 0
7636 70 9 1118483846 65536 0 4294012840 3453292883 0 0 96 91 0 0 0
7637 114 9 1118483846 65536 0 4294012840 3453292883 0 0 96 91 0 0 1
7638 97 9 1118483846 65536 0 4294012840 3453292883 0 0 96 91 0 0 2
7639 110 9 1118483846 65536 0 4294012840 3453292883 0 0 96 91 0 0 3
7640 99 9 1118483846 65536 0 4294012840 3453292883 0 0 96 91 0 0 4
7641 101 9 1118483846 65536 0 4294012840 3453292883 0 0 96 91 0 0 5
7642 93 10 3384763555 0 0 4279696015 3453292883 0 0 96 91 0 0 0
7643 93 10 3384763555 0 0 4279696015 3453292883 0 0 96 96 0 0 0
7644 32 10 3384763555 0 0 4279696015 3453292883 0 0 96 96 0 0 0
7645 105 10 3384763555 0 0 4279696015 3453292883 0 0 96 96 0 0 1
7646 110 10 3384763555 0 0 4279696015 3453292883 0 0 96 96 0 0 2
7647 32 11 1118433358 65536 0 4050626808 3453292883 0 0 96 96 0 0 0
7648 49 11 1118433358 65536 0 4050626808 3453292883 0 0 96 96 0 0 0
7649 55 11 1118433358 65536 0 4050626808 3453292883 0 0 96 96 0 0 0
7650 56 11 1118433358 65536 0 4050626808 3453292883 0 0 96 96 0 0 0
7651 57 11 1118433358 65536 0 4050626808 3453292883 0 0 96 96 0 0 0
7652 46 0 0 0 0 385519488 3453292883 0 0 96 96 0 0 0
7653 10 0 0 0 0 0 0 0 0 0 96 0 0 0
7654 61 0 0 0 0 0 0 0 0 61 96 0 0 0
7655 61 0 0 0 0 0 0 0 0 61 96 0 0 0
7656 32 0 0 0 0 0 0 0 0 61 96 0 0 0
7657 72 0 0 0 0 0 0 0 0 61 96 0 0 0
7658 105 0 0 0 0 0 0 0 0 61 96 0 0 1
7659 115 0 0 0 0 0 0 0 0 61 96 0 0 2
7660 116 0 0 0 0 0 0 0 0 61 96 0 0 3
7661 111 0 0 0 0 0 0 0 0 61 96 0 0 4
7662 114 0 0 0 0 0 0 0 0 61 96 0 0 5
7663 121 0 0 0 0 0 0 0 0 61 96 0 0 6
7664 32 1 1469161513 0 0 15 0 0 0 61 96 0 0 0
7665 61 1 1469161513 0 0 15 0 0 0 61 96 0 0 0
7666 61 1 1469161513 0 0 15 0 0 0 61 96 0 0 0
7667 10 0 0 0 0 0 0 0 0 0 96 0 0 0
7668 42 0 0 0 0 0 0 0 0 42 42 0 0 0
7669 32 0 0 0 0 0 0 0 0 42 42 0 0 0
7670 105 0 0 0 0 0 0 0 0 96 42 0 0 1
7671 116 0 0 0 0 0 0 0 0 96 42 0 0 2
7672 101 0 0 0 0 0 0 0 0 96 42 0 0 3
7673 109 0 0 0 0 0 0 0 0 96 42 0 0 4
7674 32 1 4268574925 0 0 15 0 0 0 96 42 0 0 0
7675 111 1 4268574925 0 0 15 0 0 0 96 42 0 0 1
7676 110 1 4268574925 0 0 15 0 0 0 96 42 0 0 2
7677 101 1 4268574925 0 0 15 0 0 0 96 42 0 0 3
7678 32 2 2886769829 131072 0 254 0 0 0 96 42 0 0 0
7679 40 2 2886769829 131072 0 254 0 0 0 96 42 0 0 0
7680 102 2 2886769829 131072 0 254 0 0 0 96 42 0 0 1
7681 105 2 2886769829 131072 0 254 0 0 0 96 42 0 0 2
7682 114 2 2886769829 131072 0 254 0 0 0 96 42 0 0 3
7683 115 2 2886769829 131072 0 254 0 0 0 96 42 0 0 4
7684 116 2 2886769829 131072 0 254 0 0 0 96 42 0 0 5
7685 41 2 2886769829 131072 0 65264 0 0 0 96 42 0 0 0
7686 10 0 0 0 0 0 0 0 0 0 42 0 0 0
7687 42 0 0 0 0 0 0 0 0 42 42 0 0 0
7688 32 0 0 0 0 0 0 0 0 42 42 0 0 0
7689 105 0 0 0 0 0 0 0 0 96 42 0 0 1
7690 116 0 0 0 0 0 0 0 0 96 42 0 0 2
7691 101 0 0 0 0 0 0 0 0 96 42 0 0 3
7692 109 0 0 0 0 0 0 0 0 96 42 0 0 4
7693 32 1 4268574925 0 0 15 0 0 0 96 42 0 0 0
7694 116 1 4268574925 0 0 15 0 0 0 96 42 0 0 1
7695 119 1 4268574925 0 0 15 0 0 0 96 42 0 0 2
7696 111 1 4268574925 0 0 15 0 0 0 96 42 0 0 3
7697 32 2 3240990863 131072 0 254 0 0 0 96 42 0 0 0
7698 91 2 3240990863 131072 0 254 0 0 0 96 91 0 0 0
7699 104 2 3240990863 131072 0 254 0 0 0 96 91 0 0 1
7700 116 2 3240990863 131072 0 254 0 0 0 96 91 0 0 2
7701 116 2 3240990863 131072 0 254 0 0 0 96 91 0 0 3
7702 112 2 3240990863 131072 0 254 0 0 0 96 91 0 0 4
7703 58 3 876852720 0 0 4079 0 0 0 96 91 0 0 0
7704 47 3 876852720 0 0 4079 0 0 0 96 91 0 0 0
7705 47 3 876852720 0 0 4079 0 0 0 96 91 0 0 0
7706 101 3 876852720 0 0 4079 0 0 0 96 91 0 0 1
7707 120 3 876852720 0 0 4079 0 0 0 96 91 0 0 2
7708 97 3 876852720 0 0 4079 0 0 0 96 91 0 0 3
7709 109 3 876852720 0 0 4079 0 0 0 96 91 0 0 4
7710 112 3 876852720 0 0 4079 0 0 0 96 91 0 0 5
7711 108 3 876852720 0 0 4079 0 0 0 96 91 0 0 6
7712 101 3 876852720 0 0 4079 0 0 0 96 91 0 0 7
7713 46 4 3291829868 0 0 1044464 0 0 0 96 91 0 0 0
7714 111 4 3291829868 0 0 1044464 0 0 0 96 91 0 0 1
7715 114 4 3291829868 0 0 1044464 0 0 0 96 91 0 0 2
7716 103 4 3291829868 0 0 1044464 0 0 0 96 91 0 0 3
7717 32 5 2886803495 0 0 16711439 0 0 0 96 91 0 0 0
7718 108 5 2886803495 0 0 16711439 0 0 0 96 91 0 0 1
7719 105 5 2886803495 0 0 16711439 0 0 0 96 91 0 0 2
7720 110 5 2886803495 0 0 16711439 0 0 0 96 91 0 0 3
7721 107 5 2886803495 0 0 16711439 0 0 0 96 91 0 0 4
7722 93 6 780174507 0 0 267383039 0 0 0 96 42 0 0 0
7723 32 6 780174507 0 0 267383039 0 0 1 64 42 0 0 0
7724 116 6 780174507 0 0 267383039 0 0 1 64 42 0 0 1
7725 101 6 780174507 0 0 267383039 0 0 1 64 42 0 0 2
7726 120 6 780174507 0 0 267383039 0 0 1 64 42 0 0 3
7727 116 6 780174507 0 0 267383039 0 0 1 64 42 0 0 4
7728 10 0 0 0 0 0 0 0 0 0 42 0 0 0
7729 84 0 0 0 0 0 0 0 0 84 42 0 0 0
7730 104 0 0 0 0 0 0 0 0 84 42 0 0 1
7731 101 0 0 0 0 0 0 0 0 84 42 0 0 2
7732 32 1 1118424933 2048 0 4 0 0 0 84 42 0 0 0
7733 123 1 1118424933 2048 0 4 0 0 0 84 42 0 0 0
7734 123 1 1118424933 2048 0 4 0 0 0 84 42 0 0 0
7735 99 1 1118424933 2048 0 4 0 0 0 84 42 0 0 1
7736 105 1 1118424933 2048 0 4 0 0 0 84 42 0 0 2
7737 116 1 1118424933 2048 0 4 0 0 0 84 42 0 0 3
7738 101 1 1118424933 2048 0 4 0 0 0 84 42 0 0 4
7739 124 2 318360037 0 0 79 0 0 0 84 42 0 0 0
7740 121 2 318360037 0 0 79 0 0 0 84 42 0 0 1
7741 101 2 318360037 0 0 79 0 0 0 84 42 0 0 2
7742 97 2 318360037 0 0 79 0 0 0 84 42 0 0 3
7743 114 2 318360037 0 0 79 0 0 0 84 42 0 0 4
7744 61 3 1641105746 0 0 1279 0 0 0 84 42 0 0 0
7745 49 3 1641105746 0 0 1279 0 0 0 84 42 0 0 0
7746 56 3 1641105746 0 0 1279 0 0 0 84 42 0 0 0
7747 48 3 1641105746 0 0 1279 0 0 0 84 42 0 0 0
7748 49 3 1641105746 0 0 1279 0 0 0 84 42 0 0 0
7749 125 4 1368491697 131072 0 1279 0 0 0 84 42 0 0 0
7750 125 4 1368491697 131072 0 1279 0 0 0 84 42 0 0 0
7751 32 4 1368491697 131072 0 1279 0 0 0 84 42 0 0 0
7752 115 4 1368491697 131072 0 1279 0 0 0 84 42 0 0 1
7753 97 4 1368491697 131072 0 1279 0 0 0 84 42 0 0 2
7754 105 4 1368491697 131072 0 1279 0 0 0 84 42 0 0 3
7755 100 4 1368491697 131072 0 1279 0 0 0 84 42 0 0 4
7756 58 5 2481602628 0 0 20479 0 0 0 84 42 0 0 0
7757 32 5 2481602628 0 0 20479 0 0 0 84 42 0 0 0
7758 34 5 2481602628 0 0 20479 0 0 0 84 42 0 0 0
7759 104 5 2481602628 0 0 20479 0 0 0 84 42 0 0 1
7760 101 5 2481602628 0 0 20479 0 0 0 84 42 0 0 2
7761 108 5 2481602628 0 0 20479 0 0 0 84 42 0 0 3
7762 108 5 2481602628 0 0 20479 0 0 0 84 42 0 0 4
7763 111 5 2481602628 0 0 20479 0 0 0 84 42 0 0 5
7764 44 6 933891823 0 0 327679 0 0 0 84 42 0 0 0
7765 32 6 933891823 0 0 327679 0 0 0 84 42 0 0 0
7766 119 6 933891823 0 0 327679 0 0 0 84 42 0 0 1
7767 111 6 933891823 0 0 327679 0 0 0 84 42 0 0 2
7768 114 6 933891823 0 0 327679 0 0 0 84 42 0 0 3
7769 108 6 933891823 0 0 327679 0 0 0 84 42 0 0 4
7770 100 6 933891823 0 0 327679 0 0 0 84 42 0 0 5
7771 33 7 1101113060 0 0 5242879 0 0 0 84 42 0 0 0
7772 34 7 1101113060 0 0 5242879 0 0 0 84 42 0 0 0
7773 10 0 0 0 0 0 0 0 0 0 42 0 0 0
7774 60 0 0 0 0 0 0 0 0 60 42 0 0 0
7775 114 0 0 0 0 0 0 0 0 60 42 0 0 1
7776 101 0 0 0 0 0 0 0 0 60 42 0 0 2
7777 102 0 0 0 0 0 0 0 0 60 42 0 0 3
7778 62 1 3099181254 0 0 15 0 0 0 60 42 0 0 0
7779 110 1 3099181254 0 0 15 0 0 0 60 42 0 0 1
7780 111 1 3099181254 0 0 15 0 0 0 60 42 0 0 2
7781 116 1 3099181254 0 0 15 0 0 0 60 42 0 0 3
7782 101 1 3099181254 0 0 15 0 0 0 60 42 0 0 4
7783 32 2 3693928933 0 0 255 0 0 0 60 42 0 0 0
7784 49 2 3693928933 0 0 255 0 0 0 60 42 0 0 0
7785 50 2 3693928933 0 0 255 0 0 0 60 42 0 0 0
7786 44 3 103146 131072 0 255 0 0 0 60 42 0 0 0
7787 51 3 103146 131072 0 255 0 0 0 60 42 0 0 0
7788 52 3 103146 131072 0 255 0 0 0 60 42 0 0 0
7789 53 3 103146 131072 0 255 0 0 0 60 42 0 0 0
7790 46 0 0 0 0 4080 0 0 0 60 42 0 0 0
7791 54 0 0 0 0 4080 0 0 0 60 42 0 0 0
7792 55 0 0 0 0 4080 0 0 0 60 42 0 0 0
7793 32 1 113671 131072 0 4080 0 0 0 60 42 0 0 0
7794 104 1 113671 131072 0 4080 0 0 0 60 42 0 0 1
7795 101 1 113671 131072 0 4080 0 0 0 60 42 0 0 2
7796 114 1 113671 131072 0 4080 0 0 0 60 42 0 0 3
7797 101 1 113671 131072 0 4080 0 0 0 60 42 0 0 4
7798 60 2 4109367333 0 0 65295 0 0 0 60 42 0 0 0
7799 47 2 4109367333 0 0 65295 0 0 0 60 42 0 0 0
7800 114 2 4109367333 0 0 65295 0 0 0 60 42 0 0 1
7801 101 2 4109367333 0 0 65295 0 0 0 60 42 0 0 2
7802 102 2 4109367333 0 0 65295 0 0 0 60 42 0 0 3
7803 62 3 3099181254 0 0 1044735 0 0 0 60 42 0 0 0
7804 10 0 0 0 0 0 0 0 0 0 42 0 0 0
7805 65 0 0 0 0 0 0 0 0 65 42 0 0 0
7806 32 0 0 0 0 0 0 0 0 65 42 0 0 0
7807 108 0 0 0 0 0 0 0 0 65 42 0 0 1
7808 105 0 0 0 0 0 0 0 0 65 42 0 0 2
7809 110 0 0 0 0 0 0 0 0 65 42 0 0 3
7810 101 0 0 0 0 0 0 0 0 65 42 0 0 4
7811 32 1 780174501 0 0 15 0 0 0 65 42 0 0 0
7812 119 1 780174501 0 0 15 0 0 0 65 42 0 0 1
7813 105 1 780174501 0 0 15 0 0 0 65 42 0 0 2
7814 116 1 780174501 0 0 15 0 0 0 65 42 0 0 3
7815 104 1 780174501 0 0 15 0 0 0 65 42 0 0 4
7816 32 2 3730819560 65536 0 248 0 0 0 65 42 0 0 0
7817 110 2 3730819560 65536 0 248 0 0 0 65 42 0 0 1
7818 117 2 3730819560 65536 0 248 0 0 0 65 42 0 0 2
7819 109 2 3730819560 65536 0 248 0 0 0 65 42 0 0 3
7820 98 2 3730819560 65536 0 248 0 0 0 65 42 0 0 4
7821 101 2 3730819560 65536 0 248 0 0 0 65 42 0 0 5
7822 114 2 3730819560 65536 0 248 0 0 0 65 42 0 0 6
7823 115 2 3730819560 65536 0 248 0 0 0 65 42 0 0 7
7824 32 3 3416096978 8 0 3978 0 0 0 65 42 0 0 0
7825 52 3 3416096978 8 0 3978 0 0 0 65 42 0 0 0
7826 50 3 3416096978 8 0 3978 0 0 0 65 42 0 0 0
7827 32 4 109458 131072 0 3978 0 0 0 65 42 0 0 0
7828 97 4 109458 131072 0 3978 0 0 0 65 42 0 0 1
7829 110 4 109458 131072 0 3978 0 0 0 65 42 0 0 2
7830 100 4 109458 131072 0 3978 0 0 0 65 42 0 0 3
7831 32 5 1895163044 32768 0 63655 0 0 0 65 42 0 0 0
7832 51 5 1895163044 32768 0 63655 0 0 0 65 42 0 0 0
7833 46 0 0 0 0 1018480 0 0 0 65 42 0 0 0
7834 49 0 0 0 0 1018480 0 0 0 65 42 0 0 0
7835 52 0 0 0 0 1018480 0 0 0 65 42 0 0 0
7836 32 1 103148 131072 0 1018480 0 0 0 65 42 0 0 0
7837 97 1 103148 131072 0 1018480 0 0 0 65 42 0 0 1
7838 110 1 103148 131072 0 1018480 0 0 0 65 42 0 0 2
7839 100 1 103148 131072 0 1018480 0 0 0 65 42 0 0 3
7840 32 2 1895163044 32768 0 16295687 0 0 0 65 42 0 0 0
7841 49 2 1895163044 32768 0 16295687 0 0 0 65 42 0 0 0
7842 44 3 49 131072 0 16295687 0 0 0 65 42 0 0 0
7843 48 3 49 131072 0 16295687 0 0 0 65 42 0 0 0
7844 48 3 49 131072 0 16295687 0 0 0 65 42 0 0 0
7845 48 3 49 131072 0 16295687 0 0 0 65 42 0 0 0
7846 46 0 0 0 0 260730992 0 0 0 65 42 0 0 0
7847 10 0 0 0 0 0 0 0 0 0 42 0 0 0
7848 38 0 0 0 0 0 0 0 0 38 42 0 0 0
7849 110 0 0 0 0 0 0 0 0 38 42 0 0 1
7850 98 0 0 0 0 0 0 0 0 38 42 0 0 2
7851 115 0 0 0 0 0 0 0 0 38 42 0 0 3
7852 112 0 0 0 0 0 0 0 0 38 42 0 0 4
7853 59 1 2773142800 0 0 15 0 0 0 38 42 0 0 0
7854 32 1 2773142800 0 0 15 0 0 0 38 42 0 0 0
7855 115 1 2773142800 0 0 15 0 0 0 38 42 0 0 1
7856 111 1 2773142800 0 0 15 0 0 0 38 42 0 0 2
7857 109 1 2773142800 0 0 15 0 0 0 38 42 0 0 3
7858 101 1 2773142800 0 0 15 0 0 0 38 42 0 0 4
7859 32 2 3473243077 0 0 255 0 0 0 38 42 0 0 0
7860 38 2 3473243077 0 0 255 0 0 0 38 42 0 0 0
7861 97 2 3473243077 0 0 255 0 0 0 38 42 0 0 1
7862 109 2 3473243077 0 0 255 0 0 0 38 42 0 0 2
7863 112 2 3473243077 0 0 255 0 0 0 38 42 0 0 3
7864 59 3 1895154640 0 0 4095 0 0 0 38 42 0 0 0
7865 32 3 1895154640 0 0 4095 0 0 0 38 42 0 0 0
7866 101 3 1895154640 0 0 4095 0 0 0 38 42 0 0 1
7867 110 3 1895154640 0 0 4095 0 0 0 38 42 0 0 2
7868 116 3 1895154640 0 0 4095 0 0 0 38 42 0 0 3
7869 105 3 1895154640 0 0 4095 0 0 0 38 42 0 0 4
7870 116 3 1895154640 0 0 4095 0 0 0 38 42 0 0 5
7871 105 3 1895154640 0 0 4095 0 0 0 38 42 0 0 6
7872 101 3 1895154640 0 0 4095 0 0 0 38 42 0 0 7
7873 115 3 1895154640 0 0 4095 0 0 0 38 42 0 0 8
7874 32 4 1475168745 8 0 65530 0 0 0 38 42 0 0 0
7875 38 4 1475168745 8 0 65530 0 0 0 38 42 0 0 0
7876 108 4 1475168745 8 0 65530 0 0 0 38 42 0 0 1
7877 116 4 1475168745 8 0 65530 0 0 0 38 42 0 0 2
7878 59 5 1118458612 0 0 1048495 0 0 0 38 42 0 0 0
7879 116 5 1118458612 0 0 1048495 0 0 0 38 42 0 0 1
7880 97 5 1118458612 0 0 1048495 0 0 0 38 42 0 0 2
7881 103 5 1118458612 0 0 1048495 0 0 0 38 42 0 0 3
7882 38 6 3240805703 0 0 16775935 0 0 0 38 42 0 0 0
7883 103 6 3240805703 0 0 16775935 0 0 0 38 42 0 0 1
7884 116 6 3240805703 0 0 16775935 0 0 0 38 42 0 0 2
7885 59 7 1118416532 0 0 268414975 0 0 0 38 42 0 0 0
7886 10 0 0 0 0 0 0 0 0 0 42 0 0 0
7887 100 0 0 0 0 0 0 0 0 96 96 0 0 1
7888 111 0 0 0 0 0 0 0 0 96 96 0 0 2
7889 110 0 0 0 0 0 0 0 0 96 96 0 0 3
7890 39 0 0 0 0 0 0 0 0 96 96 0 0 4
7891 116 0 0 0 0 0 0 0 0 96 96 0 0 5
7892 32 1 1118391279 1024 0 13 0 0 0 96 96 0 0 0
7893 99 1 1118391279 1024 0 13 0 0 0 96 96 0 0 1
7894 97 1 1118391279 1024 0 13 0 0 0 96 96 0 0 2
7895 110 1 1118391279 1024 0 13 0 0 0 96 96 0 0 3
7896 39 1 1118391279 1024 0 13 0 0 0 96 96 0 0 4
7897 116 1 1118391279 1024 0 13 0 0 0 96 96 0 0 5
7898 32 2 2036711758 1024 0 221 0 0 0 96 96 0 0 0
7899 105 2 2036711758 1024 0 221 0 0 0 96 96 0 0 1
7900 116 2 2036711758 1024 0 221 0 0 0 96 96 0 0 2
7901 39 2 2036711758 1024 0 221 0 0 0 96 96 0 0 3
7902 115 2 2036711758 1024 0 221 0 0 0 96 96 0 0 4
7903 32 3 1118433364 1048584 0 3546 0 0 0 96 96 0 0 0
7904 116 3 1118433364 1048584 0 3546 0 0 0 96 96 0 0 1
7905 104 3 1118433364 1048584 0 3546 0 0 0 96 96 0 0 2
7906 101 3 1118433364 1048584 0 3546 0 0 0 96 96 0 0 3
7907 32 4 3240864613 16384 0 56742 0 0 0 96 96 0 0 0
7908 99 4 3240864613 16384 0 56742 0 0 0 96 96 0 0 1
7909 97 4 3240864613 16384 0 56742 0 0 0 96 96 0 0 2
7910 116 4 3240864613 16384 0 56742 0 0 0 96 96 0 0 3
7911 32 4 2036711764 2 0 907874 0 0 0 96 96 0 0 0
7912 115 4 2036711764 2 0 907874 0 0 0 96 96 0 0 1
7913 97 4 2036711764 2 0 907874 0 0 0 96 96 0 0 2
7914 116 4 2036711764 2 0 907874 0 0 0 96 96 0 0 3
7915 32 5 3169976660 0 0 14525999 0 0 0 96 96 0 0 0
7916 111 5 3169976660 0 0 14525999 0 0 0 96 96 0 0 1
7917 110 5 3169976660 0 0 14525999 0 0 0 96 96 0 0 2
7918 32 6 1118483854 65536 0 232415992 0 0 0 96 96 0 0 0
7919 116 6 1118483854 65536 0 232415992 0 0 0 96 96 0 0 1
7920 104 6 1118483854 65536 0 232415992 0 0 0 96 96 0 0 2
7921 101 6 1118483854 65536 0 232415992 0 0 0 96 96 0 0 3
7922 32 7 3240864613 16384 0 3718655878 0 0 0 96 96 0 0 0
7923 109 7 3240864613 16384 0 3718655878 0 0 0 96 96 0 0 1
7924 97 7 3240864613 16384 0 3718655878 0 0 0 96 96 0 0 2
7925 116 7 3240864613 16384 0 3718655878 0 0 0 96 96 0 0 3
7926 46 0 0 0 0 2788132384 0 0 0 96 96 0 0 0
7927 10 0 0 0 0 0 0 0 0 0 96 0 0 0
7928 140 0 0 0 0 0 0 0 0 96 96 0 0 0
7929 246 0 0 0 0 0 0 0 0 96 96 0 0 0
7930 32 0 0 0 0 0 0 0 0 96 96 0 0 0
7931 242 0 0 0 0 0 0 0 0 96 96 0 0 0
7932 239 0 0 0 0 0 0 0 0 96 96 0 0 0
7933 161 0 0 0 0 0 0 0 0 96 96 0 0 0
7934 32 0 0 0 0 0 0 0 0 96 96 0 0 0
7935 170 0 0 0 0 0 0 0 0 96 96 0 0 0
7936 10 0 0 0 0 0 0 0 0 0 96 0 0 0
7937 240 0 0 0 0 0 0 0 0 96 96 0 0 0
7938 135 0 0 0 0 0 0 0 0 96 96 0 0 0
7939 46 0 0 0 0 0 0 0 0 96 96 0 0 0
7940 211 0 0 0 0 0 0 0 0 96 96 0 0 0
7941 215 0 0 0 0 0 0 0 0 96 96 0 0 0
7942 44 0 0 0 0 0 0 0 0 96 96 0 0 0
7943 253 0 0 0 0 0 0 0 0 96 96 0 0 0
7944 195 0 0 0 0 0 0 0 0 96 96 0 0 0
7945 210 0 0 0 0 0 0 0 0 96 96 0 0 0
7946 44 0 0 0 0 0 0 0 0 96 96 0 0 0
7947 173 0 0 0 0 0 0 0 0 96 96 0 0 0
7948 10 0 0 0 0 0 0 0 0 0 96 0 0 0
7949 251 0 0 0 0 0 0 0 0 96 96 0 0 0
7950 150 0 0 0 0 0 0 0 0 96 96 0 0 0
7951 46 0 0 0 0 0 0 0 0 96 96 0 0 0
7952 119 0 0 0 0 0 0 0 0 96 96 0 0 1
7953 111 0 0 0 0 0 0 0 0 96 96 0 0 2
7954 114 0 0 0 0 0 0 0 0 96 96 0 0 3
7955 100 0 0 0 0 0 0 0 0 96 96 0 0 4
7956 50 1 4155777060 0 0 15 0 0 0 96 96 0 0 0
7957 49 1 4155777060 0 0 15 0 0 0 96 96 0 0 0
7958 32 2 105249 131072 0 15 0 0 0 96 96 0 0 0
7959 97 2 105249 131072 0 15 0 0 0 96 96 0 0 1
7960 110 2 105249 131072 0 15 0 0 0 96 96 0 0 2
7961 111 2 105249 131072 0 15 0 0 0 96 96 0 0 3
7962 116 2 105249 131072 0 15 0 0 0 96 96 0 0 4
7963 104 2 105249 131072 0 15 0 0 0 96 96 0 0 5
7964 101 2 105249 131072 0 15 0 0 0 96 96 0 0 6
7965 114 2 105249 131072 0 15 0 0 0 96 96 0 0 7
7966 32 3 91021800 0 0 255 0 0 0 96 96 0 0 0
7967 91 3 91021800 0 0 255 0 0 0 96 91 0 0 0
7968 91 3 91021800 0 0 255 0 0 0 96 91 0 0 0
7969 65 3 91021800 0 0 255 0 0 0 96 91 0 0 0
7970 110 3 91021800 0 0 255 0 0 0 96 91 0 0 1
7971 110 3 91021800 0 0 255 0 0 0 96 91 0 0 2
7972 97 3 91021800 0 0 255 0 0 0 96 91 0 0 3
7973 93 4 2815940769 0 0 4095 0 0 0 96 91 0 0 0
7974 93 4 2815940769 0 0 4095 0 0 0 96 96 0 0 0
7975 32 4 2815940769 0 0 4095 0 0 0 96 96 0 0 0
7976 119 4 2815940769 0 0 4095 0 0 0 96 96 0 0 1
7977 97 4 2815940769 0 0 4095 0 0 0 96 96 0 0 2
7978 115 4 2815940769 0 0 4095 0 0 0 96 96 0 0 3
7979 32 5 3453292883 1 0 65521 3453292883 0 0 96 96 0 0 0
7980 97 5 3453292883 1 0 65521 3453292883 0 0 96 96 0 0 1
7981 32 6 1950627777 16384 0 1048342 3453292883 0 0 96 96 0 0 0
7982 39 6 1950627777 16384 0 1048342 3453292883 0 0 96 96 0 0 1
7983 39 7 1950627719 0 0 16773487 3453292883 0 0 96 96 0 0 0
7984 39 7 1950627719 0 0 16773487 3453292883 0 0 96 96 0 0 0
7985 113 7 1950627719 0 0 16773487 3453292883 0 0 96 96 0 0 1
7986 117 7 1950627719 0 0 16773487 3453292883 0 0 96 96 0 0 2
7987 101 7 1950627719 0 0 16773487 3453292883 0 0 96 96 0 0 3
7988 101 7 1950627719 0 0 16773487 3453292883 0 0 96 96 0 0 4
7989 110 7 1950627719 0 0 16773487 3453292883 0 0 96 96 0 0 5
7990 39 7 1950627719 0 0 16773487 3453292883 0 0 96 96 0 0 6
7991 39 8 3278097614 8 0 268375802 3453292883 0 0 96 96 0 0 0
7992 39 8 3278097614 8 0 268375802 3453292883 0 0 96 96 0 0 0
7993 32 8 3278097614 8 0 268375802 3453292883 0 0 96 96 0 0 0
7994 111 8 3278097614 8 0 268375802 3453292883 0 0 96 96 0 0 1
7995 102 8 3278097614 8 0 268375802 3453292883 0 0 96 96 0 0 2
7996 32 9 1118483846 65536 0 4294012840 3453292883 0 0 96 96 0 0 0
7997 91 9 1118483846 65536 0 4294012840 3453292883 0 0 96 91 0 0 0
7998 91 9 1118483846 65536 0 4294012840 3453292883 0 0 96 91 0 0 0
7999 70 9 1118483846 65536 0 4294012840 3453292883 0 0 96 91 0 0 0
8000 114 9 1118483846 65536 0 4294012840 3453292883 0 0 96 91 0 0 1
8001 97 9 1118483846 65536 0 4294012840 3453292883 0 0 96 91 0 0 2
8002 110 9 1118483846 65536 0 4294012840 3453292883 0 0 96 91 0 0 3
8003 99 9 1118483846 65536 0 4294012840 3453292883 0 0 96 91 0 0 4
8004 101 9 1118483846 65536 0 4294012840 3453292883 0 0 96 91 0 0 5
8005 93 10 3384763555 0 0 4279696015 3453292883 0 0 96 91 0 0 0
8006 93 10 3384763555 0 0 4279696015 3453292883 0 0 96 96 0 0 0
8007 32 10 3384763555 0 0 4279696015 3453292883 0 0 96 96 0 0 0
8008 105 10 3384763555 0 0 4279696015 3453292883 0 0 96 96 0 0 1
8009 110 10 3384763555 0 0 4279696015 3453292883 0 0 96 96 0 0 2
8010 32 11 1118433358 65536 0 4050626808 3453292883 0 0 96 96 0 0 0
8011 49 11 1118433358 65536 0 4050626808 3453292883 0 0 96 96 0 0 0
8012 55 11 1118433358 65536 0 4050626808 3453292883 0 0 96 96 0 0 0
8013 56 11 1118433358 65536 0 4050626808 3453292883 0 0 96 96 0 0 0
8014 57 11 1118433358 65536 0 4050626808 3453292883 0 0 96 96 0 0 0
8015 46 0 0 0 0 385519488 3453292883 0 0 96 96 0 0 0
8016 10 0 0 0 0 0 0 0 0 0 96 0 0 0
8017 61 0 0 0 0 0 0 0 0 61 96 0 0 0
8018 61 0 0 0 0 0 0 0 0 61 96 0 0 0
8019 32 0 0 0 0 0 0 0 0 61 96 0 0 0
8020 72 0 0 0 0 0 0 0 0 61 96 0 0 0
8021 105 0 0 0 0 0 0 0 0 61 96 0 0 1
8022 115 0 0 0 0 0 0 0 0 61 96 0 0 2
8023 116 0 0 0 0 0 0 0 0 61 96 0 0 3
8024 111 0 0 0 0 0 0 0 0 61 96 0 0 4
8025 114 0 0 0 0 0 0 0 0 61 96 0 0 5
8026 121 0 0 0 0 0 0 0 0 61 96 0 0 6
8027 32 1 1469161513 0 0 15 0 0 0 61 96 0 0 0
8028 61 1 1469161513 0 0 15 0 0 0 61 96 0 0 0
8029 61 1 1469161513 0 0 15 0 0 0 61 96 0 0 0
8030 10 0 0 0 0 0 0 0 0 0 96 0 0 0
8031 42 0 0 0 0 0 0 0 0 42 42 0 0 0
8032 32 0 0 0 0 0 0 0 0 42 42 0 0 0
8033 105 0 0 0 0 0 0 0 0 96 42 0 0 1
8034 116 0 0 0 0 0 0 0 0 96 42 0 0 2
8035 101 0 0 0 0 0 0 0 0 96 42 0 0 3
8036 109 0 0 0 0 0 0 0 0 96 42 0 0 4
8037 32 1 4268574925 0 0 15 0 0 0 96 42 0 0 0
8038 111 1 4268574925 0 0 15 0 0 0 96 42 0 0 1
8039 110 1 4268574925 0 0 15 0 0 0 96 42 0 0 2
8040 101 1 4268574925 0 0 15 0 0 0 96 42 0 0 3
8041 32 2 2886769829 131072 0 254 0 0 0 96 42 0 0 0
8042 40 2 2886769829 131072 0 254 0 0 0 96 42 0 0 0
8043 102 2 2886769829 131072 0 254 0 0 0 96 42 0 0 1
8044 105 2 2886769829 131072 0 254 0 0 0 96 42 0 0 2
8045 114 2 2886769829 131072 0 254 0 0 0 96 42 0 0 3
8046 115 2 2886769829 131072 0 254 0 0 0 96 42 0 0 4
8047 116 2 2886769829 131072 0 254 0 0 0 96 42 0 0 5
8048 41 2 2886769829 131072 0 65264 0 0 0 96 42 0 0 0
8049 10 0 0 0 0 0 0 0 0 0 42 0 0 0
8050 42 0 0 0 0 0 0 0 0 42 42 0 0 0
8051 32 0 0 0 0 0 0 0 0 42 42 0 0 0
8052 105 0 0 0 0 0 0 0 0 96 42 0 0 1
8053 116 0 0 0 0 0 0 0 0 96 42 0 0 2
8054 101 0 0 0 0 0 0 0 0 96 42 0 0 3
8055 109 0 0 0 0 0 0 0 0 96 42 0 0 4
8056 32 1 4268574925 0 0 15 0 0 0 96 42 0 0 0
8057 116 1 4268574925 0 0 15 0 0 0 96 42 0 0 1
8058 119 1 4268574925 0 0 15 0 0 0 96 42 0 0 2
8059 111 1 4268574925 0 0 15 0 0 0 96 42 0 0 3
8060 32 2 3240990863 131072 0 254 0 0 0 96 42 0 0 0
8061 91 2 3240990863 131072 0 254 0 0 0 96 91 0 0 0
8062 104 2 3240990863 131072 0 254 0 0 0 96 91 0 0 1
8063 116 2 3240990863 131072 0 254 0 0 0 96 91 0 0 2
8064 116 2 3240990863 131072 0 254 0 0 0 96 91 0 0 3
8065 112 2 3240990863 131072 0 254 0 0 0 96 91 0 0 4
8066 58 3 876852720 0 0 4079 0 0 0 96 91 0 0 0
8067 47 3 876852720 0 0 4079 0 0 0 96 91 0 0 0
8068 47 3 876852720 0 0 4079 0 0 0 96 91 0 0 0
8069 101 3 876852720 0 0 4079 0 0 0 96 91 0 0 1
8070 120 3 876852720 0 0 4079 0 0 0 96 91 0 0 2
8071 97 3 876852720 0 0 4079 0 0 0 96 91 0 0 3
8072 109 3 876852720 0 0 4079 0 0 0 96 91 0 0 4
8073 112 3 876852720 0 0 4079 0 0 0 96 91 0 0 5
8074 108 3 876852720 0 0 4079 0 0 0 96 91 0 0 6
8075 101 3 876852720 0 0 4079 0 0 0 96 91 0 0 7
8076 46 4 3291829868 0 0 1044464 0 0 0 96 91 0 0 0
8077 111 4 3291829868 0 0 1044464 0 0 0 96 91 0 0 1
8078 114 4 3291829868 0 0 1044464 0 0 0 96 91 0 0 2
8079 103 4 3291829868 0 0 1044464 0 0 0 96 91 0 0 3
8080 32 5 2886803495 0 0 16711439 0 0 0 96 91 0 0 0
8081 108 5 2886803495 0 0 16711439 0 0 0 96 91 0 0 1
8082 105 5 2886803495 0 0 16711439 0 0 0 96 91 0 0 2
8083 110 5 2886803495 0 0 16711439 0 0 0 96 91 0 0 3
8084 107 5 2886803495 0 0 16711439 0 0 0 96 91 0 0 4
8085 93 6 780174507 0 0 267383039 0 0 0 96 42 0 0 0
8086 32 6 780174507 0 0 267383039 0 0 1 64 42 0 0 0
8087 116 6 780174507 0 0 267383039 0 0 1 64 42 0 0 1
8088 101 6 780174507 0 0 267383039 0 0 1 64 42 0 0 2
8089 120 6 780174507 0 0 267383039 0 0 1 64 42 0 0 3
8090 116 6 780174507 0 0 267383039 0 0 1 64 42 0 0 4
8091 10 0 0 0 0 0 0 0 0 0 42 0 0 0
8092 84 0 0 0 0 0 0 0 0 84 42 0 0 0
8093 104 0 0 0 0 0 0 0 0 84 42 0 0 1
8094 101 0 0 0 0 0 0 0 0 84 42 0 0 2
8095 32 1 1118424933 2048 0 4 0 0 0 84 42 0 0 0
8096 123 1 1118424933 2048 0 4 0 0 0 84 42 0 0 0
8097 123 1 1118424933 2048 0 4 0 0 0 84 42 0 0 0
8098 99 1 1118424933 2048 0 4 0 0 0 84 42 0 0 1
8099 105 1 1118424933 2048 0 4 0 0 0 84 42 0 0 2
8100 116 1 1118424933 2048 0 4 0 0 0 84 42 0 0 3
8101 101 1 1118424933 2048 0 4 0 0 0 84 42 0 0 4
8102 124 2 318360037 0 0 79 0 0 0 84 42 0 0 0
8103 121 2 318360037 0 0 79 0 0 0 84 42 0 0 1
8104 101 2 318360037 0 0 79 0 0 0 84 42 0 0 2
8105 97 2 318360037 0 0 79 0 0 0 84 42 0 0 3
8106 114 2 318360037 0 0 79 0 0 0 84 42 0 0 4
8107 61 3 1641105746 0 0 1279 0 0 0 84 42 0 0 0
8108 49 3 1641105746 0 0 1279 0 0 0 84 42 0 0 0
8109 56 3 1641105746 0 0 1279 0 0 0 84 42 0 0 0
8110 48 3 1641105746 0 0 1279 0 0 0 84 42 0 0 0
8111 49 3 1641105746 0 0 1279 0 0 0 84 42 0 0 0
8112 125 4 1368491697 131072 0 1279 0 0 0 84 42 0 0 0
8113 125 4 1368491697 131072 0 1279 0 0 0 84 42 0 0 0
8114 32 4 1368491697 131072 0 1279 0 0 0 84 42 0 0 0
8115 115 4 1368491697 131072 0 1279 0 0 0 84 42 0 0 1
8116 97 4 1368491697 131072 0 1279 0 0 0 84 42 0 0 2
8117 105 4 1368491697 131072 0 1279 0 0 0 84 42 0 0 3
8118 100 4 1368491697 131072 0 1279 0 0 0 84 42 0 0 4
8119 58 5 2481602628 0 0 20479 0 0 0 84 42 0 0 0
8120 32 5 2481602628 0 0 20479 0 0 0 84 42 0 0 0
8121 34 5 2481602628 0 0 20479 0 0 0 84 42 0 0 0
8122 104 5 2481602628 0 0 20479 0 0 0 84 42 0 0 1
8123 101 5 2481602628 0 0 20479 0 0 0 84 42 0 0 2
8124 108 5 2481602628 0 0 20479 0 0 0 84 42 0 0 3
8125 108 5 2481602628 0 0 20479 0 0 0 84 42 0 0 4
8126 111 5 2481602628 0 0 20479 0 0 0 84 42 0 0 5
8127 44 6 933891823 0 0 327679 0 0 0 84 42 0 0 0
8128 32 6 933891823 0 0 327679 0 0 0 84 42 0 0 0
8129 119 6 933891823 0 0 327679 0 0 0 84 42 0 0 1
8130 111 6 933891823 0 0 327679 0 0 0 84 42 0 0 2
8131 114 6 933891823 0 0 327679 0 0 0 84 42 0 0 3
8132 108 6 933891823 0 0 327679 0 0 0 84 42 0 0 4
8133 100 6 933891823 0 0 327679 0 0 0 84 42 0 0 5
8134 33 7 1101113060 0 0 5242879 0 0 0 84 42 0 0 0
8135 34 7 1101113060 0 0 5242879 0 0 0 84 42 0 0 0
8136 10 0 0 0 0 0 0 0 0 0 42 0 0 0
8137 60 0 0 0 0 0 0 0 0 60 42 0 0 0
8138 114 0 0 0 0 0 0 0 0 60 42 0 0 1
8139 101 0 0 0 0 0 0 0 0 60 42 0 0 2
8140 102 0 0 0 0 0 0 0 0 60 42 0 0 3
8141 62 1 3099181254 0 0 15 0 0 0 60 42 0 0 0
8142 110 1 3099181254 0 0 15 0 0 0 60 42 0 0 1
8143 111 1 3099181254 0 0 15 0 0 0 60 42 0 0 2
8144 116 1 3099181254 0 0 15 0 0 0 60 42 0 0 3
8145 101 1 3099181254 0 0 15 0 0 0 60 42 0 0 4
8146 32 2 3693928933 0 0 255 0 0 0 60 42 0 0 0
8147 49 2 3693928933 0 0 255 0 0 0 60 42 0 0 0
8148 50 2 3693928933 0 0 255 0 0 0 60 42 0 0 0
8149 44 3 103146 131072 0 255 0 0 0 60 42 0 0 0
8150 51 3 103146 131072 0 255 0 0 0 60 42 0 0 0
8151 52 3 103146 131072 0 255 0 0 0 60 42 0 0 0
8152 53 3 103146 131072 0 255 0 0 0 60 42 0 0 0
8153 46 0 0 0 0 4080 0 0 0 60 42 0 0 0
8154 54 0 0 0 0 4080 0 0 0 60 42 0 0 0
8155 55 0 0 0 0 4080 0 0 0 60 42 0 0 0
8156 32 1 113671 131072 0 4080 0 0 0 60 42 0 0 0
8157 104 1 113671 131072 0 4080 0 0 0 60 42 0 0 1
8158 101 1 113671 131072 0 4080 0 0 0 60 42 0 0 2
8159 114 1 113671 131072 0 4080 0 0 0 60 42 0 0 3
8160 101 1 113671 131072 0 4080 0 0 0 60 42 0 0 4
8161 60 2 4109367333 0 0 65295 0 0 0 60 42 0 0 0
8162 47 2 4109367333 0 0 65295 0 0 0 60 42 0 0 0
8163 114 2 4109367333 0 0 65295 0 0 0 60 42 0 0 1
8164 101 2 4109367333 0 0 65295 0 0 0 60 42 0 0 2
8165 102 2 4109367333 0 0 65295 0 0 0 60 42 0 0 3
8166 62 3 3099181254 0 0 1044735 0 0 0 60 42 0 0 0
8167 10 0 0 0 0 0 0 0 0 0 42 0 0 0
8168 65 0 0 0 0 0 0 0 0 65 42 0 0 0
8169 32 0 0 0 0 0 0 0 0 65 42 0 0 0
8170 108 0 0 0 0 0 0 0 0 65 42 0 0 1
8171 105 0 0 0 0 0 0 0 0 65 42 0 0 2
8172 110 0 0 0 0 0 0 0 0 65 42 0 0 3
8173 101 0 0 0 0 0 0 0 0 65 42 0 0 4
8174 32 1 780174501 0 0 15 0 0 0 65 42 0 0 0
8175 119 1 780174501 0 0 15 0 0 0 65 42 0 0 1
8176 105 1 780174501 0 0 15 0 0 0 65 42 0 0 2
8177 116 1 780174501 0 0 15 0 0 0 65 42 0 0 3
8178 104 1 780174501 0 0 15 0 0 0 65 42 0 0 4
8179 32 2 3730819560 65536 0 248 0 0 0 65 42 0 0 0
8180 110 2 3730819560 65536 0 248 0 0 0 65 42 0 0 1
8181 117 2 3730819560 65536 0 248 0 0 0 65 42 0 0 2
8182 109 2 3730819560 65536 0 248 0 0 0 65 42 0 0 3
8183 98 2 3730819560 65536 0 248 0 0 0 65 42 0 0 4
8184 101 2 3730819560 65536 0 248 0 0 0 65 42 0 0 5
8185 114 2 3730819560 65536 0 248 0 0 0 65 42 0 0 6
8186 115 2 3730819560 65536 0 248 0 0 0 65 42 0 0 7
8187 32 3 3416096978 8 0 3978 0 0 0 65 42 0 0 0
8188 52 3 3416096978 8 0 3978 0 0 0 65 42 0 0 0
8189 50 3 3416096978 8 0 3978 0 0 0 65 42 0 0 0
8190 32 4 109458 131072 0 3978 0 0 0 65 42 0 0 0
8191 97 4 109458 131072 0 3978 0 0 0 65 42 0 0 1
8192 110 4 109458 131072 0 3978 0 0 0 65 42 0 0 2
8193 100 4 109458 131072 0 3978 0 0 0 65 42 0 0 3
8194 32 5 1895163044 32768 0 63655 0 0 0 65 42 0 0 0
8195 51 5 1895163044 32768 0 63655 0 0 0 65 42 0 0 0
8196 46 0 0 0 0 1018480 0 0 0 65 42 0 0 0
8197 49 0 0 0 0 1018480 0 0 0 65 42 0 0 0
8198 52 0 0 0 0 1018480 0 0 0 65 42 0 0 0
8199 32 1 103148 131072 0 1018480 0 0 0 65 42 0 0 0
8200 97 1 103148 131072 0 1018480 0 0 0 65 42 0 0 1
8201 110 1 103148 131072 0 1018480 0 0 0 65 42 0 0 2
8202 100 1 103148 131072 0 1018480 0 0 0 65 42 0 0 3
8203 32 2 1895163044 32768 0 16295687 0 0 0 65 42 0 0 0
8204 49 2 1895163044 32768 0 16295687 0 0 0 65 42 0 0 0
8205 44 3 49 131072 0 16295687 0 0 0 65 42 0 0 0
8206 48 3 49 131072 0 16295687 0 0 0 65 42 0 0 0
8207 48 3 49 131072 0 16295687 0 0 0 65 42 0 0 0
8208 48 3 49 131072 0 16295687 0 0 0 65 42 0 0 0
8209 46 0 0 0 0 260730992 0 0 0 65 42 0 0 0
8210 10 0 0 0 0 0 0 0 0 0 42 0 0 0
8211 38 0 0 0 0 0 0 0 0 38 42 0 0 0
8212 110 0 0 0 0 0 0 0 0 38 42 0 0 1
8213 98 0 0 0 0 0 0 0 0 38 42 0 0 2
8214 115 0 0 0 0 0 0 0 0 38 42 0 0 3
8215 112 0 0 0 0 0 0 0 0 38 42 0 0 4
8216 59 1 2773142800 0 0 15 0 0 0 38 42 0 0 0
8217 32 1 2773142800 0 0 15 0 0 0 38 42 0 0 0
8218 115 1 2773142800 0 0 15 0 0 0 38 42 0 0 1
8219 111 1 2773142800 0 0 15 0 0 0 38 42 0 0 2
8220 109 1 2773142800 0 0 15 0 0 0 38 42 0 0 3
8221 101 1 2773142800 0 0 15 0 0 0 38 42 0 0 4
8222 32 2 3473243077 0 0 255 0 0 0 38 42 0 0 0
8223 38 2 3473243077 0 0 255 0 0 0 38 42 0 0 0
8224 97 2 3473243077 0 0 255 0 0 0 38 42 0 0 1
8225 109 2 3473243077 0 0 255 0 0 0 38 42 0 0 2
8226 112 2 3473243077 0 0 255 0 0 0 38 42 0 0 3
8227 59 3 1895154640 0 0 4095 0 0 0 38 42 0 0 0
8228 32 3 1895154640 0 0 4095 0 0 0 38 42 0 0 0
8229 101 3 1895154640 0 0 4095 0 0 0 38 42 0 0 1
8230 110 3 1895154640 0 0 4095 0 0 0 38 42 0 0 2
8231 116 3 1895154640 0 0 4095 0 0 0 38 42 0 0 3
8232 105 3 1895154640 0 0 4095 0 0 0 38 42 0 0 4
8233 116 3 1895154640 0 0 4095 0 0 0 38 42 0 0 5
8234 105 3 1895154640 0 0 4095 0 0 0 38 42 0 0 6
8235 101 3 1895154640 0 0 4095 0 0 0 38 42 0 0 7
8236 115 3 1895154640 0 0 4095 0 0 0 38 42 0 0 8
8237 32 4 1475168745 8 0 65530 0 0 0 38 42 0 0 0
8238 38 4 1475168745 8 0 65530 0 0 0 38 42 0 0 0
8239 108 4 1475168745 8 0 65530 0 0 0 38 42 0 0 1
8240 116 4 1475168745 8 0 65530 0 0 0 38 42 0 0 2
8241 59 5 1118458612 0 0 1048495 0 0 0 38 42 0 0 0
8242 116 5 1118458612 0 0 1048495 0 0 0 38 42 0 0 1
8243 97 5 1118458612 0 0 1048495 0 0 0 38 42 0 0 2
8244 103 5 1118458612 0 0 1048495 0 0 0 38 42 0 0 3
8245 38 6 3240805703 0 0 16775935 0 0 0 38 42 0 0 0
8246 103 6 3240805703 0 0 16775935 0 0 0 38 42 0 0 1
8247 116 6 3240805703 0 0 16775935 0 0 0 38 42 0 0 2
8248 59 7 1118416532 0 0 268414975 0 0 0 38 42 0 0 0
8249 10 0 0 0 0 0 0 0 0 0 42 0 0 0
8250 100 0 0 0 0 0 0 0 0 96 96 0 0 1
8251 111 0 0 0 0 0 0 0 0 96 96 0 0 2
8252 110 0 0 0 0 0 0 0 0 96 96 0 0 3
8253 39 0 0 0 0 0 0 0 0 96 96 0 0 4
8254 116 0 0 0 0 0 0 0 0 96 96 0 0 5
8255 32 1 1118391279 1024 0 13 0 0 0 96 96 0 0 0
8256 99 1 1118391279 1024 0 13 0 0 0 96 96 0 0 1
8257 97 1 1118391279 1024 0 13 0 0 0 96 96 0 0 2
8258 110 1 1118391279 1024 0 13 0 0 0 96 96 0 0 3
8259 39 1 1118391279 1024 0 13 0 0 0 96 96 0 0 4
8260 116 1 1118391279 1024 0 13 0 0 0 96 96 0 0 5
8261 32 2 2036711758 1024 0 221 0 0 0 96 96 0 0 0
8262 105 2 2036711758 1024 0 221 0 0 0 96 96 0 0 1
8263 116 2 2036711758 1024 0 221 0 0 0 96 96 0 0 2
8264 39 2 2036711758 1024 0 221 0 0 0 96 96 0 0 3
8265 115 2 2036711758 1024 0 221 0 0 0 96 96 0 0 4
8266 32 3 1118433364 1048584 0 3546 0 0 0 96 96 0 0 0
8267 116 3 1118433364 1048584 0 3546 0 0 0 96 96 0 0 1
8268 104 3 1118433364 1048584 0 3546 0 0 0 96 96 0 0 2
8269 101 3 1118433364 1048584 0 3546 0 0 0 96 96 0 0 3
8270 32 4 3240864613 16384 0 56742 0 0 0 96 96 0 0 0
8271 99 4 3240864613 16384 0 56742 0 0 0 96 96 0 0 1
8272 97 4 3240864613 16384 0 56742 0 0 0 96 96 0 0 2
8273 116 4 3240864613 16384 0 56742 0 0 0 96 96 0 0 3
8274 32 4 2036711764 2 0 907874 0 0 0 96 96 0 0 0
8275 115 4 2036711764 2 0 907874 0 0 0 96 96 0 0 1
8276 97 4 2036711764 2 0 907874 0 0 0 96 96 0 0 2
8277 116 4 2036711764 2 0 907874 0 0 0 96 96 0 0 3
8278 32 5 3169976660 0 0 14525999 0 0 0 96 96 0 0 0
8279 111 5 3169976660 0 0 14525999 0 0 0 96 96 0 0 1
8280 110 5 3169976660 0 0 14525999 0 0 0 96 96 0 0 2
8281 32 6 1118483854 65536 0 232415992 0 0 0 96 96 0 0 0
8282 116 6 1118483854 65536 0 232415992 0 0 0 96 96 0 0 1
8283 104 6 1118483854 65536 0 232415992 0 0 0 96 96 0 0 2
8284 101 6 1118483854 65536 0 232415992 0 0 0 96 96 0 0 3
8285 32 7 3240864613 16384 0 3718655878 0 0 0 96 96 0 0 0
8286 109 7 3240864613 16384 0 3718655878 0 0 0 96 96 0 0 1
8287 97 7 3240864613 16384 0 3718655878 0 0 0 96 96 0 0 2
8288 116 7 3240864613 16384 0 3718655878 0 0 0 96 96 0 0 3
8289 46 0 0 0 0 2788132384 0 0 0 96 96 0 0 0
8290 10 0 0 0 0 0 0 0 0 0 96 0 0 0
8291 209 0 0 0 0 0 0 0 0 96 96 0 0 0
8292 251 0 0 0 0 0 0 0 0 96 96 0 0 0
8293 46 0 0 0 0 0 0 0 0 96 96 0 0 0
8294 207 0 0 0 0 0 0 0 0 96 96 0 0 0
8295 218 0 0 0 0 0 0 0 0 96 96 0 0 0
8296 174 0 0 0 0 0 0 0 0 96 96 0 0 0
8297 46 0 0 0 0 0 0 0 0 96 96 0 0 0
8298 154 0 0 0 0 0 0 0 0 96 96 0 0 0
8299 44 0 0 0 0 0 0 0 0 96 96 0 0 0
8300 245 0 0 0 0 0 0 0 0 96 96 0 0 0
8301 243 0 0 0 0 0 0 0 0 96 96 0 0 0
8302 10 0 0 0 0 0 0 0 0 0 96 0 0 0
8303 185 0 0 0 0 0 0 0 0 96 96 0 0 0
8304 190 0 0 0 0 0 0 0 0 96 96 0 0 0
8305 46 0 0 0 0 0 0 0 0 96 96 0 0 0
8306 209 0 0 0 0 0 0 0 0 96 96 0 0 0
8307 239 0 0 0 0 0 0 0 0 96 96 0 0 0
8308 44 0 0 0 0 0 0 0 0 96 96 0 0 0
8309 152 0 0 0 0 0 0 0 0 96 96 0 0 0
8310 134 0 0 0 0 0 0 0 0 96 96 0 0 0
8311 218 0 0 0 0 0 0 0 0 96 96 0 0 0
8312 44 0 0 0 0 0 0 0 0 96 96 0 0 0
8313 190 0 0 0 0 0 0 0 0 96 96 0 0 0
8314 32 0 0 0 0 0 0 0 0 96 96 0 0 0
8315 119 0 0 0 0 0 0 0 0 96 96 0 0 1
8316 111 0 0 0 0 0 0 0 0 96 96 0 0 2
8317 114 0 0 0 0 0 0 0 0 96 96 0 0 3
8318 100 0 0 0 0 0 0 0 0 96 96 0 0 4
8319 50 1 4155777060 0 0 15 0 0 0 96 96 0 0 0
8320 50 1 4155777060 0 0 15 0 0 0 96 96 0 0 0
8321 32 2 105250 131072 0 15 0 0 0 96 96 0 0 0
8322 97 2 105250 131072 0 15 0 0 0 96 96 0 0 1
8323 110 2 105250 131072 0 15 0 0 0 96 96 0 0 2
8324 111 2 105250 131072 0 15 0 0 0 96 96 0 0 3
8325 116 2 105250 131072 0 15 0 0 0 96 96 0 0 4
8326 104 2 105250 131072 0 15 0 0 0 96 96 0 0 5
8327 101 2 105250 131072 0 15 0 0 0 96 96 0 0 6
8328 114 2 105250 131072 0 15 0 0 0 96 96 0 0 7
8329 32 3 91021800 0 0 255 0 0 0 96 96 0 0 0
8330 91 3 91021800 0 0 255 0 0 0 96 91 0 0 0
8331 91 3 91021800 0 0 255 0 0 0 96 91 0 0 0
8332 65 3 91021800 0 0 255 0 0 0 96 91 0 0 0
8333 110 3 91021800 0 0 255 0 0 0 96 91 0 0 1
8334 110 3 91021800 0 0 255 0 0 0 96 91 0 0 2
8335 97 3 91021800 0 0 255 0 0 0 96 91 0 0 3
8336 93 4 2815940769 0 0 4095 0 0 0 96 91 0 0 0
8337 93 4 2815940769 0 0 4095 0 0 0 96 96 0 0 0
8338 32 4 2815940769 0 0 4095 0 0 0 96 96 0 0 0
8339 119 4 2815940769 0 0 4095 0 0 0 96 96 0 0 1
8340 97 4 2815940769 0 0 4095 0 0 0 96 96 0 0 2
8341 115 4 2815940769 0 0 4095 0 0 0 96 96 0 0 3
8342 32 5 3453292883 1 0 65521 3453292883 0 0 96 96 0 0 0
8343 97 5 3453292883 1 0 65521 3453292883 0 0 96 96 0 0 1
8344 32 6 1950627777 16384 0 1048342 3453292883 0 0 96 96 0 0 0
8345 39 6 1950627777 16384 0 1048342 3453292883 0 0 96 96 0 0 1
8346 39 7 1950627719 0 0 16773487 3453292883 0 0 96 96 0 0 0
8347 39 7 1950627719 0 0 16773487 3453292883 0 0 96 96 0 0 0
8348 113 7 1950627719 0 0 16773487 3453292883 0 0 96 96 0 0 1
8349 117 7 1950627719 0 0 16773487 3453292883 0 0 96 96 0 0 2
8350 101 7 1950627719 0 0 16773487 3453292883 0 0 96 96 0 0 3
8351 101 7 1950627719 0 0 16773487 3453292883 0 0 96 96 0 0 4
8352 110 7 1950627719 0 0 16773487 3453292883 0 0 96 96 0 0 5
8353 39 7 1950627719 0 0 16773487 3453292883 0 0 96 96 0 0 6
8354 39 8 3278097614 8 0 268375802 3453292883 0 0 96 96 0 0 0
8355 39 8 3278097614 8 0 268375802 3453292883 0 0 96 96 0 0 0
8356 32 8 3278097614 8 0 268375802 3453292883 0 0 96 96 0 0 0
8357 111 8 3278097614 8 0 268375802 3453292883 0 0 96 96 0 0 1
8358 102 8 3278097614 8 0 268375802 3453292883 0 0 96 96 0 0 2
8359 32 9 1118483846 65536 0 4294012840 3453292883 0 0 96 96 0 0 0
8360 91 9 1118483846 65536 0 4294012840 3453292883 0 0 96 91 0 0 0
8361 91 9 1118483846 65536 0 4294012840 3453292883 0 0 96 91 0 0 0
8362 70 9 1118483846 65536 0 4294012840 3453292883 0 0 96 91 0 0 0
8363 114 9 1118483846 65536 0 4294012840 3453292883 0 0 96 91 0 0 1
8364 97 9 1118483846 65536 0 4294012840 3453292883 0 0 96 91 0 0 2
8365 110 9 1118483846 65536 0 4294012840 3453292883 0 0 96 91 0 0 3
8366 99 9 1118483846 65536 0 4294012840 3453292883 0 0 96 91 0 0 4
8367 101 9 1118483846 65536 0 4294012840 3453292883 0 0 96 91 0 0 5
8368 93 10 3384763555 0 0 4279696015 3453292883 0 0 96 91 0 0 0
8369 93 10 3384763555 0 0 4279696015 3453292883 0 0 96 96 0 0 0
8370 32 10 3384763555 0 0 4279696015 3453292883 0 0 96 96 0 0 0
8371 105 10 3384763555 0 0 4279696015 3453292883 0 0 96 96 0 0 1
8372 110 10 3384763555 0 0 4279696015 3453292883 0 0 96 96 0 0 2
8373 32 11 1118433358 65536 0 4050626808 3453292883 0 0 96 96 0 0 0
8374 49 11 1118433358 65536 0 4050626808 3453292883 0 0 96 96 0 0 0
8375 55 11 1118433358 65536 0 4050626808 3453292883 0 0 96 96 0 0 0
8376 56 11 1118433358 65536 0 4050626808 3453292883 0 0 96 96 0 0 0
8377 57 11 1118433358 65536 0 4050626808 3453292883 0 0 96 96 0 0 0
8378 46 0 0 0 0 385519488 3453292883 0 0 96 96 0 0 0
8379 10 0 0 0 0 0 0 0 0 0 96 0 0 0
8380 61 0 0 0 0 0 0 0 0 61 96 0 0 0
8381 61 0 0 0 0 0 0 0 0 61 96 0 0 0
8382 32 0 0 0 0 0 0 0 0 61 96 0 0 0
8383 72 0 0 0 0 0 0 0 0 61 96 0 0 0
8384 105 0 0 0 0 0 0 0 0 61 96 0 0 1
8385 115 0 0 0 0 0 0 0 0 61 96 0 0 2
8386 116 0 0 0 0 0 0 0 0 61 96 0 0 3
8387 111 0 0 0 0 0 0 0 0 61 96 0 0 4
8388 114 0 0 0 0 0 0 0 0 61 96 0 0 5
8389 121 0 0 0 0 0 0 0 0 61 96 0 0 6
8390 32 1 1469161513 0 0 15 0 0 0 61 96 0 0 0
8391 61 1 1469161513 0 0 15 0 0 0 61 96 0 0 0
8392 61 1 1469161513 0 0 15 0 0 0 61 96 0 0 0
8393 10 0 0 0 0 0 0 0 0 0 96 0 0 0
8394 42 0 0 0 0 0 0 0 0 42 42 0 0 0
8395 32 0 0 0 0 0 0 0 0 42 42 0 0 0
8396 105 0 0 0 0 0 0 0 0 96 42 0 0 1
8397 116 0 0 0 0 0 0 0 0 96 42 0 0 2
8398 101 0 0 0 0 0 0 0 0 96 42 0 0 3
8399 109 0 0 0 0 0 0 0 0 96 42 0 0 4
8400 32 1 4268574925 0 0 15 0 0 0 96 42 0 0 0
8401 111 1 4268574925 0 0 15 0 0 0 96 42 0 0 1
8402 110 1 4268574925 0 0 15 0 0 0 96 42 0 0 2
8403 101 1 4268574925 0 0 15 0 0 0 96 42 0 0 3
8404 32 2 2886769829 131072 0 254 0 0 0 96 42 0 0 0
8405 40 2 2886769829 131072 0 254 0 0 0 96 42 0 0 0
8406 102 2 2886769829 131072 0 254 0 0 0 96 42 0 0 1
8407 105 2 2886769829 131072 0 254 0 0 0 96 42 0 0 2
8408 114 2 2886769829 131072 0 254 0 0 0 96 42 0 0 3
8409 115 2 2886769829 131072 0 254 0 0 0 96 42 0 0 4
8410 116 2 2886769829 131072 0 254 0 0 0 96 42 0 0 5
8411 41 2 2886769829 131072 0 65264 0 0 0 96 42 0 0 0
8412 10 0 0 0 0 0 0 0 0 0 42 0 0 0
8413 42 0 0 0 0 0 0 0 0 42 42 0 0 0
8414 32 0 0 0 0 0 0 0 0 42 42 0 0 0
8415 105 0 0 0 0 0 0 0 0 96 42 0 0 1
8416 116 0 0 0 0 0 0 0 0 96 42 0 0 2
8417 101 0 0 0 0 0 0 0 0 96 42 0 0 3
8418 109 0 0 0 0 0 0 0 0 96 42 0 0 4
8419 32 1 4268574925 0 0 15 0 0 0 96 42 0 0 0
8420 116 1 4268574925 0 0 15 0 0 0 96 42 0 0 1
8421 119 1 4268574925 0 0 15 0 0 0 96 42 0 0 2
8422 111 1 4268574925 0 0 15 0 0 0 96 42 0 0 3
8423 32 2 3240990863 131072 0 254 0 0 0 96 42 0 0 0
8424 91 2 3240990863 131072 0 254 0 0 0 96 91 0 0 0
8425 104 2 3240990863 131072 0 254 0 0 0 96 91 0 0 1
8426 116 2 3240990863 131072 0 254 0 0 0 96 91 0 0 2
8427 116 2 3240990863 131072 0 254 0 0 0 96 91 0 0 3
8428 112 2 3240990863 131072 0 254 0 0 0 96 91 0 0 4
8429 58 3 876852720 0 0 4079 0 0 0 96 91 0 0 0
8430 47 3 876852720 0 0 4079 0 0 0 96 91 0 0 0
8431 47 3 876852720 0 0 4079 0 0 0 96 91 0 0 0
8432 101 3 876852720 0 0 4079 0 0 0 96 91 0 0 1
8433 120 3 876852720 0 0 4079 0 0 0 96 91 0 0 2
8434 97 3 876852720 0 0 4079 0 0 0 96 91 0 0 3
8435 109 3 876852720 0 0 4079 0 0 0 96 91 0 0 4
8436 112 3 876852720 0 0 4079 0 0 0 96 91 0 0 5
8437 108 3 876852720 0 0 4079 0 0 0 96 91 0 0 6
8438 101 3 876852720 0 0 4079 0 0 0 96 91 0 0 7
8439 46 4 3291829868 0 0 1044464 0 0 0 96 91 0 0 0
8440 111 4 3291829868 0 0 1044464 0 0 0 96 91 0 0 1
8441 114 4 3291829868 0 0 1044464 0 0 0 96 91 0 0 2
8442 103 4 3291829868 0 0 1044464 0 0 0 96 91 0 0 3
8443 32 5 2886803495 0 0 16711439 0 0 0 96 91 0 0 0
8444 108 5 2886803495 0 0 16711439 0 0 0 96 91 0 0 1
8445 105 5 2886803495 0 0 16711439 0 0 0 96 91 0 0 2
8446 110 5 2886803495 0 0 16711439 0 0 0 96 91 0 0 3
8447 107 5 2886803495 0 0 16711439 0 0 0 96 91 0 0 4
8448 93 6 780174507 0 0 267383039 0 0 0 96 42 0 0 0
8449 32 6 780174507 0 0 267383039 0 0 1 64 42 0 0 0
8450 116 6 780174507 0 0 267383039 0 0 1 64 42 0 0 1
8451 101 6 780174507 0 0 267383039 0 0 1 64 42 0 0 2
8452 120 6 780174507 0 0 267383039 0 0 1 64 42 0 0 3
8453 116 6 780174507 0 0 267383039 0 0 1 64 42 0 0 4
8454 10 0 0 0 0 0 0 0 0 0 42 0 0 0
8455 84 0 0 0 0 0 0 0 0 84 42 0 0 0
8456 104 0 0 0 0 0 0 0 0 84 42 0 0 1
8457 101 0 0 0 0 0 0 0 0 84 42 0 0 2
8458 32 1 1118424933 2048 0 4 0 0 0 84 42 0 0 0
8459 123 1 1118424933 2048 0 4 0 0 0 84 42 0 0 0
8460 123 1 1118424933 2048 0 4 0 0 0 84 42 0 0 0
8461 99 1 1118424933 2048 0 4 0 0 0 84 42 0 0 1
8462 105 1 1118424933 2048 0 4 0 0 0 84 42 0 0 2
8463 116 1 1118424933 2048 0 4 0 0 0 84 42 0 0 3
8464 101 1 1118424933 2048 0 4 0 0 0 84 42 0 0 4
8465 124 2 318360037 0 0 79 0 0 0 84 42 0 0 0
8466 121 2 318360037 0 0 79 0 0 0 84 42 0 0 1
8467 101 2 318360037 0 0 79 0 0 0 84 42 0 0 2
8468 97 2 318360037 0 0 79 0 0 0 84 42 0 0 3
8469 114 2 318360037 0 0 79 0 0 0 84 42 0 0 4
8470 61 3 1641105746 0 0 1279 0 0 0 84 42 0 0 0
8471 49 3 1641105746 0 0 1279 0 0 0 84 42 0 0 0
8472 56 3 1641105746 0 0 1279 0 0 0 84 42 0 0 0
8473 48 3 1641105746 0 0 1279 0 0 0 84 42 0 0 0
8474 49 3 1641105746 0 0 1279 0 0 0 84 42 0 0 0
8475 125 4 1368491697 131072 0 1279 0 0 0 84 42 0 0 0
8476 125 4 1368491697 131072 0 1279 0 0 0 84 42 0 0 0
8477 32 4 1368491697 131072 0 1279 0 0 0 84 42 0 0 0
8478 115 4 1368491697 131072 0 1279 0 0 0 84 42 0 0 1
8479 97 4 1368491697 131072 0 1279 0 0 0 84 42 0 0 2
8480 105 4 1368491697 131072 0 1279 0 0 0 84 42 0 0 3
8481 100 4 1368491697 131072 0 1279 0 0 0 84 42 0 0 4
8482 58 5 2481602628 0 0 20479 0 0 0 84 42 0 0 0
8483 32 5 2481602628 0 0 20479 0 0 0 84 42 0 0 0
8484 34 5 2481602628 0 0 20479 0 0 0 84 42 0 0 0
8485 104 5 2481602628 0 0 20479 0 0 0 84 42 0 0 1
8486 101 5 2481602628 0 0 20479 0 0 0 84 42 0 0 2
8487 108 5 2481602628 0 0 20479 0 0 0 84 42 0 0 3
8488 108 5 2481602628 0 0 20479 0 0 0 84 42 0 0 4
8489 111 5 2481602628 0 0 20479 0 0 0 84 42 0 0 5
8490 44 6 933891823 0 0 327679 0 0 0 84 42 0 0 0
8491 32 6 933891823 0 0 327679 0 0 0 84 42 0 0 0
8492 119 6 933891823 0 0 327679 0 0 0 84 42 0 0 1
8493 111 6 933891823 0 0 327679 0 0 0 84 42 0 0 2
8494 114 6 933891823 0 0 327679 0 0 0 84 42 0 0 3
8495 108 6 933891823 0 0 327679 0 0 0 84 42 0 0 4
8496 100 6 933891823 0 0 327679 0 0 0 84 42 0 0 5
8497 33 7 1101113060 0 0 5242879 0 0 0 84 42 0 0 0
8498 34 7 1101113060 0 0 5242879 0 0 0 84 42 0 0 0
8499 10 0 0 0 0 0 0 0 0 0 42 0 0 0
8500 60 0 0 0 0 0 0 0 0 60 42 0 0 0
8501 114 0 0 0 0 0 0 0 0 60 42 0 0 1
8502 101 0 0 0 0 0 0 0 0 60 42 0 0 2
8503 102 0 0 0 0 0 0 0 0 60 42 0 0 3
8504 62 1 3099181254 0 0 15 0 0 0 60 42 0 0 0
8505 110 1 3099181254 0 0 15 0 0 0 60 42 0 0 1
8506 111 1 3099181254 0 0 15 0 0 0 60 42 0 0 2
8507 116 1 3099181254 0 0 15 0 0 0 60 42 0 0 3
8508 101 1 3099181254 0 0 15 0 0 0 60 42 0 0 4
8509 32 2 3693928933 0 0 255 0 0 0 60 42 0 0 0
8510 49 2 3693928933 0 0 255 0 0 0 60 42 0 0 0
8511 50 2 3693928933 0 0 255 0 0 0 60 42 0 0 0
8512 44 3 103146 131072 0 255 0 0 0 60 42 0 0 0
8513 51 3 103146 131072 0 255 0 0 0 60 42 0 0 0
8514 52 3 103146 131072 0 255 0 0 0 60 42 0 0 0
8515 53 3 103146 131072 0 255 0 0 0 60 42 0 0 0
8516 46 0 0 0 0 4080 0 0 0 60 42 0 0 0
8517 54 0 0 0 0 4080 0 0 0 60 42 0 0 0
8518 55 0 0 0 0 4080 0 0 0 60 42 0 0 0
8519 32 1 113671 131072 0 4080 0 0 0 60 42 0 0 0
8520 104 1 113671 131072 0 4080 0 0 0 60 42 0 0 1
8521 101 1 113671 131072 0 4080 0 0 0 60 42 0 0 2
8522 114 1 113671 131072 0 4080 0 0 0 60 42 0 0 3
8523 101 1 113671 131072 0 4080 0 0 0 60 42 0 0 4
8524 60 2 4109367333 0 0 65295 0 0 0 60 42 0 0 0
8525 47 2 4109367333 0 0 65295 0 0 0 60 42 0 0 0
8526 114 2 4109367333 0 0 65295 0 0 0 60 42 0 0 1
8527 101 2 4109367333 0 0 65295 0 0 0 60 42 0 0 2
8528 102 2 4109367333 0 0 65295 0 0 0 60 42 0 0 3
8529 62 3 3099181254 0 0 1044735 0 0 0 60 42 0 0 0
8530 10 0 0 0 0 0 0 0 0 0 42 0 0 0
8531 65 0 0 0 0 0 0 0 0 65 42 0 0 0
8532 32 0 0 0 0 0 0 0 0 65 42 0 0 0
8533 108 0 0 0 0 0 0 0 0 65 42 0 0 1
8534 105 0 0 0 0 0 0 0 0 65 42 0 0 2
8535 110 0 0 0 0 0 0 0 0 65 42 0 0 3
8536 101 0 0 0 0 0 0 0 0 65 42 0 0 4
8537 32 1 780174501 0 0 15 0 0 0 65 42 0 0 0
8538 119 1 780174501 0 0 15 0 0 0 65 42 0 0 1
8539 105 1 780174501 0 0 15 0 0 0 65 42 0 0 2
8540 116 1 780174501 0 0 15 0 0 0 65 42 0 0 3
8541 104 1 780174501 0 0 15 0 0 0 65 42 0 0 4
8542 32 2 3730819560 65536 0 248 0 0 0 65 42 0 0 0
8543 110 2 3730819560 65536 0 248 0 0 0 65 42 0 0 1
8544 117 2 3730819560 65536 0 248 0 0 0 65 42 0 0 2
8545 109 2 3730819560 65536 0 248 0 0 0 65 42 0 0 3
8546 98 2 3730819560 65536 0 248 0 0 0 65 42 0 0 4
8547 101 2 3730819560 65536 0 248 0 0 0 65 42 0 0 5
8548 114 2 3730819560 65536 0 248 0 0 0 65 42 0 0 6
8549 115 2 3730819560 65536 0 248 0 0 0 65 42 0 0 7
8550 32 3 3416096978 8 0 3978 0 0 0 65 42 0 0 0
8551 52 3 3416096978 8 0 3978 0 0 0 65 42 0 0 0
8552 50 3 3416096978 8 0 3978 0 0 0 65 42 0 0 0
8553 32 4 109458 131072 0 3978 0 0 0 65 42 0 0 0
8554 97 4 109458 131072 0 3978 0 0 0 65 42 0 0 1
8555 110 4 109458 131072 0 3978 0 0 0 65 42 0 0 2
8556 100 4 109458 131072 0 3978 0 0 0 65 42 0 0 3
8557 32 5 1895163044 32768 0 63655 0 0 0 65 42 0 0 0
8558 51 5 1895163044 32768 0 63655 0 0 0 65 42 0 0 0
8559 46 0 0 0 0 1018480 0 0 0 65 42 0 0 0
8560 49 0 0 0 0 1018480 0 0 0 65 42 0 0 0
8561 52 0 0 0 0 1018480 0 0 0 65 42 0 0 0
8562 32 1 103148 131072 0 1018480 0 0 0 65 42 0 0 0
8563 97 1 103148 131072 0 1018480 0 0 0 65 42 0 0 1
8564 110 1 103148 131072 0 1018480 0 0 0 65 42 0 0 2
8565 100 1 103148 131072 0 1018480 0 0 0 65 42 0 0 3
8566 32 2 1895163044 32768 0 16295687 0 0 0 65 42 0 0 0
8567 49 2 1895163044 32768 0 16295687 0 0 0 65 42 0 0 0
8568 44 3 49 131072 0 16295687 0 0 0 65 42 0 0 0
8569 48 3 49 131072 0 16295687 0 0 0 65 42 0 0 0
8570 48 3 49 131072 0 16295687 0 0 0 65 42 0 0 0
8571 48 3 49 131072 0 16295687 0 0 0 65 42 0 0 0
8572 46 0 0 0 0 260730992 0 0 0 65 42 0 0 0
8573 10 0 0 0 0 0 0 0 0 0 42 0 0 0
8574 38 0 0 0 0 0 0 0 0 38 42 0 0 0
8575 110 0 0 0 0 0 0 0 0 38 42 0 0 1
8576 98 0 0 0 0 0 0 0 0 38 42 0 0 2
8577 115 0 0 0 0 0 0 0 0 38 42 0 0 3
8578 112 0 0 0 0 0 0 0 0 38 42 0 0 4
8579 59 1 2773142800 0 0 15 0 0 0 38 42 0 0 0
8580 32 1 2773142800 0 0 15 0 0 0 38 42 0 0 0
8581 115 1 2773142800 0 0 15 0 0 0 38 42 0 0 1
8582 111 1 2773142800 0 0 15 0 0 0 38 42 0 0 2
8583 109 1 2773142800 0 0 15 0 0 0 38 42 0 0 3
8584 101 1 2773142800 0 0 15 0 0 0 38 42 0 0 4
8585 32 2 3473243077 0 0 255 0 0 0 38 42 0 0 0
8586 38 2 3473243077 0 0 255 0 0 0 38 42 0 0 0
8587 97 2 3473243077 0 0 255 0 0 0 38 42 0 0 1
8588 109 2 3473243077 0 0 255 0 0 0 38 42 0 0 2
8589 112 2 3473243077 0 0 255 0 0 0 38 42 0 0 3
8590 59 3 1895154640 0 0 4095 0 0 0 38 42 0 0 0
8591 32 3 1895154640 0 0 4095 0 0 0 38 42 0 0 0
8592 101 3 1895154640 0 0 4095 0 0 0 38 42 0 0 1
8593 110 3 1895154640 0 0 4095 0 0 0 38 42 0 0 2
8594 116 3 1895154640 0 0 4095 0 0 0 38 42 0 0 3
8595 105 3 1895154640 0 0 4095 0 0 0 38 42 0 0 4
8596 116 3 1895154640 0 0 4095 0 0 0 38 42 0 0 5
8597 105 3 1895154640 0 0 4095 0 0 0 38 42 0 0 6
8598 101 3 1895154640 0 0 4095 0 0 0 38 42 0 0 7
8599 115 3 1895154640 0 0 4095 0 0 0 38 42 0 0 8
8600 32 4 1475168745 8 0 65530 0 0 0 38 42 0 0 0
8601 38 4 1475168745 8 0 65530 0 0 0 38 42 0 0 0
8602 108 4 1475168745 8 0 65530 0 0 0 38 42 0 0 1
8603 116 4 1475168745 8 0 65530 0 0 0 38 42 0 0 2
8604 59 5 1118458612 0 0 1048495 0 0 0 38 42 0 0 0
8605 116 5 1118458612 0 0 1048495 0 0 0 38 42 0 0 1
8606 97 5 1118458612 0 0 1048495 0 0 0 38 42 0 0 2
8607 103 5 1118458612 0 0 1048495 0 0 0 38 42 0 0 3
8608 38 6 3240805703 0 0 16775935 0 0 0 38 42 0 0 0
8609 103 6 3240805703 0 0 16775935 0 0 0 38 42 0 0 1
8610 116 6 3240805703 0 0 16775935 0 0 0 38 42 0 0 2
8611 59 7 1118416532 0 0 268414975 0 0 0 38 42 0 0 0
8612 10 0 0 0 0 0 0 0 0 0 42 0 0 0
8613 100 0 0 0 0 0 0 0 0 96 96 0 0 1
8614 111 0 0 0 0 0 0 0 0 96 96 0 0 2
8615 110 0 0 0 0 0 0 0 0 96 96 0 0 3
8616 39 0 0 0 0 0 0 0 0 96 96 0 0 4
8617 116 0 0 0 0 0 0 0 0 96 96 0 0 5
8618 32 1 1118391279 1024 0 13 0 0 0 96 96 0 0 0
8619 99 1 1118391279 1024 0 13 0 0 0 96 96 0 0 1
8620 97 1 1118391279 1024 0 13 0 0 0 96 96 0 0 2
8621 110 1 1118391279 1024 0 13 0 0 0 96 96 0 0 3
8622 39 1 1118391279 1024 0 13 0 0 0 96 96 0 0 4
8623 116 1 1118391279 1024 0 13 0 0 0 96 96 0 0 5
8624 32 2 2036711758 1024 0 221 0 0 0 96 96 0 0 0
8625 105 2 2036711758 1024 0 221 0 0 0 96 96 0 0 1
8626 116 2 2036711758 1024 0 221 0 0 0 96 96 0 0 2
8627 39 2 2036711758 1024 0 221 0 0 0 96 96 0 0 3
8628 115 2 2036711758 1024 0 221 0 0 0 96 96 0 0 4
8629 32 3 1118433364 1048584 0 3546 0 0 0 96 96 0 0 0
8630 116 3 1118433364 1048584 0 3546 0 0 0 96 96 0 0 1
8631 104 3 1118433364 1048584 0 3546 0 0 0 96 96 0 0 2
8632 101 3 1118433364 1048584 0 3546 0 0 0 96 96 0 0 3
8633 32 4 3240864613 16384 0 56742 0 0 0 96 96 0 0 0
8634 99 4 3240864613 16384 0 56742 0 0 0 96 96 0 0 1
8635 97 4 3240864613 16384 0 56742 0 0 0 96 96 0 0 2
8636 116 4 3240864613 16384 0 56742 0 0 0 96 96 0 0 3
8637 32 4 2036711764 2 0 907874 0 0 0 96 96 0 0 0
8638 115 4 2036711764 2 0 907874 0 0 0 96 96 0 0 1
8639 97 4 2036711764 2 0 907874 0 0 0 96 96 0 0 2
8640 116 4 2036711764 2 0 907874 0 0 0 96 96 0 0 3
8641 32 5 3169976660 0 0 14525999 0 0 0 96 96 0 0 0
8642 111 5 3169976660 0 0 14525999 0 0 0 96 96 0 0 1
8643 110 5 3169976660 0 0 14525999 0 0 0 96 96 0 0 2
8644 32 6 1118483854 65536 0 232415992 0 0 0 96 96 0 0 0
8645 116 6 1118483854 65536 0 232415992 0 0 0 96 96 0 0 1
8646 104 6 1118483854 65536 0 232415992 0 0 0 96 96 0 0 2
8647 101 6 1118483854 65536 0 232415992 0 0 0 96 96 0 0 3
8648 32 7 3240864613 16384 0 3718655878 0 0 0 96 96 0 0 0
8649 109 7 3240864613 16384 0 3718655878 0 0 0 96 96 0 0 1
8650 97 7 3240864613 16384 0 3718655878 0 0 0 96 96 0 0 2
8651 116 7 3240864613 16384 0 3718655878 0 0 0 96 96 0 0 3
8652 46 0 0 0 0 2788132384 0 0 0 96 96 0 0 0
8653 10 0 0 0 0 0 0 0 0 0 96 0 0 0
8654 223 0 0 0 0 0 0 0 0 96 96 0 0 0
8655 32 0 0 0 0 0 0 0 0 96 96 0 0 0
8656 134 0 0 0 0 0 0 0 0 96 96 0 0 0
8657 46 0 0 0 0 0 0 0 0 96 96 0 0 0
8658 229 0 0 0 0 0 0 0 0 96 96 0 0 0
8659 174 0 0 0 0 0 0 0 0 96 96 0 0 0
8660 179 0 0 0 0 0 0 0 0 96 96 0 0 0
8661 46 0 0 0 0 0 0 0 0 96 96 0 0 0
8662 215 0 0 0 0 0 0 0 0 96 96 0 0 0
8663 236 0 0 0 0 0 0 0 0 96 96 0 0 0
8664 10 0 0 0 0 0 0 0 0 0 96 0 0 0
8665 247 0 0 0 0 0 0 0 0 96 96 0 0 0
8666 32 0 0 0 0 0 0 0 0 96 96 0 0 0
8667 186 0 0 0 0 0 0 0 0 96 96 0 0 0
8668 10 0 0 0 0 0 0 0 0 0 96 0 0 0
8669 173 0 0 0 0 0 0 0 0 96 96 0 0 0
8670 138 0 0 0 0 0 0 0 0 96 96 0 0 0
8671 44 0 0 0 0 0 0 0 0 96 96 0 0 0
8672 162 0 0 0 0 0 0 0 0 96 96 0 0 0
8673 44 0 0 0 0 0 0 0 0 96 96 0 0 0
8674 119 0 0 0 0 0 0 0 0 96 96 0 0 1
8675 111 0 0 0 0 0 0 0 0 96 96 0 0 2
8676 114 0 0 0 0 0 0 0 0 96 96 0 0 3
8677 100 0 0 0 0 0 0 0 0 96 96 0 0 4
8678 50 1 4155777060 0 0 15 0 0 0 96 96 0 0 0
8679 51 1 4155777060 0 0 15 0 0 0 96 96 0 0 0
8680 32 2 105251 131072 0 15 0 0 0 96 96 0 0 0
8681 97 2 105251 131072 0 15 0 0 0 96 96 0 0 1
8682 110 2 105251 131072 0 15 0 0 0 96 96 0 0 2
8683 111 2 105251 131072 0 15 0 0 0 96 96 0 0 3
8684 116 2 105251 131072 0 15 0 0 0 96 96 0 0 4
8685 104 2 105251 131072 0 15 0 0 0 96 96 0 0 5
8686 101 2 105251 131072 0 15 0 0 0 96 96 0 0 6
8687 114 2 105251 131072 0 15 0 0 0 96 96 0 0 7
8688 32 3 91021800 0 0 255 0 0 0 96 96 0 0 0
8689 91 3 91021800 0 0 255 0 0 0 96 91 0 0 0
8690 91 3 91021800 0 0 255 0 0 0 96 91 0 0 0
8691 65 3 91021800 0 0 255 0 0 0 96 91 0 0 0
8692 110 3 91021800 0 0 255 0 0 0 96 91 0 0 1
8693 110 3 91021800 0 0 255 0 0 0 96 91 0 0 2
8694 97 3 91021800 0 0 255 0 0 0 96 91 0 0 3
8695 93 4 2815940769 0 0 4095 0 0 0 96 91 0 0 0
8696 93 4 2815940769 0 0 4095 0 0 0 96 96 0 0 0
8697 32 4 2815940769 0 0 4095 0 0 0 96 96 0 0 0
8698 119 4 2815940769 0 0 4095 0 0 0 96 96 0 0 1
8699 97 4 2815940769 0 0 4095 0 0 0 96 96 0 0 2
8700 115 4 2815940769 0 0 4095 0 0 0 96 96 0 0 3
8701 32 5 3453292883 1 0 65521 3453292883 0 0 96 96 0 0 0
8702 97 5 3453292883 1 0 65521 3453292883 0 0 96 96 0 0 1
8703 32 6 1950627777 16384 0 1048342 3453292883 0 0 96 96 0 0 0
8704 39 6 1950627777 16384 0 1048342 3453292883 0 0 96 96 0 0 1
8705 39 7 1950627719 0 0 16773487 3453292883 0 0 96 96 0 0 0
8706 39 7 1950627719 0 0 16773487 3453292883 0 0 96 96 0 0 0
8707 113 7 1950627719 0 0 16773487 3453292883 0 0 96 96 0 0 1
8708 117 7 1950627719 0 0 16773487 3453292883 0 0 96 96 0 0 2
8709 101 7 1950627719 0 0 16773487 3453292883 0 0 96 96 0 0 3
8710 101 7 1950627719 0 0 16773487 3453292883 0 0 96 96 0 0 4
8711 110 7 1950627719 0 0 16773487 3453292883 0 0 96 96 0 0 5
8712 39 7 1950627719 0 0 16773487 3453292883 0 0 96 96 0 0 6
8713 39 8 3278097614 8 0 268375802 3453292883 0 0 96 96 0 0 0
8714 39 8 3278097614 8 0 268375802 3453292883 0 0 96 96 0 0 0
8715 32 8 3278097614 8 0 268375802 3453292883 0 0 96 96 0 0 0
8716 111 8 3278097614 8 0 268375802 3453292883 0 0 96 96 0 0 1
8717 102 8 3278097614 8 0 268375802 3453292883 0 0 96 96 0 0 2
8718 32 9 1118483846 65536 0 4294012840 3453292883 0 0 96 96 0 0 0
8719 91 9 1118483846 65536 0 4294012840 3453292883 0 0 96 91 0 0 0
8720 91 9 1118483846 65536 0 4294012840 3453292883 0 0 96 91 0 0 0
8721 70 9 1118483846 65536 0 4294012840 3453292883 0 0 96 91 0 0 0
8722 114 9 1118483846 65536 0 4294012840 3453292883 0 0 96 91 0 0 1
8723 97 9 1118483846 65536 0 4294012840 3453292883 0 0 96 91 0 0 2
8724 110 9 1118483846 65536 0 4294012840 3453292883 0 0 96 91 0 0 3
8725 99 9 1118483846 65536 0 4294012840 3453292883 0 0 96 91 0 0 4
8726 101 9 1118483846 65536 0 4294012840 3453292883 0 0 96 91 0 0 5
8727 93 10 3384763555 0 0 4279696015 3453292883 0 0 96 91 0 0 0
8728 93 10 3384763555 0 0 4279696015 3453292883 0 0 96 96 0 0 0
8729 32 10 3384763555 0 0 4279696015 3453292883 0 0 96 96 0 0 0
8730 105 10 3384763555 0 0 4279696015 3453292883 0 0 96 96 0 0 1
8731 110 10 3384763555 0 0 4279696015 3453292883 0 0 96 96 0 0 2
8732 32 11 1118433358 65536 0 4050626808 3453292883 0 0 96 96 0 0 0
8733 49 11 1118433358 65536 0 4050626808 3453292883 0 0 96 96 0 0 0
8734 55 11 1118433358 65536 0 4050626808 3453292883 0 0 96 96 0 0 0
8735 56 11 1118433358 65536 0 4050626808 3453292883 0 0 96 96 0 0 0
8736 57 11 1118433358 65536 0 4050626808 3453292883 0 0 96 96 0 0 0
8737 46 0 0 0 0 385519488 3453292883 0 0 96 96 0 0 0
8738 10 0 0 0 0 0 0 0 0 0 96 0 0 0
8739 61 0 0 0 0 0 0 0 0 61 96 0 0 0
8740 61 0 0 0 0 0 0 0 0 61 96 0 0 0
8741 32 0 0 0 0 0 0 0 0 61 96 0 0 0
8742 72 0 0 0 0 0 0 0 0 61 96 0 0 0
8743 105 0 0 0 0 0 0 0 0 61 96 0 0 1
8744 115 0 0 0 0 0 0 0 0 61 96 0 0 2
8745 116 0 0 0 0 0 0 0 0 61 96 0 0 3
8746 111 0 0 0 0 0 0 0 0 61 96 0 0 4
8747 114 0 0 0 0 0 0 0 0 61 96 0 0 5
8748 121 0 0 0 0 0 0 0 0 61 96 0 0 6
8749 32 1 1469161513 0 0 15 0 0 0 61 96 0 0 0
8750 61 1 1469161513 0 0 15 0 0 0 61 96 0 0 0
8751 61 1 1469161513 0 0 15 0 0 0 61 96 0 0 0
8752 10 0 0 0 0 0 0 0 0 0 96 0 0 0
8753 42 0 0 0 0 0 0 0 0 42 42 0 0 0
8754 32 0 0 0 0 0 0 0 0 42 42 0 0 0
8755 105 0 0 0 0 0 0 0 0 96 42 0 0 1
8756 116 0 0 0 0 0 0 0 0 96 42 0 0 2
8757 101 0 0 0 0 0 0 0 0 96 42 0 0 3
8758 109 0 0 0 0 0 0 0 0 96 42 0 0 4
8759 32 1 4268574925 0 0 15 0 0 0 96 42 0 0 0
8760 111 1 4268574925 0 0 15 0 0 0 96 42 0 0 1
8761 110 1 4268574925 0 0 15 0 0 0 96 42 0 0 2
8762 101 1 4268574925 0 0 15 0 0 0 96 42 0 0 3
8763 32 2 2886769829 131072 0 254 0 0 0 96 42 0 0 0
8764 40 2 2886769829 131072 0 254 0 0 0 96 42 0 0 0
8765 102 2 2886769829 131072 0 254 0 0 0 96 42 0 0 1
8766 105 2 2886769829 131072 0 254 0 0 0 96 42 0 0 2
8767 114 2 2886769829 131072 0 254 0 0 0 96 42 0 0 3
8768 115 2 2886769829 131072 0 254 0 0 0 96 42 0 0 4
8769 116 2 2886769829 131072 0 254 0 0 0 96 42 0 0 5
8770 41 2 2886769829 131072 0 65264 0 0 0 96 42 0 0 0
8771 10 0 0 0 0 0 0 0 0 0 42 0 0 0
8772 42 0 0 0 0 0 0 0 0 42 42 0 0 0
8773 32 0 0 0 0 0 0 0 0 42 42 0 0 0
8774 105 0 0 0 0 0 0 0 0 96 42 0 0 1
8775 116 0 0 0 0 0 0 0 0 96 42 0 0 2
8776 101 0 0 0 0 0 0 0 0 96 42 0 0 3
8777 109 0 0 0 0 0 0 0 0 96 42 0 0 4
8778 32 1 4268574925 0 0 15 0 0 0 96 42 0 0 0
8779 116 1 4268574925 0 0 15 0 0 0 96 42 0 0 1
8780 119 1 4268574925 0 0 15 0 0 0 96 42 0 0 2
8781 111 1 4268574925 0 0 15 0 0 0 96 42 0 0 3
8782 32 2 3240990863 131072 0 254 0 0 0 96 42 0 0 0
8783 91 2 3240990863 131072 0 254 0 0 0 96 91 0 0 0
8784 104 2 3240990863 131072 0 254 0 0 0 96 91 0 0 1
8785 116 2 3240990863 131072 0 254 0 0 0 96 91 0 0 2
8786 116 2 3240990863 131072 0 254 0 0 0 96 91 0 0 3
8787 112 2 3240990863 131072 0 254 0 0 0 96 91 0 0 4
8788 58 3 876852720 0 0 4079 0 0 0 96 91 0 0 0
8789 47 3 876852720 0 0 4079 0 0 0 96 91 0 0 0
8790 47 3 876852720 0 0 4079 0 0 0 96 91 0 0 0
8791 101 3 876852720 0 0 4079 0 0 0 96 91 0 0 1
8792 120 3 876852720 0 0 4079 0 0 0 96 91 0 0 2
8793 97 3 876852720 0 0 4079 0 0 0 96 91 0 0 3
8794 109 3 876852720 0 0 4079 0 0 0 96 91 0 0 4
8795 112 3 876852720 0 0 4079 0 0 0 96 91 0 0 5
8796 108 3 876852720 0 0 4079 0 0 0 96 91 0 0 6
8797 101 3 876852720 0 0 4079 0 0 0 96 91 0 0 7
8798 46 4 3291829868 0 0 1044464 0 0 0 96 91 0 0 0
8799 111 4 3291829868 0 0 1044464 0 0 0 96 91 0 0 1
8800 114 4 3291829868 0 0 1044464 0 0 0 96 91 0 0 2
8801 103 4 3291829868 0 0 1044464 0 0 0 96 91 0 0 3
8802 32 5 2886803495 0 0 16711439 0 0 0 96 91 0 0 0
8803 108 5 2886803495 0 0 16711439 0 0 0 96 91 0 0 1
8804 105 5 2886803495 0 0 16711439 0 0 0 96 91 0 0 2
8805 110 5 2886803495 0 0 16711439 0 0 0 96 91 0 0 3
8806 107 5 2886803495 0 0 16711439 0 0 0 96 91 0 0 4
8807 93 6 780174507 0 0 267383039 0 0 0 96 42 0 0 0
8808 32 6 780174507 0 0 267383039 0 0 1 64 42 0 0 0
8809 116 6 780174507 0 0 267383039 0 0 1 64 42 0 0 1
8810 101 6 780174507 0 0 267383039 0 0 1 64 42 0 0 2
8811 120 6 780174507 0 0 267383039 0 0 1 64 42 0 0 3
8812 116 6 780174507 0 0 267383039 0 0 1 64 42 0 0 4
8813 10 0 0 0 0 0 0 0 0 0 42 0 0 0
8814 84 0 0 0 0 0 0 0 0 84 42 0 0 0
8815 104 0 0 0 0 0 0 0 0 84 42 0 0 1
8816 101 0 0 0 0 0 0 0 0 84 42 0 0 2
8817 32 1 1118424933 2048 0 4 0 0 0 84 42 0 0 0
8818 123 1 1118424933 2048 0 4 0 0 0 84 42 0 0 0
8819 123 1 1118424933 2048 0 4 0 0 0 84 42 0 0 0
8820 99 1 1118424933 2048 0 4 0 0 0 84 42 0 0 1
8821 105 1 1118424933 2048 0 4 0 0 0 84 42 0 0 2
8822 116 1 1118424933 2048 0 4 0 0 0 84 42 0 0 3
8823 101 1 1118424933 2048 0 4 0 0 0 84 42 0 0 4
8824 124 2 318360037 0 0 79 0 0 0 84 42 0 0 0
8825 121 2 318360037 0 0 79 0 0 0 84 42 0 0 1
8826 101 2 318360037 0 0 79 0 0 0 84 42 0 0 2
8827 97 2 318360037 0 0 79 0 0 0 84 42 0 0 3
8828 114 2 318360037 0 0 79 0 0 0 84 42 0 0 4
8829 61 3 1641105746 0 0 1279 0 0 0 84 42 0 0 0
8830 49 3 1641105746 0 0 1279 0 0 0 84 42 0 0 0
8831 56 3 1641105746 0 0 1279 0 0 0 84 42 0 0 0
8832 48 3 1641105746 0 0 1279 0 0 0 84 42 0 0 0
8833 49 3 1641105746 0 0 1279 0 0 0 84 42 0 0 0
8834 125 4 1368491697 131072 0 1279 0 0 0 84 42 0 0 0
8835 125 4 1368491697 131072 0 1279 0 0 0 84 42 0 0 0
8836 32 4 1368491697 131072 0 1279 0 0 0 84 42 0 0 0
8837 115 4 1368491697 131072 0 1279 0 0 0 84 42 0 0 1
8838 97 4 1368491697 131072 0 1279 0 0 0 84 42 0 0 2
8839 105 4 1368491697 131072 0 1279 0 0 0 84 42 0 0 3
8840 100 4 1368491697 131072 0 1279 0 0 0 84 42 0 0 4
8841 58 5 2481602628 0 0 20479 0 0 0 84 42 0 0 0
8842 32 5 2481602628 0 0 20479 0 0 0 84 42 0 0 0
8843 34 5 2481602628 0 0 20479 0 0 0 84 42 0 0 0
8844 104 5 2481602628 0 0 20479 0 0 0 84 42 0 0 1
8845 101 5 2481602628 0 0 20479 0 0 0 84 42 0 0 2
8846 108 5 2481602628 0 0 20479 0 0 0 84 42 0 0 3
8847 108 5 2481602628 0 0 20479 0 0 0 84 42 0 0 4
8848 111 5 2481602628 0 0 20479 0 0 0 84 42 0 0 5
8849 44 6 933891823 0 0 327679 0 0 0 84 42 0 0 0
8850 32 6 933891823 0 0 327679 0 0 0 84 42 0 0 0
8851 119 6 933891823 0 0 327679 0 0 0 84 42 0 0 1
8852 111 6 933891823 0 0 327679 0 0 0 84 42 0 0 2
8853 114 6 933891823 0 0 327679 0 0 0 84 42 0 0 3
8854 108 6 933891823 0 0 327679 0 0 0 84 42 0 0 4
8855 100 6 933891823 0 0 327679 0 0 0 84 42 0 0 5
8856 33 7 1101113060 0 0 5242879 0 0 0 84 42 0 0 0
8857 34 7 1101113060 0 0 5242879 0 0 0 84 42 0 0 0
8858 10 0 0 0 0 0 0 0 0 0 42 0 0 0
8859 60 0 0 0 0 0 0 0 0 60 42 0 0 0
8860 114 0 0 0 0 0 0 0 0 60 42 0 0 1
8861 101 0 0 0 0 0 0 0 0 60 42 0 0 2
8862 102 0 0 0 0 0 0 0 0 60 42 0 0 3
8863 62 1 3099181254 0 0 15 0 0 0 60 42 0 0 0
8864 110 1 3099181254 0 0 15 0 0 0 60 42 0 0 1
8865 111 1 3099181254 0 0 15 0 0 0 60 42 0 0 2
8866 116 1 3099181254 0 0 15 0 0 0 60 42 0 0 3
8867 101 1 3099181254 0 0 15 0 0 0 60 42 0 0 4
8868 32 2 3693928933 0 0 255 0 0 0 60 42 0 0 0
8869 49 2 3693928933 0 0 255 0 0 0 60 42 0 0 0
8870 50 2 3693928933 0 0 255 0 0 0 60 42 0 0 0
8871 44 3 103146 131072 0 255 0 0 0 60 42 0 0 0
8872 51 3 103146 131072 0 255 0 0 0 60 42 0 0 0
8873 52 3 103146 131072 0 255 0 0 0 60 42 0 0 0
8874 53 3 103146 131072 0 255 0 0 0 60 42 0 0 0
8875 46 0 0 0 0 4080 0 0 0 60 42 0 0 0
8876 54 0 0 0 0 4080 0 0 0 60 42 0 0 0
8877 55 0 0 0 0 4080 0 0 0 60 42 0 0 0
8878 32 1 113671 131072 0 4080 0 0 0 60 42 0 0 0
8879 104 1 113671 131072 0 4080 0 0 0 60 42 0 0 1
8880 101 1 113671 131072 0 4080 0 0 0 60 42 0 0 2
8881 114 1 113671 131072 0 4080 0 0 0 60 42 0 0 3
8882 101 1 113671 131072 0 4080 0 0 0 60 42 0 0 4
8883 60 2 4109367333 0 0 65295 0 0 0 60 42 0 0 0
8884 47 2 4109367333 0 0 65295 0 0 0 60 42 0 0 0
8885 114 2 4109367333 0 0 65295 0 0 0 60 42 0 0 1
8886 101 2 4109367333 0 0 65295 0 0 0 60 42 0 0 2
8887 102 2 4109367333 0 0 65295 0 0 0 60 42 0 0 3
8888 62 3 3099181254 0 0 1044735 0 0 0 60 42 0 0 0
8889 10 0 0 0 0 0 0 0 0 0 42 0 0 0
8890 65 0 0 0 0 0 0 0 0 65 42 0 0 0
8891 32 0 0 0 0 0 0 0 0 65 42 0 0 0
8892 108 0 0 0 0 0 0 0 0 65 42 0 0 1
8893 105 0 0 0 0 0 0 0 0 65 42 0 0 2
8894 110 0 0 0 0 0 0 0 0 65 42 0 0 3
8895 101 0 0 0 0 0 0 0 0 65 42 0 0 4
8896 32 1 780174501 0 0 15 0 0 0 65 42 0 0 0
8897 119 1 780174501 0 0 15 0 0 0 65 42 0 0 1
8898 105 1 780174501 0 0 15 0 0 0 65 42 0 0 2
8899 116 1 780174501 0 0 15 0 0 0 65 42 0 0 3
8900 104 1 780174501 0 0 15 0 0 0 65 42 0 0 4
8901 32 2 3730819560 65536 0 248 0 0 0 65 42 0 0 0
8902 110 2 3730819560 65536 0 248 0 0 0 65 42 0 0 1
8903 117 2 3730819560 65536 0 248 0 0 0 65 42 0 0 2
8904 109 2 3730819560 65536 0 248 0 0 0 65 42 0 0 3
8905 98 2 3730819560 65536 0 248 0 0 0 65 42 0 0 4
8906 101 2 3730819560 65536 0 248 0 0 0 65 42 0 0 5
8907 114 2 3730819560 65536 0 248 0 0 0 65 42 0 0 6
8908 115 2 3730819560 65536 0 248 0 0 0 65 42 0 0 7
8909 32 3 3416096978 8 0 3978 0 0 0 65 42 0 0 0
8910 52 3 3416096978 8 0 3978 0 0 0 65 42 0 0 0
8911 50 3 3416096978 8 0 3978 0 0 0 65 42 0 0 0
8912 32 4 109458 131072 0 3978 0 0 0 65 42 0 0 0
8913 97 4 109458 131072 0 3978 0 0 0 65 42 0 0 1
8914 110 4 109458 131072 0 3978 0 0 0 65 42 0 0 2
8915 100 4 109458 131072 0 3978 0 0 0 65 42 0 0 3
8916 32 5 1895163044 32768 0 63655 0 0 0 65 42 0 0 0
8917 51 5 1895163044 32768 0 63655 0 0 0 65 42 0 0 0
8918 46 0 0 0 0 1018480 0 0 0 65 42 0 0 0
8919 49 0 0 0 0 1018480 0 0 0 65 42 0 0 0
8920 52 0 0 0 0 1018480 0 0 0 65 42 0 0 0
8921 32 1 103148 131072 0 1018480 0 0 0 65 42 0 0 0
8922 97 1 103148 131072 0 1018480 0 0 0 65 42 0 0 1
8923 110 1 103148 131072 0 1018480 0 0 0 65 42 0 0 2
8924 100 1 103148 131072 0 1018480 0 0 0 65 42 0 0 3
8925 32 2 1895163044 32768 0 16295687 0 0 0 65 42 0 0 0
8926 49 2 1895163044 32768 0 16295687 0 0 0 65 42 0 0 0
8927 44 3 49 131072 0 16295687 0 0 0 65 42 0 0 0
8928 48 3 49 131072 0 16295687 0 0 0 65 42 0 0 0
8929 48 3 49 131072 0 16295687 0 0 0 65 42 0 0 0
8930 48 3 49 131072 0 16295687 0 0 0 65 42 0 0 0
8931 46 0 0 0 0 260730992 0 0 0 65 42 0 0 0
8932 10 0 0 0 0 0 0 0 0 0 42 0 0 0
8933 38 0 0 0 0 0 0 0 0 38 42 0 0 0
8934 110 0 0 0 0 0 0 0 0 38 42 0 0 1
8935 98 0 0 0 0 0 0 0 0 38 42 0 0 2
8936 115 0 0 0 0 0 0 0 0 38 42 0 0 3
8937 112 0 0 0 0 0 0 0 0 38 42 0 0 4
8938 59 1 2773142800 0 0 15 0 0 0 38 42 0 0 0
8939 32 1 2773142800 0 0 15 0 0 0 38 42 0 0 0
8940 115 1 2773142800 0 0 15 0 0 0 38 42 0 0 1
8941 111 1 2773142800 0 0 15 0 0 0 38 42 0 0 2
8942 109 1 2773142800 0 0 15 0 0 0 38 42 0 0 3
8943 101 1 2773142800 0 0 15 0 0 0 38 42 0 0 4
8944 32 2 3473243077 0 0 255 0 0 0 38 42 0 0 0
8945 38 2 3473243077 0 0 255 0 0 0 38 42 0 0 0
8946 97 2 3473243077 0 0 255 0 0 0 38 42 0 0 1
8947 109 2 3473243077 0 0 255 0 0 0 38 42 0 0 2
8948 112 2 3473243077 0 0 255 0 0 0 38 42 0 0 3
8949 59 3 1895154640 0 0 4095 0 0 0 38 42 0 0 0
8950 32 3 1895154640 0 0 4095 0 0 0 38 42 0 0 0
8951 101 3 1895154640 0 0 4095 0 0 0 38 42 0 0 1
8952 110 3 1895154640 0 0 4095 0 0 0 38 42 0 0 2
8953 116 3 1895154640 0 0 4095 0 0 0 38 42 0 0 3
8954 105 3 1895154640 0 0 4095 0 0 0 38 42 0 0 4
8955 116 3 1895154640 0 0 4095 0 0 0 38 42 0 0 5
8956 105 3 1895154640 0 0 4095 0 0 0 38 42 0 0 6
8957 101 3 1895154640 0 0 4095 0 0 0 38 42 0 0 7
8958 115 3 1895154640 0 0 4095 0 0 0 38 42 0 0 8
8959 32 4 1475168745 8 0 65530 0 0 0 38 42 0 0 0
8960 38 4 1475168745 8 0 65530 0 0 0 38 42 0 0 0
8961 108 4 1475168745 8 0 65530 0 0 0 38 42 0 0 1
8962 116 4 1475168745 8 0 65530 0 0 0 38 42 0 0 2
8963 59 5 1118458612 0 0 1048495 0 0 0 38 42 0 0 0
8964 116 5 1118458612 0 0 1048495 0 0 0 38 42 0 0 1
8965 97 5 1118458612 0 0 1048495 0 0 0 38 42 0 0 2
8966 103 5 1118458612 0 0 1048495 0 0 0 38 42 0 0 3
8967 38 6 3240805703 0 0 16775935 0 0 0 38 42 0 0 0
8968 103 6 3240805703 0 0 16775935 0 0 0 38 42 0 0 1
8969 116 6 3240805703 0 0 16775935 0 0 0 38 42 0 0 2
8970 59 7 1118416532 0 0 268414975 0 0 0 38 42 0 0 0
8971 10 0 0 0 0 0 0 0 0 0 42 0 0 0
8972 100 0 0 0 0 0 0 0 0 96 96 0 0 1
8973 111 0 0 0 0 0 0 0 0 96 96 0 0 2
8974 110 0 0 0 0 0 0 0 0 96 96 0 0 3
8975 39 0 0 0 0 0 0 0 0 96 96 0 0 4
8976 116 0 0 0 0 0 0 0 0 96 96 0 0 5
8977 32 1 1118391279 1024 0 13 0 0 0 96 96 0 0 0
8978 99 1 1118391279 1024 0 13 0 0 0 96 96 0 0 1
8979 97 1 1118391279 1024 0 13 0 0 0 96 96 0 0 2
8980 110 1 1118391279 1024 0 13 0 0 0 96 96 0 0 3
8981 39 1 1118391279 1024 0 13 0 0 0 96 96 0 0 4
8982 116 1 1118391279 1024 0 13 0 0 0 96 96 0 0 5
8983 32 2 2036711758 1024 0 221 0 0 0 96 96 0 0 0
8984 105 2 2036711758 1024 0 221 0 0 0 96 96 0 0 1
8985 116 2 2036711758 1024 0 221 0 0 0 96 96 0 0 2
8986 39 2 2036711758 1024 0 221 0 0 0 96 96 0 0 3
8987 115 2 2036711758 1024 0 221 0 0 0 96 96 0 0 4
8988 32 3 1118433364 1048584 0 3546 0 0 0 96 96 0 0 0
8989 116 3 1118433364 1048584 0 3546 0 0 0 96 96 0 0 1
8990 104 3 1118433364 1048584 0 3546 0 0 0 96 96 0 0 2
8991 101 3 1118433364 1048584 0 3546 0 0 0 96 96 0 0 3
8992 32 4 3240864613 16384 0 56742 0 0 0 96 96 0 0 0
8993 99 4 3240864613 16384 0 56742 0 0 0 96 96 0 0 1
8994 97 4 3240864613 16384 0 56742 0 0 0 96 96 0 0 2
8995 116 4 3240864613 16384 0 56742 0 0 0 96 96 0 0 3
8996 32 4 2036711764 2 0 907874 0 0 0 96 96 0 0 0
8997 115 4 2036711764 2 0 907874 0 0 0 96 96 0 0 1
8998 97 4 2036711764 2 0 907874 0 0 0 96 96 0 0 2
8999 116 4 2036711764 2 0 907874 0 0 0 96 96 0 0 3
9000 32 5 3169976660 0 0 14525999 0 0 0 96 96 0 0 0
9001 111 5 3169976660 0 0 14525999 0 0 0 96 96 0 0 1
9002 110 5 3169976660 0 0 14525999 0 0 0 96 96 0 0 2
9003 32 6 1118483854 65536 0 232415992 0 0 0 96 96 0 0 0
9004 116 6 1118483854 65536 0 232415992 0 0 0 96 96 0 0 1
9005 104 6 1118483854 65536 0 232415992 0 0 0 96 96 0 0 2
9006 101 6 1118483854 65536 0 232415992 0 0 0 96 96 0 0 3
9007 32 7 3240864613 16384 0 3718655878 0 0 0 96 96 0 0 0
9008 109 7 3240864613 16384 0 3718655878 0 0 0 96 96 0 0 1
9009 97 7 3240864613 16384 0 3718655878 0 0 0 96 96 0 0 2
9010 116 7 3240864613 16384 0 3718655878 0 0 0 96 96 0 0 3
9011 46 0 0 0 0 2788132384 0 0 0 96 96 0 0 0
9012 10 0 0 0 0 0 0 0 0 0 96 0 0 0
9013 218 0 0 0 0 0 0 0 0 96 96 0 0 0
9014 186 0 0 0 0 0 0 0 0 96 96 0 0 0
9015 210 0 0 0 0 0 0 0 0 96 96 0 0 0
9016 32 0 0 0 0 0 0 0 0 96 96 0 0 0
9017 168 0 0 0 0 0 0 0 0 96 96 0 0 0
9018 10 0 0 0 0 0 0 0 0 0 96 0 0 0
9019 158 0 0 0 0 0 0 0 0 96 96 0 0 0
9020 46 0 0 0 0 0 0 0 0 96 96 0 0 0
9021 239 0 0 0 0 0 0 0 0 96 96 0 0 0
9022 213 0 0 0 0 0 0 0 0 96 96 0 0 0
9023 217 0 0 0 0 0 0 0 0 96 96 0 0 0
9024 10 0 0 0 0 0 0 0 0 0 96 0 0 0
9025 150 0 0 0 0 0 0 0 0 96 96 0 0 0
9026 237 0 0 0 0 0 0 0 0 96 96 0 0 0
9027 10 0 0 0 0 0 0 0 0 0 96 0 0 0
9028 181 0 0 0 0 0 0 0 0 96 96 0 0 0
9029 157 0 0 0 0 0 0 0 0 96 96 0 0 0
9030 10 0 0 0 0 0 0 0 0 0 96 0 0 0
9031 173 0 0 0 0 0 0 0 0 96 96 0 0 0
9032 223 0 0 0 0 0 0 0 0 96 96 0 0 0
9033 156 0 0 0 0 0 0 0 0 96 96 0 0 0
9034 32 0 0 0 0 0 0 0 0 96 96 0 0 0
9035 198 0 0 0 0 0 0 0 0 96 96 0 0 0
9036 164 0 0 0 0 0 0 0 0 96 96 0 0 0
9037 215 0 0 0 0 0 0 0 0 96 96 0 0 0
9038 10 0 0 0 0 0 0 0 0 0 96 0 0 0
9039 119 0 0 0 0 0 0 0 0 96 96 0 0 1
9040 111 0 0 0 0 0 0 0 0 96 96 0 0 2
9041 114 0 0 0 0 0 0 0 0 96 96 0 0 3
9042 100 0 0 0 0 0 0 0 0 96 96 0 0 4
9043 50 1 4155777060 0 0 15 0 0 0 96 96 0 0 0
9044 52 1 4155777060 0 0 15 0 0 0 96 96 0 0 0
9045 32 2 105252 131072 0 15 0 0 0 96 96 0 0 0
9046 97 2 105252 131072 0 15 0 0 0 96 96 0 0 1
9047 110 2 105252 131072 0 15 0 0 0 96 96 0 0 2
9048 111 2 105252 131072 0 15 0 0 0 96 96 0 0 3
9049 116 2 105252 131072 0 15 0 0 0 96 96 0 0 4
9050 104 2 105252 131072 0 15 0 0 0 96 96 0 0 5
9051 101 2 105252 131072 0 15 0 0 0 96 96 0 0 6
9052 114 2 105252 131072 0 15 0 0 0 96 96 0 0 7
9053 32 3 91021800 0 0 255 0 0 0 96 96 0 0 0
9054 91 3 91021800 0 0 255 0 0 0 96 91 0 0 0
9055 91 3 91021800 0 0 255 0 0 0 96 91 0 0 0
9056 65 3 91021800 0 0 255 0 0 0 96 91 0 0 0
9057 110 3 91021800 0 0 255 0 0 0 96 91 0 0 1
9058 110 3 91021800 0 0 255 0 0 0 96 91 0 0 2
9059 97 3 91021800 0 0 255 0 0 0 96 91 0 0 3
9060 93 4 2815940769 0 0 4095 0 0 0 96 91 0 0 0
9061 93 4 2815940769 0 0 4095 0 0 0 96 96 0 0 0
9062 32 4 2815940769 0 0 4095 0 0 0 96 96 0 0 0
9063 119 4 2815940769 0 0 4095 0 0 0 96 96 0 0 1
9064 97 4 2815940769 0 0 4095 0 0 0 96 96 0 0 2
9065 115 4 2815940769 0 0 4095 0 0 0 96 96 0 0 3
9066 32 5 3453292883 1 0 65521 3453292883 0 0 96 96 0 0 0
9067 97 5 3453292883 1 0 65521 3453292883 0 0 96 96 0 0 1
9068 32 6 1950627777 16384 0 1048342 3453292883 0 0 96 96 0 0 0
9069 39 6 1950627777 16384 0 1048342 3453292883 0 0 96 96 0 0 1
9070 39 7 1950627719 0 0 16773487 3453292883 0 0 96 96 0 0 0
9071 39 7 1950627719 0 0 16773487 3453292883 0 0 96 96 0 0 0
9072 113 7 1950627719 0 0 16773487 3453292883 0 0 96 96 0 0 1
9073 117 7 1950627719 0 0 16773487 3453292883 0 0 96 96 0 0 2
9074 101 7 1950627719 0 0 16773487 3453292883 0 0 96 96 0 0 3
9075 101 7 1950627719 0 0 16773487 3453292883 0 0 96 96 0 0 4
9076 110 7 1950627719 0 0 16773487 3453292883 0 0 96 96 0 0 5
9077 39 7 1950627719 0 0 16773487 3453292883 0 0 96 96 0 0 6
9078 39 8 3278097614 8 0 268375802 3453292883 0 0 96 96 0 0 0
9079 39 8 3278097614 8 0 268375802 3453292883 0 0 96 96 0 0 0
9080 32 8 3278097614 8 0 268375802 3453292883 0 0 96 96 0 0 0
9081 111 8 3278097614 8 0 268375802 3453292883 0 0 96 96 0 0 1
9082 102 8 3278097614 8 0 268375802 3453292883 0 0 96 96 0 0 2
9083 32 9 1118483846 65536 0 4294012840 3453292883 0 0 96 96 0 0 0
9084 91 9 1118483846 65536 0 4294012840 3453292883 0 0 96 91 0 0 0
9085 91 9 1118483846 65536 0 4294012840 3453292883 0 0 96 91 0 0 0
9086 70 9 1118483846 65536 0 4294012840 3453292883 0 0 96 91 0 0 0
9087 114 9 1118483846 65536 0 4294012840 3453292883 0 0 96 91 0 0 1
9088 97 9 1118483846 65536 0 4294012840 3453292883 0 0 96 91 0 0 2
9089 110 9 1118483846 65536 0 4294012840 3453292883 0 0 96 91 0 0 3
9090 99 9 1118483846 65536 0 4294012840 3453292883 0 0 96 91 0 0 4
9091 101 9 1118483846 65536 0 4294012840 3453292883 0 0 96 91 0 0 5
9092 93 10 3384763555 0 0 4279696015 3453292883 0 0 96 91 0 0 0
9093 93 10 3384763555 0 0 4279696015 3453292883 0 0 96 96 0 0 0
9094 32 10 3384763555 0 0 4279696015 3453292883 0 0 96 96 0 0 0
9095 105 10 3384763555 0 0 4279696015 3453292883 0 0 96 96 0 0 1
9096 110 10 3384763555 0 0 4279696015 3453292883 0 0 96 96 0 0 2
9097 32 11 1118433358 65536 0 4050626808 3453292883 0 0 96 96 0 0 0
9098 49 11 1118433358 65536 0 4050626808 3453292883 0 0 96 96 0 0 0
9099 55 11 1118433358 65536 0 4050626808 3453292883 0 0 96 96 0 0 0
9100 56 11 1118433358 65536 0 4050626808 3453292883 0 0 96 96 0 0 0
9101 57 11 1118433358 65536 0 4050626808 3453292883 0 0 96 96 0 0 0
9102 46 0 0 0 0 385519488 3453292883 0 0 96 96 0 0 0
9103 10 0 0 0 0 0 0 0 0 0 96 0 0 0
9104 61 0 0 0 0 0 0 0 0 61 96 0 0 0
9105 61 0 0 0 0 0 0 0 0 61 96 0 0 0
9106 32 0 0 0 0 0 0 0 0 61 96 0 0 0
9107 72 0 0 0 0 0 0 0 0 61 96 0 0 0
9108 105 0 0 0 0 0 0 0 0 61 96 0 0 1
9109 115 0 0 0 0 0 0 0 0 61 96 0 0 2
9110 116 0 0 0 0 0 0 0 0 61 96 0 0 3
9111 111 0 0 0 0 0 0 0 0 61 96 0 0 4
9112 114 0 0 0 0 0 0 0 0 61 96 0 0 5
9113 121 0 0 0 0 0 0 0 0 61 96 0 0 6
9114 32 1 1469161513 0 0 15 0 0 0 61 96 0 0 0
9115 61 1 1469161513 0 0 15 0 0 0 61 96 0 0 0
9116 61 1 1469161513 0 0 15 0 0 0 61 96 0 0 0
9117 10 0 0 0 0 0 0 0 0 0 96 0 0 0
9118 42 0 0 0 0 0 0 0 0 42 42 0 0 0
9119 32 0 0 0 0 0 0 0 0 42 42 0 0 0
9120 105 0 0 0 0 0 0 0 0 96 42 0 0 1
9121 116 0 0 0 0 0 0 0 0 96 42 0 0 2
9122 101 0 0 0 0 0 0 0 0 96 42 0 0 3
9123 109 0 0 0 0 0 0 0 0 96 42 0 0 4
9124 32 1 4268574925 0 0 15 0 0 0 96 42 0 0 0
9125 111 1 4268574925 0 0 15 0 0 0 96 42 0 0 1
9126 110 1 4268574925 0 0 15 0 0 0 96 42 0 0 2
9127 101 1 4268574925 0 0 15 0 0 0 96 42 0 0 3
9128 32 2 2886769829 131072 0 254 0 0 0 96 42 0 0 0
9129 40 2 2886769829 131072 0 254 0 0 0 96 42 0 0 0
9130 102 2 2886769829 131072 0 254 0 0 0 96 42 0 0 1
9131 105 2 2886769829 131072 0 254 0 0 0 96 42 0 0 2
9132 114 2 2886769829 131072 0 254 0 0 0 96 42 0 0 3
9133 115 2 2886769829 131072 0 254 0 0 0 96 42 0 0 4
9134 116 2 2886769829 131072 0 254 0 0 0 96 42 0 0 5
9135 41 2 2886769829 131072 0 65264 0 0 0 96 42 0 0 0
9136 10 0 0 0 0 0 0 0 0 0 42 0 0 0
9137 42 0 0 0 0 0 0 0 0 42 42 0 0 0
9138 32 0 0 0 0 0 0 0 0 42 42 0 0 0
9139 105 0 0 0 0 0 0 0 0 96 42 0 0 1
9140 116 0 0 0 0 0 0 0 0 96 42 0 0 2
9141 101 0 0 0 0 0 0 0 0 96 42 0 0 3
9142 109 0 0 0 0 0 0 0 0 96 42 0 0 4
9143 32 1 4268574925 0 0 15 0 0 0 96 42 0 0 0
9144 116 1 4268574925 0 0 15 0 0 0 96 42 0 0 1
9145 119 1 4268574925 0 0 15 0 0 0 96 42 0 0 2
9146 111 1 4268574925 0 0 15 0 0 0 96 42 0 0 3
9147 32 2 3240990863 131072 0 254 0 0 0 96 42 0 0 0
9148 91 2 3240990863 131072 0 254 0 0 0 96 91 0 0 0
9149 104 2 3240990863 131072 0 254 0 0 0 96 91 0 0 1
9150 116 2 3240990863 131072 0 254 0 0 0 96 91 0 0 2
9151 116 2 3240990863 131072 0 254 0 0 0 96 91 0 0 3
9152 112 2 3240990863 131072 0 254 0 0 0 96 91 0 0 4
9153 58 3 876852720 0 0 4079 0 0 0 96 91 0 0 0
9154 47 3 876852720 0 0 4079 0 0 0 96 91 0 0 0
9155 47 3 876852720 0 0 4079 0 0 0 96 91 0 0 0
9156 101 3 876852720 0 0 4079 0 0 0 96 91 0 0 1
9157 120 3 876852720 0 0 4079 0 0 0 96 91 0 0 2
9158 97 3 876852720 0 0 4079 0 0 0 96 91 0 0 3
9159 109 3 876852720 0 0 4079 0 0 0 96 91 0 0 4
9160 112 3 876852720 0 0 4079 0 0 0 96 91 0 0 5
9161 108 3 876852720 0 0 4079 0 0 0 96 91 0 0 6
9162 101 3 876852720 0 0 4079 0 0 0 96 91 0 0 7
9163 46 4 3291829868 0 0 1044464 0 0 0 96 91 0 0 0
9164 111 4 3291829868 0 0 1044464 0 0 0 96 91 0 0 1
9165 114 4 3291829868 0 0 1044464 0 0 0 96 91 0 0 2
9166 103 4 3291829868 0 0 1044464 0 0 0 96 91 0 0 3
9167 32 5 2886803495 0 0 16711439 0 0 0 96 91 0 0 0
9168 108 5 2886803495 0 0 16711439 0 0 0 96 91 0 0 1
9169 105 5 2886803495 0 0 16711439 0 0 0 96 91 0 0 2
9170 110 5 2886803495 0 0 16711439 0 0 0 96 91 0 0 3
9171 107 5 2886803495 0 0 16711439 0 0 0 96 91 0 0 4
9172 93 6 780174507 0 0 267383039 0 0 0 96 42 0 0 0
9173 32 6 780174507 0 0 267383039 0 0 1 64 42 0 0 0
9174 116 6 780174507 0 0 267383039 0 0 1 64 42 0 0 1
9175 101 6 780174507 0 0 267383039 0 0 1 64 42 0 0 2
9176 120 6 780174507 0 0 267383039 0 0 1 64 42 0 0 3
9177 116 6 780174507 0 0 267383039 0 0 1 64 42 0 0 4
9178 10 0 0 0 0 0 0 0 0 0 42 0 0 0
9179 84 0 0 0 0 0 0 0 0 84 42 0 0 0
9180 104 0 0 0 0 0 0 0 0 84 42 0 0 1
9181 101 0 0 0 0 0 0 0 0 84 42 0 0 2
9182 32 1 1118424933 2048 0 4 0 0 0 84 42 0 0 0
9183 123 1 1118424933 2048 0 4 0 0 0 84 42 0 0 0
9184 123 1 1118424933 2048 0 4 0 0 0 84 42 0 0 0
9185 99 1 1118424933 2048 0 4 0 0 0 84 42 0 0 1
9186 105 1 1118424933 2048 0 4 0 0 0 84 42 0 0 2
9187 116 1 1118424933 2048 0 4 0 0 0 84 42 0 0 3
9188 101 1 1118424933 2048 0 4 0 0 0 84 42 0 0 4
9189 124 2 318360037 0 0 79 0 0 0 84 42 0 0 0
9190 121 2 318360037 0 0 79 0 0 0 84 42 0 0 1
9191 101 2 318360037 0 0 79 0 0 0 84 42 0 0 2
9192 97 2 318360037 0 0 79 0 0 0 84 42 0 0 3
9193 114 2 318360037 0 0 79 0 0 0 84 42 0 0 4
9194 61 3 1641105746 0 0 1279 0 0 0 84 42 0 0 0
9195 49 3 1641105746 0 0 1279 0 0 0 84 42 0 0 0
9196 56 3 1641105746 0 0 1279 0 0 0 84 42 0 0 0
9197 48 3 1641105746 0 0 1279 0 0 0 84 42 0 0 0
9198 49 3 1641105746 0 0 1279 0 0 0 84 42 0 0 0
9199 125 4 1368491697 131072 0 1279 0 0 0 84 42 0 0 0
9200 125 4 1368491697 131072 0 1279 0 0 0 84 42 0 0 0
9201 32 4 1368491697 131072 0 1279 0 0 0 84 42 0 0 0
9202 115 4 1368491697 131072 0 1279 0 0 0 84 42 0 0 1
9203 97 4 1368491697 131072 0 1279 0 0 0 84 42 0 0 2
9204 105 4 1368491697 131072 0 1279 0 0 0 84 42 0 0 3
9205 100 4 1368491697 131072 0 1279 0 0 0 84 42 0 0 4
9206 58 5 2481602628 0 0 20479 0 0 0 84 42 0 0 0
9207 32 5 2481602628 0 0 20479 0 0 0 84 42 0 0 0
9208 34 5 2481602628 0 0 20479 0 0 0 84 42 0 0 0
9209 104 5 2481602628 0 0 20479 0 0 0 84 42 0 0 1
9210 101 5 2481602628 0 0 20479 0 0 0 84 42 0 0 2
9211 108 5 2481602628 0 0 20479 0 0 0 84 42 0 0 3
9212 108 5 2481602628 0 0 20479 0 0 0 84 42 0 0 4
9213 111 5 2481602628 0 0 20479 0 0 0 84 42 0 0 5
9214 44 6 933891823 0 0 327679 0 0 0 84 42 0 0 0
9215 32 6 933891823 0 0 327679 0 0 0 84 42 0 0 0
9216 119 6 933891823 0 0 327679 0 0 0 84 42 0 0 1
9217 111 6 933891823 0 0 327679 0 0 0 84 42 0 0 2
9218 114 6 933891823 0 0 327679 0 0 0 84 42 0 0 3
9219 108 6 933891823 0 0 327679 0 0 0 84 42 0 0 4
9220 100 6 933891823 0 0 327679 0 0 0 84 42 0 0 5
9221 33 7 1101113060 0 0 5242879 0 0 0 84 42 0 0 0
9222 34 7 1101113060 0 0 5242879 0 0 0 84 42 0 0 0
9223 10 0 0 0 0 0 0 0 0 0 42 0 0 0
9224 60 0 0 0 0 0 0 0 0 60 42 0 0 0
9225 114 0 0 0 0 0 0 0 0 60 42 0 0 1
9226 101 0 0 0 0 0 0 0 0 60 42 0 0 2
9227 102 0 0 0 0 0 0 0 0 60 42 0 0 3
9228 62 1 3099181254 0 0 15 0 0 0 60 42 0 0 0
9229 110 1 3099181254 0 0 15 0 0 0 60 42 0 0 1
9230 111 1 3099181254 0 0 15 0 0 0 60 42 0 0 2
9231 116 1 3099181254 0 0 15 0 0 0 60 42 0 0 3
9232 101 1 3099181254 0 0 15 0 0 0 60 42 0 0 4
9233 32 2 3693928933 0 0 255 0 0 0 60 42 0 0 0
9234 49 2 3693928933 0 0 255 0 0 0 60 42 0 0 0
9235 50 2 3693928933 0 0 255 0 0 0 60 42 0 0 0
9236 44 3 103146 131072 0 255 0 0 0 60 42 0 0 0
9237 51 3 103146 131072 0 255 0 0 0 60 42 0 0 0
9238 52 3 103146 131072 0 255 0 0 0 60 42 0 0 0
9239 53 3 103146 131072 0 255 0 0 0 60 42 0 0 0
9240 46 0 0 0 0 4080 0 0 0 60 42 0 0 0
9241 54 0 0 0 0 4080 0 0 0 60 42 0 0 0
9242 55 0 0 0 0 4080 0 0 0 60 42 0 0 0
9243 32 1 113671 131072 0 4080 0 0 0 60 42 0 0 0
9244 104 1 113671 131072 0 4080 0 0 0 60 42 0 0 1
9245 101 1 113671 131072 0 4080 0 0 0 60 42 0 0 2
9246 114 1 113671 131072 0 4080 0 0 0 60 42 0 0 3
9247 101 1 113671 131072 0 4080 0 0 0 60 42 0 0 4
9248 60 2 4109367333 0 0 65295 0 0 0 60 42 0 0 0
9249 47 2 4109367333 0 0 65295 0 0 0 60 42 0 0 0
9250 114 2 4109367333 0 0 65295 0 0 0 60 42 0 0 1
9251 101 2 4109367333 0 0 65295 0 0 0 60 42 0 0 2
9252 102 2 4109367333 0 0 65295 0 0 0 60 42 0 0 3
9253 62 3 3099181254 0 0 1044735 0 0 0 60 42 0 0 0
9254 10 0 0 0 0 0 0 0 0 0 42 0 0 0
9255 65 0 0 0 0 0 0 0 0 65 42 0 0 0
9256 32 0 0 0 0 0 0 0 0 65 42 0 0 0
9257 108 0 0 0 0 0 0 0 0 65 42 0 0 1
9258 105 0 0 0 0 0 0 0 0 65 42 0 0 2
9259 110 0 0 0 0 0 0 0 0 65 42 0 0 3
9260 101 0 0 0 0 0 0 0 0 65 42 0 0 4
9261 32 1 780174501 0 0 15 0 0 0 65 42 0 0 0
9262 119 1 780174501 0 0 15 0 0 0 65 42 0 0 1
9263 105 1 780174501 0 0 15 0 0 0 65 42 0 0 2
9264 116 1 780174501 0 0 15 0 0 0 65 42 0 0 3
9265 104 1 780174501 0 0 15 0 0 0 65 42 0 0 4
9266 32 2 3730819560 65536 0 248 0 0 0 65 42 0 0 0
9267 110 2 3730819560 65536 0 248 0 0 0 65 42 0 0 1
9268 117 2 3730819560 65536 0 248 0 0 0 65 42 0 0 2
9269 109 2 3730819560 65536 0 248 0 0 0 65 42 0 0 3
9270 98 2 3730819560 65536 0 248 0 0 0 65 42 0 0 4
9271 101 2 3730819560 65536 0 248 0 0 0 65 42 0 0 5
9272 114 2 3730819560 65536 0 248 0 0 0 65 42 0 0 6
9273 115 2 3730819560 65536 0 248 0 0 0 65 42 0 0 7
9274 32 3 3416096978 8 0 3978 0 0 0 65 42 0 0 0
9275 52 3 3416096978 8 0 3978 0 0 0 65 42 0 0 0
9276 50 3 3416096978 8 0 3978 0 0 0 65 42 0 0 0
9277 32 4 109458 131072 0 3978 0 0 0 65 42 0 0 0
9278 97 4 109458 131072 0 3978 0 0 0 65 42 0 0 1
9279 110 4 109458 131072 0 3978 0 0 0 65 42 0 0 2
9280 100 4 109458 131072 0 3978 0 0 0 65 42 0 0 3
9281 32 5 1895163044 32768 0 63655 0 0 0 65 42 0 0 0
9282 51 5 1895163044 32768 0 63655 0 0 0 65 42 0 0 0
9283 46 0 0 0 0 1018480 0 0 0 65 42 0 0 0
9284 49 0 0 0 0 1018480 0 0 0 65 42 0 0 0
9285 52 0 0 0 0 1018480 0 0 0 65 42 0 0 0
9286 32 1 103148 131072 0 1018480 0 0 0 65 42 0 0 0
9287 97 1 103148 131072 0 1018480 0 0 0 65 42 0 0 1
9288 110 1 103148 131072 0 1018480 0 0 0 65 42 0 0 2
9289 100 1 103148 131072 0 1018480 0 0 0 65 42 0 0 3
9290 32 2 1895163044 32768 0 16295687 0 0 0 65 42 0 0 0
9291 49 2 1895163044 32768 0 16295687 0 0 0 65 42 0 0 0
9292 44 3 49 131072 0 16295687 0 0 0 65 42 0 0 0
9293 48 3 49 131072 0 16295687 0 0 0 65 42 0 0 0
9294 48 3 49 131072 0 16295687 0 0 0 65 42 0 0 0
9295 48 3 49 131072 0 16295687 0 0 0 65 42 0 0 0
9296 46 0 0 0 0 260730992 0 0 0 65 42 0 0 0
9297 10 0 0 0 0 0 0 0 0 0 42 0 0 0
9298 38 0 0 0 0 0 0 0 0 38 42 0 0 0
9299 110 0 0 0 0 0 0 0 0 38 42 0 0 1
9300 98 0 0 0 0 0 0 0 0 38 42 0 0 2
9301 115 0 0 0 0 0 0 0 0 38 42 0 0 3
9302 112 0 0 0 0 0 0 0 0 38 42 0 0 4
9303 59 1 2773142800 0 0 15 0 0 0 38 42 0 0 0
9304 32 1 2773142800 0 0 15 0 0 0 38 42 0 0 0
9305 115 1 2773142800 0 0 15 0 0 0 38 42 0 0 1
9306 111 1 2773142800 0 0 15 0 0 0 38 42 0 0 2
9307 109 1 2773142800 0 0 15 0 0 0 38 42 0 0 3
9308 101 1 2773142800 0 0 15 0 0 0 38 42 0 0 4
9309 32 2 3473243077 0 0 255 0 0 0 38 42 0 0 0
9310 38 2 3473243077 0 0 255 0 0 0 38 42 0 0 0
9311 97 2 3473243077 0 0 255 0 0 0 38 42 0 0 1
9312 109 2 3473243077 0 0 255 0 0 0 38 42 0 0 2
9313 112 2 3473243077 0 0 255 0 0 0 38 42 0 0 3
9314 59 3 1895154640 0 0 4095 0 0 0 38 42 0 0 0
9315 32 3 1895154640 0 0 4095 0 0 0 38 42 0 0 0
9316 101 3 1895154640 0 0 4095 0 0 0 38 42 0 0 1
9317 110 3 1895154640 0 0 4095 0 0 0 38 42 0 0 2
9318 116 3 1895154640 0 0 4095 0 0 0 38 42 0 0 3
9319 105 3 1895154640 0 0 4095 0 0 0 38 42 0 0 4
9320 116 3 1895154640 0 0 4095 0 0 0 38 42 0 0 5
9321 105 3 1895154640 0 0 4095 0 0 0 38 42 0 0 6
9322 101 3 1895154640 0 0 4095 0 0 0 38 42 0 0 7
9323 115 3 1895154640 0 0 4095 0 0 0 38 42 0 0 8
9324 32 4 1475168745 8 0 65530 0 0 0 38 42 0 0 0
9325 38 4 1475168745 8 0 65530 0 0 0 38 42 0 0 0
9326 108 4 1475168745 8 0 65530 0 0 0 38 42 0 0 1
9327 116 4 1475168745 8 0 65530 0 0 0 38 42 0 0 2
9328 59 5 1118458612 0 0 1048495 0 0 0 38 42 0 0 0
9329 116 5 1118458612 0 0 1048495 0 0 0 38 42 0 0 1
9330 97 5 1118458612 0 0 1048495 0 0 0 38 42 0 0 2
9331 103 5 1118458612 0 0 1048495 0 0 0 38 42 0 0 3
9332 38 6 3240805703 0 0 16775935 0 0 0 38 42 0 0 0
9333 103 6 3240805703 0 0 16775935 0 0 0 38 42 0 0 1
9334 116 6 3240805703 0 0 16775935 0 0 0 38 42 0 0 2
9335 59 7 1118416532 0 0 268414975 0 0 0 38 42 0 0 0
9336 10 0 0 0 0 0 0 0 0 0 42 0 0 0
9337 100 0 0 0 0 0 0 0 0 96 96 0 0 1
9338 111 0 0 0 0 0 0 0 0 96 96 0 0 2
9339 110 0 0 0 0 0 0 0 0 96 96 0 0 3
9340 39 0 0 0 0 0 0 0 0 96 96 0 0 4
9341 116 0 0 0 0 0 0 0 0 96 96 0 0 5
9342 32 1 1118391279 1024 0 13 0 0 0 96 96 0 0 0
9343 99 1 1118391279 1024 0 13 0 0 0 96 96 0 0 1
9344 97 1 1118391279 1024 0 13 0 0 0 96 96 0 0 2
9345 110 1 1118391279 1024 0 13 0 0 0 96 96 0 0 3
9346 39 1 1118391279 1024 0 13 0 0 0 96 96 0 0 4
9347 116 1 1118391279 1024 0 13 0 0 0 96 96 0 0 5
9348 32 2 2036711758 1024 0 221 0 0 0 96 96 0 0 0
9349 105 2 2036711758 1024 0 221 0 0 0 96 96 0 0 1
9350 116 2 2036711758 1024 0 221 0 0 0 96 96 0 0 2
9351 39 2 2036711758 1024 0 221 0 0 0 96 96 0 0 3
9352 115 2 2036711758 1024 0 221 0 0 0 96 96 0 0 4
9353 32 3 1118433364 1048584 0 3546 0 0 0 96 96 0 0 0
9354 116 3 1118433364 1048584 0 3546 0 0 0 96 96 0 0 1
9355 104 3 1118433364 1048584 0 3546 0 0 0 96 96 0 0 2
9356 101 3 1118433364 1048584 0 3546 0 0 0 96 96 0 0 3
9357 32 4 3240864613 16384 0 56742 0 0 0 96 96 0 0 0
9358 99 4 3240864613 16384 0 56742 0 0 0 96 96 0 0 1
9359 97 4 3240864613 16384 0 56742 0 0 0 96 96 0 0 2
9360 116 4 3240864613 16384 0 56742 0 0 0 96 96 0 0 3
9361 32 4 2036711764 2 0 907874 0 0 0 96 96 0 0 0
9362 115 4 2036711764 2 0 907874 0 0 0 96 96 0 0 1
9363 97 4 2036711764 2 0 907874 0 0 0 96 96 0 0 2
9364 116 4 2036711764 2 0 907874 0 0 0 96 96 0 0 3
9365 32 5 3169976660 0 0 14525999 0 0 0 96 96 0 0 0
9366 111 5 3169976660 0 0 14525999 0 0 0 96 96 0 0 1
9367 110 5 3169976660 0 0 14525999 0 0 0 96 96 0 0 2
9368 32 6 1118483854 65536 0 232415992 0 0 0 96 96 0 0 0
9369 116 6 1118483854 65536 0 232415992 0 0 0 96 96 0 0 1
9370 104 6 1118483854 65536 0 232415992 0 0 0 96 96 0 0 2
9371 101 6 1118483854 65536 0 232415992 0 0 0 96 96 0 0 3
9372 32 7 3240864613 16384 0 3718655878 0 0 0 96 96 0 0 0
9373 109 7 3240864613 16384 0 3718655878 0 0 0 96 96 0 0 1
9374 97 7 3240864613 16384 0 3718655878 0 0 0 96 96 0 0 2
9375 116 7 3240864613 16384 0 3718655878 0 0 0 96 96 0 0 3
9376 46 0 0 0 0 2788132384 0 0 0 96 96 0 0 0
9377 10 0 0 0 0 0 0 0 0 0 96 0 0 0
9378 250 0 0 0 0 0 0 0 0 96 96 0 0 0
9379 135 0 0 0 0 0 0 0 0 96 96 0 0 0
9380 195 0 0 0 0 0 0 0 0 96 96 0 0 0
9381 46 0 0 0 0 0 0 0 0 96 96 0 0 0
9382 213 0 0 0 0 0 0 0 0 96 96 0 0 0
9383 128 0 0 0 0 0 0 0 0 96 96 0 0 0
9384 46 0 0 0 0 0 0 0 0 96 96 0 0 0
9385 134 0 0 0 0 0 0 0 0 96 96 0 0 0
9386 221 0 0 0 0 0 0 0 0 96 96 0 0 0
9387 190 0 0 0 0 0 0 0 0 96 96 0 0 0
9388 32 0 0 0 0 0 0 0 0 96 96 0 0 0
9389 172 0 0 0 0 0 0 0 0 96 96 0 0 0
9390 10 0 0 0 0 0 0 0 0 0 96 0 0 0
9391 202 0 0 0 0 0 0 0 0 96 96 0 0 0
9392 242 0 0 0 0 0 0 0 0 96 96 0 0 0
9393 44 0 0 0 0 0 0 0 0 96 96 0 0 0
9394 137 0 0 0 0 0 0 0 0 96 96 0 0 0
9395 32 0 0 0 0 0 0 0 0 96 96 0 0 0
9396 151 0 0 0 0 0 0 0 0 96 96 0 0 0
9397 210 0 0 0 0 0 0 0 0 96 96 0 0 0
9398 183 0 0 0 0 0 0 0 0 96 96 0 0 0
9399 44 0 0 0 0 0 0 0 0 96 96 0 0 0
9400 132 0 0 0 0 0 0 0 0 96 96 0 0 0
9401 155 0 0 0 0 0 0 0 0 96 96 0 0 0
9402 10 0 0 0 0 0 0 0 0 0 96 0 0 0
9403 119 0 0 0 0 0 0 0 0 96 96 0 0 1
9404 111 0 0 0 0 0 0 0 0 96 96 0 0 2
9405 114 0 0 0 0 0 0 0 0 96 96 0 0 3
9406 100 0 0 0 0 0 0 0 0 96 96 0 0 4
9407 50 1 4155777060 0 0 15 0 0 0 96 96 0 0 0
9408 53 1 4155777060 0 0 15 0 0 0 96 96 0 0 0
9409 32 2 105253 131072 0 15 0 0 0 96 96 0 0 0
9410 97 2 105253 131072 0 15 0 0 0 96 96 0 0 1
9411 110 2 105253 131072 0 15 0 0 0 96 96 0 0 2
9412 111 2 105253 131072 0 15 0 0 0 96 96 0 0 3
9413 116 2 105253 131072 0 15 0 0 0 96 96 0 0 4
9414 104 2 105253 131072 0 15 0 0 0 96 96 0 0 5
9415 101 2 105253 131072 0 15 0 0 0 96 96 0 0 6
9416 114 2 105253 131072 0 15 0 0 0 96 96 0 0 7
9417 32 3 91021800 0 0 255 0 0 0 96 96 0 0 0
9418 91 3 91021800 0 0 255 0 0 0 96 91 0 0 0
9419 91 3 91021800 0 0 255 0 0 0 96 91 0 0 0
9420 65 3 91021800 0 0 255 0 0 0 96 91 0 0 0
9421 110 3 91021800 0 0 255 0 0 0 96 91 0 0 1
9422 110 3 91021800 0 0 255 0 0 0 96 91 0 0 2
9423 97 3 91021800 0 0 255 0 0 0 96 91 0 0 3
9424 93 4 2815940769 0 0 4095 0 0 0 96 91 0 0 0
9425 93 4 2815940769 0 0 4095 0 0 0 96 96 0 0 0
9426 32 4 2815940769 0 0 4095 0 0 0 96 96 0 0 0
9427 119 4 2815940769 0 0 4095 0 0 0 96 96 0 0 1
9428 97 4 2815940769 0 0 4095 0 0 0 96 96 0 0 2
9429 115 4 2815940769 0 0 4095 0 0 0 96 96 0 0 3
9430 32 5 3453292883 1 0 65521 3453292883 0 0 96 96 0 0 0
9431 97 5 3453292883 1 0 65521 3453292883 0 0 96 96 0 0 1
9432 32 6 1950627777 16384 0 1048342 3453292883 0 0 96 96 0 0 0
9433 39 6 1950627777 16384 0 1048342 3453292883 0 0 96 96 0 0 1
9434 39 7 1950627719 0 0 16773487 3453292883 0 0 96 96 0 0 0
9435 39 7 1950627719 0 0 16773487 3453292883 0 0 96 96 0 0 0
9436 113 7 1950627719 0 0 16773487 3453292883 0 0 96 96 0 0 1
9437 117 7 1950627719 0 0 16773487 3453292883 0 0 96 96 0 0 2
9438 101 7 1950627719 0 0 16773487 3453292883 0 0 96 96 0 0 3
9439 101 7 1950627719 0 0 16773487 3453292883 0 0 96 96 0 0 4
9440 110 7 1950627719 0 0 16773487 3453292883 0 0 96 96 0 0 5
9441 39 7 1950627719 0 0 16773487 3453292883 0 0 96 96 0 0 6
9442 39 8 3278097614 8 0 268375802 3453292883 0 0 96 96 0 0 0
9443 39 8 3278097614 8 0 268375802 3453292883 0 0 96 96 0 0 0
9444 32 8 3278097614 8 0 268375802 3453292883 0 0 96 96 0 0 0
9445 111 8 3278097614 8 0 268375802 3453292883 0 0 96 96 0 0 1
9446 102 8 3278097614 8 0 268375802 3453292883 0 0 96 96 0 0 2
9447 32 9 1118483846 65536 0 4294012840 3453292883 0 0 96 96 0 0 0
9448 91 9 1118483846 65536 0 4294012840 3453292883 0 0 96 91 0 0 0
9449 91 9 1118483846 65536 0 4294012840 3453292883 0 0 96 91 0 0 0
9450 70 9 1118483846 65536 0 4294012840 3453292883 0 0 96 91 0 0 0
9451 114 9 1118483846 65536 0 4294012840 3453292883 0 0 96 91 0 0 1
9452 97 9 1118483846 65536 0 4294012840 3453292883 0 0 96 91 0 0 2
9453 110 9 1118483846 65536 0 4294012840 3453292883 0 0 96 91 0 0 3
9454 99 9 1118483846 65536 0 4294012840 3453292883 0 0 96 91 0 0 4
9455 101 9 1118483846 65536 0 4294012840 3453292883 0 0 96 91 0 0 5
9456 93 10 3384763555 0 0 4279696015 3453292883 0 0 96 91 0 0 0
9457 93 10 3384763555 0 0 4279696015 3453292883 0 0 96 96 0 0 0
9458 32 10 3384763555 0 0 4279696015 3453292883 0 0 96 96 0 0 0
9459 105 10 3384763555 0 0 4279696015 3453292883 0 0 96 96 0 0 1
9460 110 10 3384763555 0 0 4279696015 3453292883 0 0 96 96 0 0 2
9461 32 11 1118433358 65536 0 4050626808 3453292883 0 0 96 96 0 0 0
9462 49 11 1118433358 65536 0 4050626808 3453292883 0 0 96 96 0 0 0
9463 55 11 1118433358 65536 0 4050626808 3453292883 0 0 96 96 0 0 0
9464 56 11 1118433358 65536 0 4050626808 3453292883 0 0 96 96 0 0 0
9465 57 11 1118433358 65536 0 4050626808 3453292883 0 0 96 96 0 0 0
9466 46 0 0 0 0 385519488 3453292883 0 0 96 96 0 0 0
9467 10 0 0 0 0 0 0 0 0 0 96 0 0 0
9468 61 0 0 0 0 0 0 0 0 61 96 0 0 0
9469 61 0 0 0 0 0 0 0 0 61 96 0 0 0
9470 32 0 0 0 0 0 0 0 0 61 96 0 0 0
9471 72 0 0 0 0 0 0 0 0 61 96 0 0 0
9472 105 0 0 0 0 0 0 0 0 61 96 0 0 1
9473 115 0 0 0 0 0 0 0 0 61 96 0 0 2
9474 116 0 0 0 0 0 0 0 0 61 96 0 0 3
9475 111 0 0 0 0 0 0 0 0 61 96 0 0 4
9476 114 0 0 0 0 0 0 0 0 61 96 0 0 5
9477 121 0 0 0 0 0 0 0 0 61 96 0 0 6
9478 32 1 1469161513 0 0 15 0 0 0 61 96 0 0 0
9479 61 1 1469161513 0 0 15 0 0 0 61 96 0 0 0
9480 61 1 1469161513 0 0 15 0 0 0 61 96 0 0 0
9481 10 0 0 0 0 0 0 0 0 0 96 0 0 0
9482 42 0 0 0 0 0 0 0 0 42 42 0 0 0
9483 32 0 0 0 0 0 0 0 0 42 42 0 0 0
9484 105 0 0 0 0 0 0 0 0 96 42 0 0 1
9485 116 0 0 0 0 0 0 0 0 96 42 0 0 2
9486 101 0 0 0 0 0 0 0 0 96 42 0 0 3
9487 109 0 0 0 0 0 0 0 0 96 42 0 0 4
9488 32 1 4268574925 0 0 15 0 0 0 96 42 0 0 0
9489 111 1 4268574925 0 0 15 0 0 0 96 42 0 0 1
9490 110 1 4268574925 0 0 15 0 0 0 96 42 0 0 2
9491 101 1 4268574925 0 0 15 0 0 0 96 42 0 0 3
9492 32 2 2886769829 131072 0 254 0 0 0 96 42 0 0 0
9493 40 2 2886769829 131072 0 254 0 0 0 96 42 0 0 0
9494 102 2 2886769829 131072 0 254 0 0 0 96 42 0 0 1
9495 105 2 2886769829 131072 0 254 0 0 0 96 42 0 0 2
9496 114 2 2886769829 131072 0 254 0 0 0 96 42 0 0 3
9497 115 2 2886769829 131072 0 254 0 0 0 96 42 0 0 4
9498 116 2 2886769829 131072 0 254 0 0 0 96 42 0 0 5
9499 41 2 2886769829 131072 0 65264 0 0 0 96 42 0 0 0
9500 10 0 0 0 0 0 0 0 0 0 42 0 0 0
9501 42 0 0 0 0 0 0 0 0 42 42 0 0 0
9502 32 0 0 0 0 0 0 0 0 42 42 0 0 0
9503 105 0 0 0 0 0 0 0 0 96 42 0 0 1
9504 116 0 0 0 0 0 0 0 0 96 42 0 0 2
9505 101 0 0 0 0 0 0 0 0 96 42 0 0 3
9506 109 0 0 0 0 0 0 0 0 96 42 0 0 4
9507 32 1 4268574925 0 0 15 0 0 0 96 42 0 0 0
9508 116 1 4268574925 0 0 15 0 0 0 96 42 0 0 1
9509 119 1 4268574925 0 0 15 0 0 0 96 42 0 0 2
9510 111 1 4268574925 0 0 15 0 0 0 96 42 0 0 3
9511 32 2 3240990863 131072 0 254 0 0 0 96 42 0 0 0
9512 91 2 3240990863 131072 0 254 0 0 0 96 91 0 0 0
9513 104 2 3240990863 131072 0 254 0 0 0 96 91 0 0 1
9514 116 2 3240990863 131072 0 254 0 0 0 96 91 0 0 2
9515 116 2 3240990863 131072 0 254 0 0 0 96 91 0 0 3
9516 112 2 3240990863 131072 0 254 0 0 0 96 91 0 0 4
9517 58 3 876852720 0 0 4079 0 0 0 96 91 0 0 0
9518 47 3 876852720 0 0 4079 0 0 0 96 91 0 0 0
9519 47 3 876852720 0 0 4079 0 0 0 96 91 0 0 0
9520 101 3 876852720 0 0 4079 0 0 0 96 91 0 0 1
9521 120 3 876852720 0 0 4079 0 0 0 96 91 0 0 2
9522 97 3 876852720 0 0 4079 0 0 0 96 91 0 0 3
9523 109 3 876852720 0 0 4079 0 0 0 96 91 0 0 4
9524 112 3 876852720 0 0 4079 0 0 0 96 91 0 0 5
9525 108 3 876852720 0 0 4079 0 0 0 96 91 0 0 6
9526 101 3 876852720 0 0 4079 0 0 0 96 91 0 0 7
9527 46 4 3291829868 0 0 1044464 0 0 0 96 91 0 0 0
9528 111 4 3291829868 0 0 1044464 0 0 0 96 91 0 0 1
9529 114 4 3291829868 0 0 1044464 0 0 0 96 91 0 0 2
9530 103 4 3291829868 0 0 1044464 0 0 0 96 91 0 0 3
9531 32 5 2886803495 0 0 16711439 0 0 0 96 91 0 0 0
9532 108 5 2886803495 0 0 16711439 0 0 0 96 91 0 0 1
9533 105 5 2886803495 0 0 16711439 0 0 0 96 91 0 0 2
9534 110 5 2886803495 0 0 16711439 0 0 0 96 91 0 0 3
9535 107 5 2886803495 0 0 16711439 0 0 0 96 91 0 0 4
9536 93 6 780174507 0 0 267383039 0 0 0 96 42 0 0 0
9537 32 6 780174507 0 0 267383039 0 0 1 64 42 0 0 0
9538 116 6 780174507 0 0 267383039 0 0 1 64 42 0 0 1
9539 101 6 780174507 0 0 267383039 0 0 1 64 42 0 0 2
9540 120 6 780174507 0 0 267383039 0 0 1 64 42 0 0 3
9541 116 6 780174507 0 0 267383039 0 0 1 64 42 0 0 4
9542 10 0 0 0 0 0 0 0 0 0 42 0 0 0
9543 84 0 0 0 0 0 0 0 0 84 42 0 0 0
9544 104 0 0 0 0 0 0 0 0 84 42 0 0 1
9545 101 0 0 0 0 0 0 0 0 84 42 0 0 2
9546 32 1 1118424933 2048 0 4 0 0 0 84 42 0 0 0
9547 123 1 1118424933 2048 0 4 0 0 0 84 42 0 0 0
9548 123 1 1118424933 2048 0 4 0 0 0 84 42 0 0 0
9549 99 1 1118424933 2048 0 4 0 0 0 84 42 0 0 1
9550 105 1 1118424933 2048 0 4 0 0 0 84 42 0 0 2
9551 116 1 1118424933 2048 0 4 0 0 0 84 42 0 0 3
9552 101 1 1118424933 2048 0 4 0 0 0 84 42 0 0 4
9553 124 2 318360037 0 0 79 0 0 0 84 42 0 0 0
9554 121 2 318360037 0 0 79 0 0 0 84 42 0 0 1
9555 101 2 318360037 0 0 79 0 0 0 84 42 0 0 2
9556 97 2 318360037 0 0 79 0 0 0 84 42 0 0 3
9557 114 2 318360037 0 0 79 0 0 0 84 42 0 0 4
9558 61 3 1641105746 0 0 1279 0 0 0 84 42 0 0 0
9559 49 3 1641105746 0 0 1279 0 0 0 84 42 0 0 0
9560 56 3 1641105746 0 0 1279 0 0 0 84 42 0 0 0
9561 48 3 1641105746 0 0 1279 0 0 0 84 42 0 0 0
9562 49 3 1641105746 0 0 1279 0 0 0 84 42 0 0 0
9563 125 4 1368491697 131072 0 1279 0 0 0 84 42 0 0 0
9564 125 4 1368491697 131072 0 1279 0 0 0 84 42 0 0 0
9565 32 4 1368491697 131072 0 1279 0 0 0 84 42 0 0 0
9566 115 4 1368491697 131072 0 1279 0 0 0 84 42 0 0 1
9567 97 4 1368491697 131072 0 1279 0 0 0 84 42 0 0 2
9568 105 4 1368491697 131072 0 1279 0 0 0 84 42 0 0 3
9569 100 4 1368491697 131072 0 1279 0 0 0 84 42 0 0 4
9570 58 5 2481602628 0 0 20479 0 0 0 84 42 0 0 0
9571 32 5 2481602628 0 0 20479 0 0 0 84 42 0 0 0
9572 34 5 2481602628 0 0 20479 0 0 0 84 42 0 0 0
9573 104 5 2481602628 0 0 20479 0 0 0 84 42 0 0 1
9574 101 5 2481602628 0 0 20479 0 0 0 84 42 0 0 2
9575 108 5 2481602628 0 0 20479 0 0 0 84 42 0 0 3
9576 108 5 2481602628 0 0 20479 0 0 0 84 42 0 0 4
9577 111 5 2481602628 0 0 20479 0 0 0 84 42 0 0 5
9578 44 6 933891823 0 0 327679 0 0 0 84 42 0 0 0
9579 32 6 933891823 0 0 327679 0 0 0 84 42 0 0 0
9580 119 6 933891823 0 0 327679 0 0 0 84 42 0 0 1
9581 111 6 933891823 0 0 327679 0 0 0 84 42 0 0 2
9582 114 6 933891823 0 0 327679 0 0 0 84 42 0 0 3
9583 108 6 933891823 0 0 327679 0 0 0 84 42 0 0 4
9584 100 6 933891823 0 0 327679 0 0 0 84 42 0 0 5
9585 33 7 1101113060 0 0 5242879 0 0 0 84 42 0 0 0
9586 34 7 1101113060 0 0 5242879 0 0 0 84 42 0 0 0
9587 10 0 0 0 0 0 0 0 0 0 42 0 0 0
9588 60 0 0 0 0 0 0 0 0 60 42 0 0 0
9589 114 0 0 0 0 0 0 0 0 60 42 0 0 1
9590 101 0 0 0 0 0 0 0 0 60 42 0 0 2
9591 102 0 0 0 0 0 0 0 0 60 42 0 0 3
9592 62 1 3099181254 0 0 15 0 0 0 60 42 0 0 0
9593 110 1 3099181254 0 0 15 0 0 0 60 42 0 0 1
9594 111 1 3099181254 0 0 15 0 0 0 60 42 0 0 2
9595 116 1 3099181254 0 0 15 0 0 0 60 42 0 0 3
9596 101 1 3099181254 0 0 15 0 0 0 60 42 0 0 4
9597 32 2 3693928933 0 0 255 0 0 0 60 42 0 0 0
9598 49 2 3693928933 0 0 255 0 0 0 60 42 0 0 0
9599 50 2 3693928933 0 0 255 0 0 0 60 42 0 0 0
9600 44 3 103146 131072 0 255 0 0 0 60 42 0 0 0
9601 51 3 103146 131072 0 255 0 0 0 60 42 0 0 0
9602 52 3 103146 131072 0 255 0 0 0 60 42 0 0 0
9603 53 3 103146 131072 0 255 0 0 0 60 42 0 0 0
9604 46 0 0 0 0 4080 0 0 0 60 42 0 0 0
9605 54 0 0 0 0 4080 0 0 0 60 42 0 0 0
9606 55 0 0 0 0 4080 0 0 0 60 42 0 0 0
9607 32 1 113671 131072 0 4080 0 0 0 60 42 0 0 0
9608 104 1 113671 131072 0 4080 0 0 0 60 42 0 0 1
9609 101 1 113671 131072 0 4080 0 0 0 60 42 0 0 2
9610 114 1 113671 131072 0 4080 0 0 0 60 42 0 0 3
9611 101 1 113671 131072 0 4080 0 0 0 60 42 0 0 4
9612 60 2 4109367333 0 0 65295 0 0 0 60 42 0 0 0
9613 47 2 4109367333 0 0 65295 0 0 0 60 42 0 0 0
9614 114 2 4109367333 0 0 65295 0 0 0 60 42 0 0 1
9615 101 2 4109367333 0 0 65295 0 0 0 60 42 0 0 2
9616 102 2 4109367333 0 0 65295 0 0 0 60 42 0 0 3
9617 62 3 3099181254 0 0 1044735 0 0 0 60 42 0 0 0
9618 10 0 0 0 0 0 0 0 0 0 42 0 0 0
9619 65 0 0 0 0 0 0 0 0 65 42 0 0 0
9620 32 0 0 0 0 0 0 0 0 65 42 0 0 0
9621 108 0 0 0 0 0 0 0 0 65 42 0 0 1
9622 105 0 0 0 0 0 0 0 0 65 42 0 0 2
9623 110 0 0 0 0 0 0 0 0 65 42 0 0 3
9624 101 0 0 0 0 0 0 0 0 65 42 0 0 4
9625 32 1 780174501 0 0 15 0 0 0 65 42 0 0 0
9626 119 1 780174501 0 0 15 0 0 0 65 42 0 0 1
9627 105 1 780174501 0 0 15 0 0 0 65 42 0 0 2
9628 116 1 780174501 0 0 15 0 0 0 65 42 0 0 3
9629 104 1 780174501 0 0 15 0 0 0 65 42 0 0 4
9630 32 2 3730819560 65536 0 248 0 0 0 65 42 0 0 0
9631 110 2 3730819560 65536 0 248 0 0 0 65 42 0 0 1
9632 117 2 3730819560 65536 0 248 0 0 0 65 42 0 0 2
9633 109 2 3730819560 65536 0 248 0 0 0 65 42 0 0 3
9634 98 2 3730819560 65536 0 248 0 0 0 65 42 0 0 4
9635 101 2 3730819560 65536 0 248 0 0 0 65 42 0 0 5
9636 114 2 3730819560 65536 0 248 0 0 0 65 42 0 0 6
9637 115 2 3730819560 65536 0 248 0 0 0 65 42 0 0 7
9638 32 3 3416096978 8 0 3978 0 0 0 65 42 0 0 0
9639 52 3 3416096978 8 0 3978 0 0 0 65 42 0 0 0
9640 50 3 3416096978 8 0 3978 0 0 0 65 42 0 0 0
9641 32 4 109458 131072 0 3978 0 0 0 65 42 0 0 0
9642 97 4 109458 131072 0 3978 0 0 0 65 42 0 0 1
9643 110 4 109458 131072 0 3978 0 0 0 65 42 0 0 2
9644 100 4 109458 131072 0 3978 0 0 0 65 42 0 0 3
9645 32 5 1895163044 32768 0 63655 0 0 0 65 42 0 0 0
9646 51 5 1895163044 32768 0 63655 0 0 0 65 42 0 0 0
9647 46 0 0 0 0 1018480 0 0 0 65 42 0 0 0
9648 49 0 0 0 0 1018480 0 0 0 65 42 0 0 0
9649 52 0 0 0 0 1018480 0 0 0 65 42 0 0 0
9650 32 1 103148 131072 0 1018480 0 0 0 65 42 0 0 0
9651 97 1 103148 131072 0 1018480 0 0 0 65 42 0 0 1
9652 110 1 103148 131072 0 1018480 0 0 0 65 42 0 0 2
9653 100 1 103148 131072 0 1018480 0 0 0 65 42 0 0 3
9654 32 2 1895163044 32768 0 16295687 0 0 0 65 42 0 0 0
9655 49 2 1895163044 32768 0 16295687 0 0 0 65 42 0 0 0
9656 44 3 49 131072 0 16295687 0 0 0 65 42 0 0 0
9657 48 3 49 131072 0 16295687 0 0 0 65 42 0 0 0
9658 48 3 49 131072 0 16295687 0 0 0 65 42 0 0 0
9659 48 3 49 131072 0 16295687 0 0 0 65 42 0 0 0
9660 46 0 0 0 0 260730992 0 0 0 65 42 0 0 0
9661 10 0 0 0 0 0 0 0 0 0 42 0 0 0
9662 38 0 0 0 0 0 0 0 0 38 42 0 0 0
9663 110 0 0 0 0 0 0 0 0 38 42 0 0 1
9664 98 0 0 0 0 0 0 0 0 38 42 0 0 2
9665 115 0 0 0 0 0 0 0 0 38 42 0 0 3
9666 112 0 0 0 0 0 0 0 0 38 42 0 0 4
9667 59 1 2773142800 0 0 15 0 0 0 38 42 0 0 0
9668 32 1 2773142800 0 0 15 0 0 0 38 42 0 0 0
9669 115 1 2773142800 0 0 15 0 0 0 38 42 0 0 1
9670 111 1 2773142800 0 0 15 0 0 0 38 42 0 0 2
9671 109 1 2773142800 0 0 15 0 0 0 38 42 0 0 3
9672 101 1 2773142800 0 0 15 0 0 0 38 42 0 0 4
9673 32 2 3473243077 0 0 255 0 0 0 38 42 0 0 0
9674 38 2 3473243077 0 0 255 0 0 0 38 42 0 0 0
9675 97 2 3473243077 0 0 255 0 0 0 38 42 0 0 1
9676 109 2 3473243077 0 0 255 0 0 0 38 42 0 0 2
9677 112 2 3473243077 0 0 255 0 0 0 38 42 0 0 3
9678 59 3 1895154640 0 0 4095 0 0 0 38 42 0 0 0
9679 32 3 1895154640 0 0 4095 0 0 0 38 42 0 0 0
9680 101 3 1895154640 0 0 4095 0 0 0 38 42 0 0 1
9681 110 3 1895154640 0 0 4095 0 0 0 38 42 0 0 2
9682 116 3 1895154640 0 0 4095 0 0 0 38 42 0 0 3
9683 105 3 1895154640 0 0 4095 0 0 0 38 42 0 0 4
9684 116 3 1895154640 0 0 4095 0 0 0 38 42 0 0 5
9685 105 3 1895154640 0 0 4095 0 0 0 38 42 0 0 6
9686 101 3 1895154640 0 0 4095 0 0 0 38 42 0 0 7
9687 115 3 1895154640 0 0 4095 0 0 0 38 42 0 0 8
9688 32 4 1475168745 8 0 65530 0 0 0 38 42 0 0 0
9689 38 4 1475168745 8 0 65530 0 0 0 38 42 0 0 0
9690 108 4 1475168745 8 0 65530 0 0 0 38 42 0 0 1
9691 116 4 1475168745 8 0 65530 0 0 0 38 42 0 0 2
9692 59 5 1118458612 0 0 1048495 0 0 0 38 42 0 0 0
9693 116 5 1118458612 0 0 1048495 0 0 0 38 42 0 0 1
9694 97 5 1118458612 0 0 1048495 0 0 0 38 42 0 0 2
9695 103 5 1118458612 0 0 1048495 0 0 0 38 42 0 0 3
9696 38 6 3240805703 0 0 16775935 0 0 0 38 42 0 0 0
9697 103 6 3240805703 0 0 16775935 0 0 0 38 42 0 0 1
9698 116 6 3240805703 0 0 16775935 0 0 0 38 42 0 0 2
9699 59 7 1118416532 0 0 268414975 0 0 0 38 42 0 0 0
9700 10 0 0 0 0 0 0 0 0 0 42 0 0 0
9701 100 0 0 0 0 0 0 0 0 96 96 0 0 1
9702 111 0 0 0 0 0 0 0 0 96 96 0 0 2
9703 110 0 0 0 0 0 0 0 0 96 96 0 0 3
9704 39 0 0 0 0 0 0 0 0 96 96 0 0 4
9705 116 0 0 0 0 0 0 0 0 96 96 0 0 5
9706 32 1 1118391279 1024 0 13 0 0 0 96 96 0 0 0
9707 99 1 1118391279 1024 0 13 0 0 0 96 96 0 0 1
9708 97 1 1118391279 1024 0 13 0 0 0 96 96 0 0 2
9709 110 1 1118391279 1024 0 13 0 0 0 96 96 0 0 3
9710 39 1 1118391279 1024 0 13 0 0 0 96 96 0 0 4
9711 116 1 1118391279 1024 0 13 0 0 0 96 96 0 0 5
9712 32 2 2036711758 1024 0 221 0 0 0 96 96 0 0 0
9713 105 2 2036711758 1024 0 221 0 0 0 96 96 0 0 1
9714 116 2 2036711758 1024 0 221 0 0 0 96 96 0 0 2
9715 39 2 2036711758 1024 0 221 0 0 0 96 96 0 0 3
9716 115 2 2036711758 1024 0 221 0 0 0 96 96 0 0 4
9717 32 3 1118433364 1048584 0 3546 0 0 0 96 96 0 0 0
9718 116 3 1118433364 1048584 0 3546 0 0 0 96 96 0 0 1
9719 104 3 1118433364 1048584 0 3546 0 0 0 96 96 0 0 2
9720 101 3 1118433364 1048584 0 3546 0 0 0 96 96 0 0 3
9721 32 4 3240864613 16384 0 56742 0 0 0 96 96 0 0 0
9722 99 4 3240864613 16384 0 56742 0 0 0 96 96 0 0 1
9723 97 4 3240864613 16384 0 56742 0 0 0 96 96 0 0 2
9724 116 4 3240864613 16384 0 56742 0 0 0 96 96 0 0 3
9725 32 4 2036711764 2 0 907874 0 0 0 96 96 0 0 0
9726 115 4 2036711764 2 0 907874 0 0 0 96 96 0 0 1
9727 97 4 2036711764 2 0 907874 0 0 0 96 96 0 0 2
9728 116 4 2036711764 2 0 907874 0 0 0 96 96 0 0 3
9729 32 5 3169976660 0 0 14525999 0 0 0 96 96 0 0 0
9730 111 5 3169976660 0 0 14525999 0 0 0 96 96 0 0 1
9731 110 5 3169976660 0 0 14525999 0 0 0 96 96 0 0 2
9732 32 6 1118483854 65536 0 232415992 0 0 0 96 96 0 0 0
9733 116 6 1118483854 65536 0 232415992 0 0 0 96 96 0 0 1
9734 104 6 1118483854 65536 0 232415992 0 0 0 96 96 0 0 2
9735 101 6 1118483854 65536 0 232415992 0 0 0 96 96 0 0 3
9736 32 7 3240864613 16384 0 3718655878 0 0 0 96 96 0 0 0
9737 109 7 3240864613 16384 0 3718655878 0 0 0 96 96 0 0 1
9738 97 7 3240864613 16384 0 3718655878 0 0 0 96 96 0 0 2
9739 116 7 3240864613 16384 0 3718655878 0 0 0 96 96 0 0 3
9740 46 0 0 0 0 2788132384 0 0 0 96 96 0 0 0
9741 10 0 0 0 0 0 0 0 0 0 96 0 0 0
9742 205 0 0 0 0 0 0 0 0 96 96 0 0 0
9743 163 0 0 0 0 0 0 0 0 96 96 0 0 0
9744 162 0 0 0 0 0 0 0 0 96 96 0 0 0
9745 44 0 0 0 0 0 0 0 0 96 96 0 0 0
9746 177 0 0 0 0 0 0 0 0 96 96 0 0 0
9747 247 0 0 0 0 0 0 0 0 96 96 0 0 0
9748 212 0 0 0 0 0 0 0 0 96 96 0 0 0
9749 10 0 0 0 0 0 0 0 0 0 96 0 0 0
9750 222 0 0 0 0 0 0 0 0 96 96 0 0 0
9751 161 0 0 0 0 0 0 0 0 96 96 0 0 0
9752 46 0 0 0 0 0 0 0 0 96 96 0 0 0
9753 242 0 0 0 0 0 0 0 0 96 96 0 0 0
9754 44 0 0 0 0 0 0 0 0 96 96 0 0 0
9755 254 0 0 0 0 0 0 0 0 96 96 0 0 0
9756 205 0 0 0 0 0 0 0 0 96 96 0 0 0
9757 191 0 0 0 0 0 0 0 0 96 96 0 0 0
9758 44 0 0 0 0 0 0 0 0 96 96 0 0 0
9759 191 0 0 0 0 0 0 0 0 96 96 0 0 0
9760 44 0 0 0 0 0 0 0 0 96 96 0 0 0
9761 130 0 0 0 0 0 0 0 0 96 96 0 0 0
9762 46 0 0 0 0 0 0 0 0 96 96 0 0 0
9763 198 0 0 0 0 0 0 0 0 96 96 0 0 0
9764 252 0 0 0 0 0 0 0 0 96 96 0 0 0
9765 131 0 0 0 0 0 0 0 0 96 96 0 0 0
9766 46 0 0 0 0 0 0 0 0 96 96 0 0 0
9767 119 0 0 0 0 0 0 0 0 96 96 0 0 1
9768 111 0 0 0 0 0 0 0 0 96 96 0 0 2
9769 114 0 0 0 0 0 0 0 0 96 96 0 0 3
9770 100 0 0 0 0 0 0 0 0 96 96 0 0 4
9771 50 1 4155777060 0 0 15 0 0 0 96 96 0 0 0
9772 54 1 4155777060 0 0 15 0 0 0 96 96 0 0 0
9773 32 2 105254 131072 0 15 0 0 0 96 96 0 0 0
9774 97 2 105254 131072 0 15 0 0 0 96 96 0 0 1
9775 110 2 105254 131072 0 15 0 0 0 96 96 0 0 2
9776 111 2 105254 131072 0 15 0 0 0 96 96 0 0 3
9777 116 2 105254 131072 0 15 0 0 0 96 96 0 0 4
9778 104 2 105254 131072 0 15 0 0 0 96 96 0 0 5
9779 101 2 105254 131072 0 15 0 0 0 96 96 0 0 6
9780 114 2 105254 131072 0 15 0 0 0 96 96 0 0 7
9781 32 3 91021800 0 0 255 0 0 0 96 96 0 0 0
9782 91 3 91021800 0 0 255 0 0 0 96 91 0 0 0
9783 91 3 91021800 0 0 255 0 0 0 96 91 0 0 0
9784 65 3 91021800 0 0 255 0 0 0 96 91 0 0 0
9785 110 3 91021800 0 0 255 0 0 0 96 91 0 0 1
9786 110 3 91021800 0 0 255 0 0 0 96 91 0 0 2
9787 97 3 91021800 0 0 255 0 0 0 96 91 0 0 3
9788 93 4 2815940769 0 0 4095 0 0 0 96 91 0 0 0
9789 93 4 2815940769 0 0 4095 0 0 0 96 96 0 0 0
9790 32 4 2815940769 0 0 4095 0 0 0 96 96 0 0 0
9791 119 4 2815940769 0 0 4095 0 0 0 96 96 0 0 1
9792 97 4 2815940769 0 0 4095 0 0 0 96 96 0 0 2
9793 115 4 2815940769 0 0 4095 0 0 0 96 96 0 0 3
9794 32 5 3453292883 1 0 65521 3453292883 0 0 96 96 0 0 0
9795 97 5 3453292883 1 0 65521 3453292883 0 0 96 96 0 0 1
9796 32 6 1950627777 16384 0 1048342 3453292883 0 0 96 96 0 0 0
9797 39 6 1950627777 16384 0 1048342 3453292883 0 0 96 96 0 0 1
9798 39 7 1950627719 0 0 16773487 3453292883 0 0 96 96 0 0 0
9799 39 7 1950627719 0 0 16773487 3453292883 0 0 96 96 0 0 0
9800 113 7 1950627719 0 0 16773487 3453292883 0 0 96 96 0 0 1
9801 117 7 1950627719 0 0 16773487 3453292883 0 0 96 96 0 0 2
9802 101 7 1950627719 0 0 16773487 3453292883 0 0 96 96 0 0 3
9803 101 7 1950627719 0 0 16773487 3453292883 0 0 96 96 0 0 4
9804 110 7 1950627719 0 0 16773487 3453292883 0 0 96 96 0 0 5
9805 39 7 1950627719 0 0 16773487 3453292883 0 0 96 96 0 0 6
9806 39 8 3278097614 8 0 268375802 3453292883 0 0 96 96 0 0 0
9807 39 8 3278097614 8 0 268375802 3453292883 0 0 96 96 0 0 0
9808 32 8 3278097614 8 0 268375802 3453292883 0 0 96 96 0 0 0
9809 111 8 3278097614 8 0 268375802 3453292883 0 0 96 96 0 0 1
9810 102 8 3278097614 8 0 268375802 3453292883 0 0 96 96 0 0 2
9811 32 9 1118483846 65536 0 4294012840 3453292883 0 0 96 96 0 0 0
9812 91 9 1118483846 65536 0 4294012840 3453292883 0 0 96 91 0 0 0
9813 91 9 1118483846 65536 0 4294012840 3453292883 0 0 96 91 0 0 0
9814 70 9 1118483846 65536 0 4294012840 3453292883 0 0 96 91 0 0 0
9815 114 9 1118483846 65536 0 4294012840 3453292883 0 0 96 91 0 0 1
9816 97 9 1118483846 65536 0 4294012840 3453292883 0 0 96 91 0 0 2
9817 110 9 1118483846 65536 0 4294012840 3453292883 0 0 96 91 0 0 3
9818 99 9 1118483846 65536 0 4294012840 3453292883 0 0 96 91 0 0 4
9819 101 9 1118483846 65536 0 4294012840 3453292883 0 0 96 91 0 0 5
9820 93 10 3384763555 0 0 4279696015 3453292883 0 0 96 91 0 0 0
9821 93 10 3384763555 0 0 4279696015 3453292883 0 0 96 96 0 0 0
9822 32 10 3384763555 0 0 4279696015 3453292883 0 0 96 96 0 0 0
9823 105 10 3384763555 0 0 4279696015 3453292883 0 0 96 96 0 0 1
9824 110 10 3384763555 0 0 4279696015 3453292883 0 0 96 96 0 0 2
9825 32 11 1118433358 65536 0 4050626808 3453292883 0 0 96 96 0 0 0
9826 49 11 1118433358 65536 0 4050626808 3453292883 0 0 96 96 0 0 0
9827 55 11 1118433358 65536 0 4050626808 3453292883 0 0 96 96 0 0 0
9828 56 11 1118433358 65536 0 4050626808 3453292883 0 0 96 96 0 0 0
9829 57 11 1118433358 65536 0 4050626808 3453292883 0 0 96 96 0 0 0
9830 46 0 0 0 0 385519488 3453292883 0 0 96 96 0 0 0
9831 10 0 0 0 0 0 0 0 0 0 96 0 0 0
9832 61 0 0 0 0 0 0 0 0 61 96 0 0 0
9833 61 0 0 0 0 0 0 0 0 61 96 0 0 0
9834 32 0 0 0 0 0 0 0 0 61 96 0 0 0
9835 72 0 0 0 0 0 0 0 0 61 96 0 0 0
9836 105 0 0 0 0 0 0 0 0 61 96 0 0 1
9837 115 0 0 0 0 0 0 0 0 61 96 0 0 2
9838 116 0 0 0 0 0 0 0 0 61 96 0 0 3
9839 111 0 0 0 0 0 0 0 0 61 96 0 0 4
9840 114 0 0 0 0 0 0 0 0 61 96 0 0 5
9841 121 0 0 0 0 0 0 0 0 61 96 0 0 6
9842 32 1 1469161513 0 0 15 0 0 0 61 96 0 0 0
9843 61 1 1469161513 0 0 15 0 0 0 61 96 0 0 0
9844 61 1 1469161513 0 0 15 0 0 0 61 96 0 0 0
9845 10 0 0 0 0 0 0 0 0 0 96 0 0 0
9846 42 0 0 0 0 0 0 0 0 42 42 0 0 0
9847 32 0 0 0 0 0 0 0 0 42 42 0 0 0
9848 105 0 0 0 0 0 0 0 0 96 42 0 0 1
9849 116 0 0 0 0 0 0 0 0 96 42 0 0 2
9850 101 0 0 0 0 0 0 0 0 96 42 0 0 3
9851 109 0 0 0 0 0 0 0 0 96 42 0 0 4
9852 32 1 4268574925 0 0 15 0 0 0 96 42 0 0 0
9853 111 1 4268574925 0 0 15 0 0 0 96 42 0 0 1
9854 110 1 4268574925 0 0 15 0 0 0 96 42 0 0 2
9855 101 1 4268574925 0 0 15 0 0 0 96 42 0 0 3
9856 32 2 2886769829 131072 0 254 0 0 0 96 42 0 0 0
9857 40 2 2886769829 131072 0 254 0 0 0 96 42 0 0 0
9858 102 2 2886769829 131072 0 254 0 0 0 96 42 0 0 1
9859 105 2 2886769829 131072 0 254 0 0 0 96 42 0 0 2
9860 114 2 2886769829 131072 0 254 0 0 0 96 42 0 0 3
9861 115 2 2886769829 131072 0 254 0 0 0 96 42 0 0 4
9862 116 2 2886769829 131072 0 254 0 0 0 96 42 0 0 5
9863 41 2 2886769829 131072 0 65264 0 0 0 96 42 0 0 0
9864 10 0 0 0 0 0 0 0 0 0 42 0 0 0
9865 42 0 0 0 0 0 0 0 0 42 42 0 0 0
9866 32 0 0 0 0 0 0 0 0 42 42 0 0 0
9867 105 0 0 0 0 0 0 0 0 96 42 0 0 1
9868 116 0 0 0 0 0 0 0 0 96 42 0 0 2
9869 101 0 0 0 0 0 0 0 0 96 42 0 0 3
9870 109 0 0 0 0 0 0 0 0 96 42 0 0 4
9871 32 1 4268574925 0 0 15 0 0 0 96 42 0 0 0
9872 116 1 4268574925 0 0 15 0 0 0 96 42 0 0 1
9873 119 1 4268574925 0 0 15 0 0 0 96 42 0 0 2
9874 111 1 4268574925 0 0 15 0 0 0 96 42 0 0 3
9875 32 2 3240990863 131072 0 254 0 0 0 96 42 0 0 0
9876 91 2 3240990863 131072 0 254 0 0 0 96 91 0 0 0
9877 104 2 3240990863 131072 0 254 0 0 0 96 91 0 0 1
9878 116 2 3240990863 131072 0 254 0 0 0 96 91 0 0 2
9879 116 2 3240990863 131072 0 254 0 0 0 96 91 0 0 3
9880 112 2 3240990863 131072 0 254 0 0 0 96 91 0 0 4
9881 58 3 876852720 0 0 4079 0 0 0 96 91 0 0 0
9882 47 3 876852720 0 0 4079 0 0 0 96 91 0 0 0
9883 47 3 876852720 0 0 4079 0 0 0 96 91 0 0 0
9884 101 3 876852720 0 0 4079 0 0 0 96 91 0 0 1
9885 120 3 876852720 0 0 4079 0 0 0 96 91 0 0 2
9886 97 3 876852720 0 0 4079 0 0 0 96 91 0 0 3
9887 109 3 876852720 0 0 4079 0 0 0 96 91 0 0 4
9888 112 3 876852720 0 0 4079 0 0 0 96 91 0 0 5
9889 108 3 876852720 0 0 4079 0 0 0 96 91 0 0 6
9890 101 3 876852720 0 0 4079 0 0 0 96 91 0 0 7
9891 46 4 3291829868 0 0 1044464 0 0 0 96 91 0 0 0
9892 111 4 3291829868 0 0 1044464 0 0 0 96 91 0 0 1
9893 114 4 3291829868 0 0 1044464 0 0 0 96 91 0 0 2
9894 103 4 3291829868 0 0 1044464 0 0 0 96 91 0 0 3
9895 32 5 2886803495 0 0 16711439 0 0 0 96 91 0 0 0
9896 108 5 2886803495 0 0 16711439 0 0 0 96 91 0 0 1
9897 105 5 2886803495 0 0 16711439 0 0 0 96 91 0 0 2
9898 110 5 2886803495 0 0 16711439 0 0 0 96 91 0 0 3
9899 107 5 2886803495 0 0 16711439 0 0 0 96 91 0 0 4
9900 93 6 780174507 0 0 267383039 0 0 0 96 42 0 0 0
9901 32 6 780174507 0 0 267383039 0 0 1 64 42 0 0 0
9902 116 6 780174507 0 0 267383039 0 0 1 64 42 0 0 1
9903 101 6 780174507 0 0 267383039 0 0 1 64 42 0 0 2
9904 120 6 780174507 0 0 267383039 0 0 1 64 42 0 0 3
9905 116 6 780174507 0 0 267383039 0 0 1 64 42 0 0 4
9906 10 0 0 0 0 0 0 0 0 0 42 0 0 0
9907 84 0 0 0 0 0 0 0 0 84 42 0 0 0
9908 104 0 0 0 0 0 0 0 0 84 42 0 0 1
9909 101 0 0 0 0 0 0 0 0 84 42 0 0 2
9910 32 1 1118424933 2048 0 4 0 0 0 84 42 0 0 0
9911 123 1 1118424933 2048 0 4 0 0 0 84 42 0 0 0
9912 123 1 1118424933 2048 0 4 0 0 0 84 42 0 0 0
9913 99 1 1118424933 2048 0 4 0 0 0 84 42 0 0 1
9914 105 1 1118424933 2048 0 4 0 0 0 84 42 0 0 2
9915 116 1 1118424933 2048 0 4 0 0 0 84 42 0 0 3
9916 101 1 1118424933 2048 0 4 0 0 0 84 42 0 0 4
9917 124 2 318360037 0 0 79 0 0 0 84 42 0 0 0
9918 121 2 318360037 0 0 79 0 0 0 84 42 0 0 1
9919 101 2 318360037 0 0 79 0 0 0 84 42 0 0 2
9920 97 2 318360037 0 0 79 0 0 0 84 42 0 0 3
9921 114 2 318360037 0 0 79 0 0 0 84 42 0 0 4
9922 61 3 1641105746 0 0 1279 0 0 0 84 42 0 0 0
9923 49 3 1641105746 0 0 1279 0 0 0 84 42 0 0 0
9924 56 3 1641105746 0 0 1279 0 0 0 84 42 0 0 0
9925 48 3 1641105746 0 0 1279 0 0 0 84 42 0 0 0
9926 49 3 1641105746 0 0 1279 0 0 0 84 42 0 0 0
9927 125 4 1368491697 131072 0 1279 0 0 0 84 42 0 0 0
9928 125 4 1368491697 131072 0 1279 0 0 0 84 42 0 0 0
9929 32 4 1368491697 131072 0 1279 0 0 0 84 42 0 0 0
9930 115 4 1368491697 131072 0 1279 0 0 0 84 42 0 0 1
9931 97 4 1368491697 131072 0 1279 0 0 0 84 42 0 0 2
9932 105 4 1368491697 131072 0 1279 0 0 0 84 42 0 0 3
9933 100 4 1368491697 131072 0 1279 0 0 0 84 42 0 0 4
9934 58 5 2481602628 0 0 20479 0 0 0 84 42 0 0 0
9935 32 5 2481602628 0 0 20479 0 0 0 84 42 0 0 0
9936 34 5 2481602628 0 0 20479 0 0 0 84 42 0 0 0
9937 104 5 2481602628 0 0 20479 0 0 0 84 42 0 0 1
9938 101 5 2481602628 0 0 20479 0 0 0 84 42 0 0 2
9939 108 5 2481602628 0 0 20479 0 0 0 84 42 0 0 3
9940 108 5 2481602628 0 0 20479 0 0 0 84 42 0 0 4
9941 111 5 2481602628 0 0 20479 0 0 0 84 42 0 0 5
9942 44 6 933891823 0 0 327679 0 0 0 84 42 0 0 0
9943 32 6 933891823 0 0 327679 0 0 0 84 42 0 0 0
9944 119 6 933891823 0 0 327679 0 0 0 84 42 0 0 1
9945 111 6 933891823 0 0 327679 0 0 0 84 42 0 0 2
9946 114 6 933891823 0 0 327679 0 0 0 84 42 0 0 3
9947 108 6 933891823 0 0 327679 0 0 0 84 42 0 0 4
9948 100 6 933891823 0 0 327679 0 0 0 84 42 0 0 5
9949 33 7 1101113060 0 0 5242879 0 0 0 84 42 0 0 0
9950 34 7 1101113060 0 0 5242879 0 0 0 84 42 0 0 0
9951 10 0 0 0 0 0 0 0 0 0 42 0 0 0
9952 60 0 0 0 0 0 0 0 0 60 42 0 0 0
9953 114 0 0 0 0 0 0 0 0 60 42 0 0 1
9954 101 0 0 0 0 0 0 0 0 60 42 0 0 2
9955 102 0 0 0 0 0 0 0 0 60 42 0 0 3
9956 62 1 3099181254 0 0 15 0 0 0 60 42 0 0 0
9957 110 1 3099181254 0 0 15 0 0 0 60 42 0 0 1
9958 111 1 3099181254 0 0 15 0 0 0 60 42 0 0 2
9959 116 1 3099181254 0 0 15 0 0 0 60 42 0 0 3
9960 101 1 3099181254 0 0 15 0 0 0 60 42 0 0 4
9961 32 2 3693928933 0 0 255 0 0 0 60 42 0 0 0
9962 49 2 3693928933 0 0 255 0 0 0 60 42 0 0 0
9963 50 2 3693928933 0 0 255 0 0 0 60 42 0 0 0
9964 44 3 103146 131072 0 255 0 0 0 60 42 0 0 0
9965 51 3 103146 131072 0 255 0 0 0 60 42 0 0 0
9966 52 3 103146 131072 0 255 0 0 0 60 42 0 0 0
9967 53 3 103146 131072 0 255 0 0 0 60 42 0 0 0
9968 46 0 0 0 0 4080 0 0 0 60 42 0 0 0
9969 54 0 0 0 0 4080 0 0 0 60 42 0 0 0
9970 55 0 0 0 0 4080 0 0 0 60 42 0 0 0
9971 32 1 113671 131072 0 4080 0 0 0 60 42 0 0 0
9972 104 1 113671 131072 0 4080 0 0 0 60 42 0 0 1
9973 101 1 113671 131072 0 4080 0 0 0 60 42 0 0 2
9974 114 1 113671 131072 0 4080 0 0 0 60 42 0 0 3
9975 101 1 113671 131072 0 4080 0 0 0 60 42 0 0 4
9976 60 2 4109367333 0 0 65295 0 0 0 60 42 0 0 0
9977 47 2 4109367333 0 0 65295 0 0 0 60 42 0 0 0
9978 114 2 4109367333 0 0 65295 0 0 0 60 42 0 0 1
9979 101 2 4109367333 0 0 65295 0 0 0 60 42 0 0 2
9980 102 2 4109367333 0 0 65295 0 0 0 60 42 0 0 3
9981 62 3 3099181254 0 0 1044735 0 0 0 60 42 0 0 0
9982 10 0 0 0 0 0 0 0 0 0 42 0 0 0
9983 65 0 0 0 0 0 0 0 0 65 42 0 0 0
9984 32 0 0 0 0 0 0 0 0 65 42 0 0 0
9985 108 0 0 0 0 0 0 0 0 65 42 0 0 1
9986 105 0 0 0 0 0 0 0 0 65 42 0 0 2
9987 110 0 0 0 0 0 0 0 0 65 42 0 0 3
9988 101 0 0 0 0 0 0 0 0 65 42 0 0 4
9989 32 1 780174501 0 0 15 0 0 0 65 42 0 0 0
9990 119 1 780174501 0 0 15 0 0 0 65 42 0 0 1
9991 105 1 780174501 0 0 15 0 0 0 65 42 0 0 2
9992 116 1 780174501 0 0 15 0 0 0 65 42 0 0 3
9993 104 1 780174501 0 0 15 0 0 0 65 42 0 0 4
9994 32 2 3730819560 65536 0 248 0 0 0 65 42 0 0 0
9995 110 2 3730819560 65536 0 248 0 0 0 65 42 0 0 1
9996 117 2 3730819560 65536 0 248 0 0 0 65 42 0 0 2
9997 109 2 3730819560 65536 0 248 0 0 0 65 42 0 0 3
9998 98 2 3730819560 65536 0 248 0 0 0 65 42 0 0 4
9999 101 2 3730819560 65536 0 248 0 0 0 65 42 0 0 5
10000 114 2 3730819560 65536 0 248 0 0 0 65 42 0 0 6
10001 115 2 3730819560 65536 0 248 0 0 0 65 42 0 0 7
10002 32 3 3416096978 8 0 3978 0 0 0 65 42 0 0 0
10003 52 3 3416096978 8 0 3978 0 0 0 65 42 0 0 0
10004 50 3 3416096978 8 0 3978 0 0 0 65 42 0 0 0
10005 32 4 109458 131072 0 3978 0 0 0 65 42 0 0 0
10006 97 4 109458 131072 0 3978 0 0 0 65 42 0 0 1
10007 110 4 109458 131072 0 3978 0 0 0 65 42 0 0 2
10008 100 4 109458 131072 0 3978 0 0 0 65 42 0 0 3
10009 32 5 1895163044 32768 0 63655 0 0 0 65 42 0 0 0
10010 51 5 1895163044 32768 0 63655 0 0 0 65 42 0 0 0
10011 46 0 0 0 0 1018480 0 0 0 65 42 0 0 0
10012 49 0 0 0 0 1018480 0 0 0 65 42 0 0 0
10013 52 0 0 0 0 1018480 0 0 0 65 42 0 0 0
10014 32 1 103148 131072 0 1018480 0 0 0 65 42 0 0 0
10015 97 1 103148 131072 0 1018480 0 0 0 65 42 0 0 1
10016 110 1 103148 131072 0 1018480 0 0 0 65 42 0 0 2
10017 100 1 103148 131072 0 1018480 0 0 0 65 42 0 0 3
10018 32 2 1895163044 32768 0 16295687 0 0 0 65 42 0 0 0
10019 49 2 1895163044 32768 0 16295687 0 0 0 65 42 0 0 0
10020 44 3 49 131072 0 16295687 0 0 0 65 42 0 0 0
10021 48 3 49 131072 0 16295687 0 0 0 65 42 0 0 0
10022 48 3 49 131072 0 16295687 0 0 0 65 42 0 0 0
10023 48 3 49 131072 0 16295687 0 0 0 65 42 0 0 0
10024 46 0 0 0 0 260730992 0 0 0 65 42 0 0 0
10025 10 0 0 0 0 0 0 0 0 0 42 0 0 0
10026 38 0 0 0 0 0 0 0 0 38 42 0 0 0
10027 110 0 0 0 0 0 0 0 0 38 42 0 0 1
10028 98 0 0 0 0 0 0 0 0 38 42 0 0 2
10029 115 0 0 0 0 0 0 0 0 38 42 0 0 3
10030 112 0 0 0 0 0 0 0 0 38 42 0 0 4
10031 59 1 2773142800 0 0 15 0 0 0 38 42 0 0 0
10032 32 1 2773142800 0 0 15 0 0 0 38 42 0 0 0
10033 115 1 2773142800 0 0 15 0 0 0 38 42 0 0 1
10034 111 1 2773142800 0 0 15 0 0 0 38 42 0 0 2
10035 109 1 2773142800 0 0 15 0 0 0 38 42 0 0 3
10036 101 1 2773142800 0 0 15 0 0 0 38 42 0 0 4
10037 32 2 3473243077 0 0 255 0 0 0 38 42 0 0 0
10038 38 2 3473243077 0 0 255 0 0 0 38 42 0 0 0
10039 97 2 3473243077 0 0 255 0 0 0 38 42 0 0 1
10040 109 2 3473243077 0 0 255 0 0 0 38 42 0 0 2
10041 112 2 3473243077 0 0 255 0 0 0 38 42 0 0 3
10042 59 3 1895154640 0 0 4095 0 0 0 38 42 0 0 0
10043 32 3 1895154640 0 0 4095 0 0 0 38 42 0 0 0
10044 101 3 1895154640 0 0 4095 0 0 0 38 42 0 0 1
10045 110 3 1895154640 0 0 4095 0 0 0 38 42 0 0 2
10046 116 3 1895154640 0 0 4095 0 0 0 38 42 0 0 3
10047 105 3 1895154640 0 0 4095 0 0 0 38 42 0 0 4
10048 116 3 1895154640 0 0 4095 0 0 0 38 42 0 0 5
10049 105 3 1895154640 0 0 4095 0 0 0 38 42 0 0 6
10050 101 3 1895154640 0 0 4095 0 0 0 38 42 0 0 7
10051 115 3 1895154640 0 0 4095 0 0 0 38 42 0 0 8
10052 32 4 1475168745 8 0 65530 0 0 0 38 42 0 0 0
10053 38 4 1475168745 8 0 65530 0 0 0 38 42 0 0 0
10054 108 4 1475168745 8 0 65530 0 0 0 38 42 0 0 1
10055 116 4 1475168745 8 0 65530 0 0 0 38 42 0 0 2
10056 59 5 1118458612 0 0 1048495 0 0 0 38 42 0 0 0
10057 116 5 1118458612 0 0 1048495 0 0 0 38 42 0 0 1
10058 97 5 1118458612 0 0 1048495 0 0 0 38 42 0 0 2
10059 103 5 1118458612 0 0 1048495 0 0 0 38 42 0 0 3
10060 38 6 3240805703 0 0 16775935 0 0 0 38 42 0 0 0
10061 103 6 3240805703 0 0 16775935 0 0 0 38 42 0 0 1
10062 116 6 3240805703 0 0 16775935 0 0 0 38 42 0 0 2
10063 59 7 1118416532 0 0 268414975 0 0 0 38 42 0 0 0
10064 10 0 0 0 0 0 0 0 0 0 42 0 0 0
10065 100 0 0 0 0 0 0 0 0 96 96 0 0 1
10066 111 0 0 0 0 0 0 0 0 96 96 0 0 2
10067 110 0 0 0 0 0 0 0 0 96 96 0 0 3
10068 39 0 0 0 0 0 0 0 0 96 96 0 0 4
10069 116 0 0 0 0 0 0 0 0 96 96 0 0 5
10070 32 1 1118391279 1024 0 13 0 0 0 96 96 0 0 0
10071 99 1 1118391279 1024 0 13 0 0 0 96 96 0 0 1
10072 97 1 1118391279 1024 0 13 0 0 0 96 96 0 0 2
10073 110 1 1118391279 1024 0 13 0 0 0 96 96 0 0 3
10074 39 1 1118391279 1024 0 13 0 0 0 96 96 0 0 4
10075 116 1 1118391279 1024 0 13 0 0 0 96 96 0 0 5
10076 32 2 2036711758 1024 0 221 0 0 0 96 96 0 0 0
10077 105 2 2036711758 1024 0 221 0 0 0 96 96 0 0 1
10078 116 2 2036711758 1024 0 221 0 0 0 96 96 0 0 2
10079 39 2 2036711758 1024 0 221 0 0 0 96 96 0 0 3
10080 115 2 2036711758 1024 0 221 0 0 0 96 96 0 0 4
10081 32 3 1118433364 1048584 0 3546 0 0 0 96 96 0 0 0
10082 116 3 1118433364 1048584 0 3546 0 0 0 96 96 0 0 1
10083 104 3 1118433364 1048584 0 3546 0 0 0 96 96 0 0 2
10084 101 3 1118433364 1048584 0 3546 0 0 0 96 96 0 0 3
10085 32 4 3240864613 16384 0 56742 0 0 0 96 96 0 0 0
10086 99 4 3240864613 16384 0 56742 0 0 0 96 96 0 0 1
10087 97 4 3240864613 16384 0 56742 0 0 0 96 96 0 0 2
10088 116 4 3240864613 16384 0 56742 0 0 0 96 96 0 0 3
10089 32 4 2036711764 2 0 907874 0 0 0 96 96 0 0 0
10090 115 4 2036711764 2 0 907874 0 0 0 96 96 0 0 1
10091 97 4 2036711764 2 0 907874 0 0 0 96 96 0 0 2
10092 116 4 2036711764 2 0 907874 0 0 0 96 96 0 0 3
10093 32 5 3169976660 0 0 14525999 0 0 0 96 96 0 0 0
10094 111 5 3169976660 0 0 14525999 0 0 0 96 96 0 0 1
10095 110 5 3169976660 0 0 14525999 0 0 0 96 96 0 0 2
10096 32 6 1118483854 65536 0 232415992 0 0 0 96 96 0 0 0
10097 116 6 1118483854 65536 0 232415992 0 0 0 96 96 0 0 1
10098 104 6 1118483854 65536 0 232415992 0 0 0 96 96 0 0 2
10099 101 6 1118483854 65536 0 232415992 0 0 0 96 96 0 0 3
10100 32 7 3240864613 16384 0 3718655878 0 0 0 96 96 0 0 0
10101 109 7 3240864613 16384 0 3718655878 0 0 0 96 96 0 0 1
10102 97 7 3240864613 16384 0 3718655878 0 0 0 96 96 0 0 2
10103 116 7 3240864613 16384 0 3718655878 0 0 0 96 96 0 0 3
10104 46 0 0 0 0 2788132384 0 0 0 96 96 0 0 0
10105 10 0 0 0 0 0 0 0 0 0 96 0 0 0
10106 193 0 0 0 0 0 0 0 0 96 96 0 0 0
10107 251 0 0 0 0 0 0 0 0 96 96 0 0 0
10108 32 0 0 0 0 0 0 0 0 96 96 0 0 0
10109 214 0 0 0 0 0 0 0 0 96 96 0 0 0
10110 183 0 0 0 0 0 0 0 0 96 96 0 0 0
10111 32 0 0 0 0 0 0 0 0 96 96 0 0 0
10112 223 0 0 0 0 0 0 0 0 96 96 0 0 0
10113 10 0 0 0 0 0 0 0 0 0 96 0 0 0
10114 175 0 0 0 0 0 0 0 0 96 96 0 0 0
10115 46 0 0 0 0 0 0 0 0 96 96 0 0 0
10116 151 0 0 0 0 0 0 0 0 96 96 0 0 0
10117 243 0 0 0 0 0 0 0 0 96 96 0 0 0
10118 32 0 0 0 0 0 0 0 0 96 96 0 0 0
10119 225 0 0 0 0 0 0 0 0 96 96 0 0 0
10120 156 0 0 0 0 0 0 0 0 96 96 0 0 0
10121 44 0 0 0 0 0 0 0 0 96 96 0 0 0
10122 155 0 0 0 0 0 0 0 0 96 96 0 0 0
10123 10 0 0 0 0 0 0 0 0 0 96 0 0 0
10124 169 0 0 0 0 0 0 0 0 96 96 0 0 0
10125 46 0 0 0 0 0 0 0 0 96 96 0 0 0
10126 119 0 0 0 0 0 0 0 0 96 96 0 0 1
10127 111 0 0 0 0 0 0 0 0 96 96 0 0 2
10128 114 0 0 0 0 0 0 0 0 96 96 0 0 3
10129 100 0 0 0 0 0 0 0 0 96 96 0 0 4
10130 50 1 4155777060 0 0 15 0 0 0 96 96 0 0 0
10131 55 1 4155777060 0 0 15 0 0 0 96 96 0 0 0
10132 32 2 105255 131072 0 15 0 0 0 96 96 0 0 0
10133 97 2 105255 131072 0 15 0 0 0 96 96 0 0 1
10134 110 2 105255 131072 0 15 0 0 0 96 96 0 0 2
10135 111 2 105255 131072 0 15 0 0 0 96 96 0 0 3
10136 116 2 105255 131072 0 15 0 0 0 96 96 0 0 4
10137 104 2 105255 131072 0 15 0 0 0 96 96 0 0 5
10138 101 2 105255 131072 0 15 0 0 0 96 96 0 0 6
10139 114 2 105255 131072 0 15 0 0 0 96 96 0 0 7
10140 32 3 91021800 0 0 255 0 0 0 96 96 0 0 0
10141 91 3 91021800 0 0 255 0 0 0 96 91 0 0 0
10142 91 3 91021800 0 0 255 0 0 0 96 91 0 0 0
10143 65 3 91021800 0 0 255 0 0 0 96 91 0 0 0
10144 110 3 91021800 0 0 255 0 0 0 96 91 0 0 1
10145 110 3 91021800 0 0 255 0 0 0 96 91 0 0 2
10146 97 3 91021800 0 0 255 0 0 0 96 91 0 0 3
10147 93 4 2815940769 0 0 4095 0 0 0 96 91 0 0 0
10148 93 4 2815940769 0 0 4095 0 0 0 96 96 0 0 0
10149 32 4 2815940769 0 0 4095 0 0 0 96 96 0 0 0
10150 119 4 2815940769 0 0 4095 0 0 0 96 96 0 0 1
10151 97 4 2815940769 0 0 4095 0 0 0 96 96 0 0 2
10152 115 4 2815940769 0 0 4095 0 0 0 96 96 0 0 3
10153 32 5 3453292883 1 0 65521 3453292883 0 0 96 96 0 0 0
10154 97 5 3453292883 1 0 65521 3453292883 0 0 96 96 0 0 1
10155 32 6 1950627777 16384 0 1048342 3453292883 0 0 96 96 0 0 0
10156 39 6 1950627777 16384 0 1048342 3453292883 0 0 96 96 0 0 1
10157 39 7 1950627719 0 0 16773487 3453292883 0 0 96 96 0 0 0
10158 39 7 1950627719 0 0 16773487 3453292883 0 0 96 96 0 0 0
10159 113 7 1950627719 0 0 16773487 3453292883 0 0 96 96 0 0 1
10160 117 7 1950627719 0 0 16773487 3453292883 0 0 96 96 0 0 2
10161 101 7 1950627719 0 0 16773487 3453292883 0 0 96 96 0 0 3
10162 101 7 1950627719 0 0 16773487 3453292883 0 0 96 96 0 0 4
10163 110 7 1950627719 0 0 16773487 3453292883 0 0 96 96 0 0 5
10164 39 7 1950627719 0 0 16773487 3453292883 0 0 96 96 0 0 6
10165 39 8 3278097614 8 0 268375802 3453292883 0 0 96 96 0 0 0
10166 39 8 3278097614 8 0 268375802 3453292883 0 0 96 96 0 0 0
10167 32 8 3278097614 8 0 268375802 3453292883 0 0 96 96 0 0 0
10168 111 8 3278097614 8 0 268375802 3453292883 0 0 96 96 0 0 1
10169 102 8 3278097614 8 0 268375802 3453292883 0 0 96 96 0 0 2
10170 32 9 1118483846 65536 0 4294012840 3453292883 0 0 96 96 0 0 0
10171 91 9 1118483846 65536 0 4294012840 3453292883 0 0 96 91 0 0 0
10172 91 9 1118483846 65536 0 4294012840 3453292883 0 0 96 91 0 0 0
10173 70 9 1118483846 65536 0 4294012840 3453292883 0 0 96 91 0 0 0
10174 114 9 1118483846 65536 0 4294012840 3453292883 0 0 96 91 0 0 1
10175 97 9 1118483846 65536 0 4294012840 3453292883 0 0 96 91 0 0 2
10176 110 9 1118483846 65536 0 4294012840 3453292883 0 0 96 91 0 0 3
10177 99 9 1118483846 65536 0 4294012840 3453292883 0 0 96 91 0 0 4
10178 101 9 1118483846 65536 0 4294012840 3453292883 0 0 96 91 0 0 5
10179 93 10 3384763555 0 0 4279696015 3453292883 0 0 96 91 0 0 0
10180 93 10 3384763555 0 0 4279696015 3453292883 0 0 96 96 0 0 0
10181 32 10 3384763555 0 0 4279696015 3453292883 0 0 96 96 0 0 0
10182 105 10 3384763555 0 0 4279696015 3453292883 0 0 96 96 0 0 1
10183 110 10 3384763555 0 0 4279696015 3453292883 0 0 96 96 0 0 2
10184 32 11 1118433358 65536 0 4050626808 3453292883 0 0 96 96 0 0 0
10185 49 11 1118433358 65536 0 4050626808 3453292883 0 0 96 96 0 0 0
10186 55 11 1118433358 65536 0 4050626808 3453292883 0 0 96 96 0 0 0
10187 56 11 1118433358 65536 0 4050626808 3453292883 0 0 96 96 0 0 0
10188 57 11 1118433358 65536 0 4050626808 3453292883 0 0 96 96 0 0 0
10189 46 0 0 0 0 385519488 3453292883 0 0 96 96 0 0 0
10190 10 0 0 0 0 0 0 0 0 0 96 0 0 0
10191 61 0 0 0 0 0 0 0 0 61 96 0 0 0
10192 61 0 0 0 0 0 0 0 0 61 96 0 0 0
10193 32 0 0 0 0 0 0 0 0 61 96 0 0 0
10194 72 0 0 0 0 0 0 0 0 61 96 0 0 0
10195 105 0 0 0 0 0 0 0 0 61 96 0 0 1
10196 115 0 0 0 0 0 0 0 0 61 96 0 0 2
10197 116 0 0 0 0 0 0 0 0 61 96 0 0 3
10198 111 0 0 0 0 0 0 0 0 61 96 0 0 4
10199 114 0 0 0 0 0 0 0 0 61 96 0 0 5
10200 121 0 0 0 0 0 0 0 0 61 96 0 0 6
10201 32 1 1469161513 0 0 15 0 0 0 61 96 0 0 0
10202 61 1 1469161513 0 0 15 0 0 0 61 96 0 0 0
10203 61 1 1469161513 0 0 15 0 0 0 61 96 0 0 0
10204 10 0 0 0 0 0 0 0 0 0 96 0 0 0
10205 42 0 0 0 0 0 0 0 0 42 42 0 0 0
10206 32 0 0 0 0 0 0 0 0 42 42 0 0 0
10207 105 0 0 0 0 0 0 0 0 96 42 0 0 1
10208 116 0 0 0 0 0 0 0 0 96 42 0 0 2
10209 101 0 0 0 0 0 0 0 0 96 42 0 0 3
10210 109 0 0 0 0 0 0 0 0 96 42 0 0 4
10211 32 1 4268574925 0 0 15 0 0 0 96 42 0 0 0
10212 111 1 4268574925 0 0 15 0 0 0 96 42 0 0 1
10213 110 1 4268574925 0 0 15 0 0 0 96 42 0 0 2
10214 101 1 4268574925 0 0 15 0 0 0 96 42 0 0 3
10215 32 2 2886769829 131072 0 254 0 0 0 96 42 0 0 0
10216 40 2 2886769829 131072 0 254 0 0 0 96 42 0 0 0
10217 102 2 2886769829 131072 0 254 0 0 0 96 42 0 0 1
10218 105 2 2886769829 131072 0 254 0 0 0 96 42 0 0 2
10219 114 2 2886769829 131072 0 254 0 0 0 96 42 0 0 3
10220 115 2 2886769829 131072 0 254 0 0 0 96 42 0 0 4
10221 116 2 2886769829 131072 0 254 0 0 0 96 42 0 0 5
10222 41 2 2886769829 131072 0 65264 0 0 0 96 42 0 0 0
10223 10 0 0 0 0 0 0 0 0 0 42 0 0 0
10224 42 0 0 0 0 0 0 0 0 42 42 0 0 0
10225 32 0 0 0 0 0 0 0 0 42 42 0 0 0
10226 105 0 0 0 0 0 0 0 0 96 42 0 0 1
10227 116 0 0 0 0 0 0 0 0 96 42 0 0 2
10228 101 0 0 0 0 0 0 0 0 96 42 0 0 3
10229 109 0 0 0 0 0 0 0 0 96 42 0 0 4
10230 32 1 4268574925 0 0 15 0 0 0 96 42 0 0 0
10231 116 1 4268574925 0 0 15 0 0 0 96 42 0 0 1
10232 119 1 4268574925 0 0 15 0 0 0 96 42 0 0 2
10233 111 1 4268574925 0 0 15 0 0 0 96 42 0 0 3
10234 32 2 3240990863 131072 0 254 0 0 0 96 42 0 0 0
10235 91 2 3240990863 131072 0 254 0 0 0 96 91 0 0 0
10236 104 2 3240990863 131072 0 254 0 0 0 96 91 0 0 1
10237 116 2 3240990863 131072 0 254 0 0 0 96 91 0 0 2
10238 116 2 3240990863 131072 0 254 0 0 0 96 91 0 0 3
10239 112 2 3240990863 131072 0 254 0 0 0 96 91 0 0 4
10240 58 3 876852720 0 0 4079 0 0 0 96 91 0 0 0
10241 47 3 876852720 0 0 4079 0 0 0 96 91 0 0 0
10242 47 3 876852720 0 0 4079 0 0 0 96 91 0 0 0
10243 101 3 876852720 0 0 4079 0 0 0 96 91 0 0 1
10244 120 3 876852720 0 0 4079 0 0 0 96 91 0 0 2
10245 97 3 876852720 0 0 4079 0 0 0 96 91 0 0 3
10246 109 3 876852720 0 0 4079 0 0 0 96 91 0 0 4
10247 112 3 876852720 0 0 4079 0 0 0 96 91 0 0 5
10248 108 3 876852720 0 0 4079 0 0 0 96 91 0 0 6
10249 101 3 876852720 0 0 4079 0 0 0 96 91 0 0 7
10250 46 4 3291829868 0 0 1044464 0 0 0 96 91 0 0 0
10251 111 4 3291829868 0 0 1044464 0 0 0 96 91 0 0 1
10252 114 4 3291829868 0 0 1044464 0 0 0 96 91 0 0 2
10253 103 4 3291829868 0 0 1044464 0 0 0 96 91 0 0 3
10254 32 5 2886803495 0 0 16711439 0 0 0 96 91 0 0 0
10255 108 5 2886803495 0 0 16711439 0 0 0 96 91 0 0 1
10256 105 5 2886803495 0 0 16711439 0 0 0 96 91 0 0 2
10257 110 5 2886803495 0 0 16711439 0 0 0 96 91 0 0 3
10258 107 5 2886803495 0 0 16711439 0 0 0 96 91 0 0 4
10259 93 6 780174507 0 0 267383039 0 0 0 96 42 0 0 0
10260 32 6 780174507 0 0 267383039 0 0 1 64 42 0 0 0
10261 116 6 780174507 0 0 267383039 0 0 1 64 42 0 0 1
10262 101 6 780174507 0 0 267383039 0 0 1 64 42 0 0 2
10263 120 6 780174507 0 0 267383039 0 0 1 64 42 0 0 3
10264 116 6 780174507 0 0 267383039 0 0 1 64 42 0 0 4
10265 10 0 0 0 0 0 0 0 0 0 42 0 0 0
10266 84 0 0 0 0 0 0 0 0 84 42 0 0 0
10267 104 0 0 0 0 0 0 0 0 84 42 0 0 1
10268 101 0 0 0 0 0 0 0 0 84 42 0 0 2
10269 32 1 1118424933 2048 0 4 0 0 0 84 42 0 0 0
10270 123 1 1118424933 2048 0 4 0 0 0 84 42 0 0 0
10271 123 1 1118424933 2048 0 4 0 0 0 84 42 0 0 0
10272 99 1 1118424933 2048 0 4 0 0 0 84 42 0 0 1
10273 105 1 1118424933 2048 0 4 0 0 0 84 42 0 0 2
10274 116 1 1118424933 2048 0 4 0 0 0 84 42 0 0 3
10275 101 1 1118424933 2048 0 4 0 0 0 84 42 0 0 4
10276 124 2 318360037 0 0 79 0 0 0 84 42 0 0 0
10277 121 2 318360037 0 0 79 0 0 0 84 42 0 0 1
10278 101 2 318360037 0 0 79 0 0 0 84 42 0 0 2
10279 97 2 318360037 0 0 79 0 0 0 84 42 0 0 3
10280 114 2 318360037 0 0 79 0 0 0 84 42 0 0 4
10281 61 3 1641105746 0 0 1279 0 0 0 84 42 0 0 0
10282 49 3 1641105746 0 0 1279 0 0 0 84 42 0 0 0
10283 56 3 1641105746 0 0 1279 0 0 0 84 42 0 0 0
10284 48 3 1641105746 0 0 1279 0 0 0 84 42 0 0 0
10285 49 3 1641105746 0 0 1279 0 0 0 84 42 0 0 0
10286 125 4 1368491697 131072 0 1279 0 0 0 84 42 0 0 0
10287 125 4 1368491697 131072 0 1279 0 0 0 84 42 0 0 0
10288 32 4 1368491697 131072 0 1279 0 0 0 84 42 0 0 0
10289 115 4 1368491697 131072 0 1279 0 0 0 84 42 0 0 1
10290 97 4 1368491697 131072 0 1279 0 0 0 84 42 0 0 2
10291 105 4 1368491697 131072 0 1279 0 0 0 84 42 0 0 3
10292 100 4 1368491697 131072 0 1279 0 0 0 84 42 0 0 4
10293 58 5 2481602628 0 0 20479 0 0 0 84 42 0 0 0
10294 32 5 2481602628 0 0 20479 0 0 0 84 42 0 0 0
10295 34 5 2481602628 0 0 20479 0 0 0 84 42 0 0 0
10296 104 5 2481602628 0 0 20479 0 0 0 84 42 0 0 1
10297 101 5 2481602628 0 0 20479 0 0 0 84 42 0 0 2
10298 108 5 2481602628 0 0 20479 0 0 0 84 42 0 0 3
10299 108 5 2481602628 0 0 20479 0 0 0 84 42 0 0 4
10300 111 5 2481602628 0 0 20479 0 0 0 84 42 0 0 5
10301 44 6 933891823 0 0 327679 0 0 0 84 42 0 0 0
10302 32 6 933891823 0 0 327679 0 0 0 84 42 0 0 0
10303 119 6 933891823 0 0 327679 0 0 0 84 42 0 0 1
10304 111 6 933891823 0 0 327679 0 0 0 84 42 0 0 2
10305 114 6 933891823 0 0 327679 0 0 0 84 42 0 0 3
10306 108 6 933891823 0 0 327679 0 0 0 84 42 0 0 4
10307 100 6 933891823 0 0 327679 0 0 0 84 42 0 0 5
10308 33 7 1101113060 0 0 5242879 0 0 0 84 42 0 0 0
10309 34 7 1101113060 0 0 5242879 0 0 0 84 42 0 0 0
10310 10 0 0 0 0 0 0 0 0 0 42 0 0 0
10311 60 0 0 0 0 0 0 0 0 60 42 0 0 0
10312 114 0 0 0 0 0 0 0 0 60 42 0 0 1
10313 101 0 0 0 0 0 0 0 0 60 42 0 0 2
10314 102 0 0 0 0 0 0 0 0 60 42 0 0 3
10315 62 1 3099181254 0 0 15 0 0 0 60 42 0 0 0
10316 110 1 3099181254 0 0 15 0 0 0 60 42 0 0 1
10317 111 1 3099181254 0 0 15 0 0 0 60 42 0 0 2
10318 116 1 3099181254 0 0 15 0 0 0 60 42 0 0 3
10319 101 1 3099181254 0 0 15 0 0 0 60 42 0 0 4
10320 32 2 3693928933 0 0 255 0 0 0 60 42 0 0 0
10321 49 2 3693928933 0 0 255 0 0 0 60 42 0 0 0
10322 50 2 3693928933 0 0 255 0 0 0 60 42 0 0 0
10323 44 3 103146 131072 0 255 0 0 0 60 42 0 0 0
10324 51 3 103146 131072 0 255 0 0 0 60 42 0 0 0
10325 52 3 103146 131072 0 255 0 0 0 60 42 0 0 0
10326 53 3 103146 131072 0 255 0 0 0 60 42 0 0 0
10327 46 0 0 0 0 4080 0 0 0 60 42 0 0 0
10328 54 0 0 0 0 4080 0 0 0 60 42 0 0 0
10329 55 0 0 0 0 4080 0 0 0 60 42 0 0 0
10330 32 1 113671 131072 0 4080 0 0 0 60 42 0 0 0
10331 104 1 113671 131072 0 4080 0 0 0 60 42 0 0 1
10332 101 1 113671 131072 0 4080 0 0 0 60 42 0 0 2
10333 114 1 113671 131072 0 4080 0 0 0 60 42 0 0 3
10334 101 1 113671 131072 0 4080 0 0 0 60 42 0 0 4
10335 60 2 4109367333 0 0 65295 0 0 0 60 42 0 0 0
10336 47 2 4109367333 0 0 65295 0 0 0 60 42 0 0 0
10337 114 2 4109367333 0 0 65295 0 0 0 60 42 0 0 1
10338 101 2 4109367333 0 0 65295 0 0 0 60 42 0 0 2
10339 102 2 4109367333 0 0 65295 0 0 0 60 42 0 0 3
10340 62 3 3099181254 0 0 1044735 0 0 0 60 42 0 0 0
10341 10 0 0 0 0 0 0 0 0 0 42 0 0 0
10342 65 0 0 0 0 0 0 0 0 65 42 0 0 0
10343 32 0 0 0 0 0 0 0 0 65 42 0 0 0
10344 108 0 0 0 0 0 0 0 0 65 42 0 0 1
10345 105 0 0 0 0 0 0 0 0 65 42 0 0 2
10346 110 0 0 0 0 0 0 0 0 65 42 0 0 3
10347 101 0 0 0 0 0 0 0 0 65 42 0 0 4
10348 32 1 780174501 0 0 15 0 0 0 65 42 0 0 0
10349 119 1 780174501 0 0 15 0 0 0 65 42 0 0 1
10350 105 1 780174501 0 0 15 0 0 0 65 42 0 0 2
10351 116 1 780174501 0 0 15 0 0 0 65 42 0 0 3
10352 104 1 780174501 0 0 15 0 0 0 65 42 0 0 4
10353 32 2 3730819560 65536 0 248 0 0 0 65 42 0 0 0
10354 110 2 3730819560 65536 0 248 0 0 0 65 42 0 0 1
10355 117 2 3730819560 65536 0 248 0 0 0 65 42 0 0 2
10356 109 2 3730819560 65536 0 248 0 0 0 65 42 0 0 3
10357 98 2 3730819560 65536 0 248 0 0 0 65 42 0 0 4
10358 101 2 3730819560 65536 0 248 0 0 0 65 42 0 0 5
10359 114 2 3730819560 65536 0 248 0 0 0 65 42 0 0 6
10360 115 2 3730819560 65536 0 248 0 0 0 65 42 0 0 7
10361 32 3 3416096978 8 0 3978 0 0 0 65 42 0 0 0
10362 52 3 3416096978 8 0 3978 0 0 0 65 42 0 0 0
10363 50 3 3416096978 8 0 3978 0 0 0 65 42 0 0 0
10364 32 4 109458 131072 0 3978 0 0 0 65 42 0 0 0
10365 97 4 109458 131072 0 3978 0 0 0 65 42 0 0 1
10366 110 4 109458 131072 0 3978 0 0 0 65 42 0 0 2
10367 100 4 109458 131072 0 3978 0 0 0 65 42 0 0 3
10368 32 5 1895163044 32768 0 63655 0 0 0 65 42 0 0 0
10369 51 5 1895163044 32768 0 63655 0 0 0 65 42 0 0 0
10370 46 0 0 0 0 1018480 0 0 0 65 42 0 0 0
10371 49 0 0 0 0 1018480 0 0 0 65 42 0 0 0
10372 52 0 0 0 0 1018480 0 0 0 65 42 0 0 0
10373 32 1 103148 131072 0 1018480 0 0 0 65 42 0 0 0
10374 97 1 103148 131072 0 1018480 0 0 0 65 42 0 0 1
10375 110 1 103148 131072 0 1018480 0 0 0 65 42 0 0 2
10376 100 1 103148 131072 0 1018480 0 0 0 65 42 0 0 3
10377 32 2 1895163044 32768 0 16295687 0 0 0 65 42 0 0 0
10378 49 2 1895163044 32768 0 16295687 0 0 0 65 42 0 0 0
10379 44 3 49 131072 0 16295687 0 0 0 65 42 0 0 0
10380 48 3 49 131072 0 16295687 0 0 0 65 42 0 0 0
10381 48 3 49 131072 0 16295687 0 0 0 65 42 0 0 0
10382 48 3 49 131072 0 16295687 0 0 0 65 42 0 0 0
10383 46 0 0 0 0 260730992 0 0 0 65 42 0 0 0
10384 10 0 0 0 0 0 0 0 0 0 42 0 0 0
10385 38 0 0 0 0 0 0 0 0 38 42 0 0 0
10386 110 0 0 0 0 0 0 0 0 38 42 0 0 1
10387 98 0 0 0 0 0 0 0 0 38 42 0 0 2
10388 115 0 0 0 0 0 0 0 0 38 42 0 0 3
10389 112 0 0 0 0 0 0 0 0 38 42 0 0 4
10390 59 1 2773142800 0 0 15 0 0 0 38 42 0 0 0
10391 32 1 2773142800 0 0 15 0 0 0 38 42 0 0 0
10392 115 1 2773142800 0 0 15 0 0 0 38 42 0 0 1
10393 111 1 2773142800 0 0 15 0 0 0 38 42 0 0 2
10394 109 1 2773142800 0 0 15 0 0 0 38 42 0 0 3
10395 101 1 2773142800 0 0 15 0 0 0 38 42 0 0 4
10396 32 2 3473243077 0 0 255 0 0 0 38 42 0 0 0
10397 38 2 3473243077 0 0 255 0 0 0 38 42 0 0 0
10398 97 2 3473243077 0 0 255 0 0 0 38 42 0 0 1
10399 109 2 3473243077 0 0 255 0 0 0 38 42 0 0 2
10400 112 2 3473243077 0 0 255 0 0 0 38 42 0 0 3
10401 59 3 1895154640 0 0 4095 0 0 0 38 42 0 0 0
10402 32 3 1895154640 0 0 4095 0 0 0 38 42 0 0 0
10403 101 3 1895154640 0 0 4095 0 0 0 38 42 0 0 1
10404 110 3 1895154640 0 0 4095 0 0 0 38 42 0 0 2
10405 116 3 1895154640 0 0 4095 0 0 0 38 42 0 0 3
10406 105 3 1895154640 0 0 4095 0 0 0 38 42 0 0 4
10407 116 3 1895154640 0 0 4095 0 0 0 38 42 0 0 5
10408 105 3 1895154640 0 0 4095 0 0 0 38 42 0 0 6
10409 101 3 1895154640 0 0 4095 0 0 0 38 42 0 0 7
10410 115 3 1895154640 0 0 4095 0 0 0 38 42 0 0 8
10411 32 4 1475168745 8 0 65530 0 0 0 38 42 0 0 0
10412 38 4 1475168745 8 0 65530 0 0 0 38 42 0 0 0
10413 108 4 1475168745 8 0 65530 0 0 0 38 42 0 0 1
10414 116 4 1475168745 8 0 65530 0 0 0 38 42 0 0 2
10415 59 5 1118458612 0 0 1048495 0 0 0 38 42 0 0 0
10416 116 5 1118458612 0 0 1048495 0 0 0 38 42 0 0 1
10417 97 5 1118458612 0 0 1048495 0 0 0 38 42 0 0 2
10418 103 5 1118458612 0 0 1048495 0 0 0 38 42 0 0 3
10419 38 6 3240805703 0 0 16775935 0 0 0 38 42 0 0 0
10420 103 6 3240805703 0 0 16775935 0 0 0 38 42 0 0 1
10421 116 6 3240805703 0 0 16775935 0 0 0 38 42 0 0 2
10422 59 7 1118416532 0 0 268414975 0 0 0 38 42 0 0 0
10423 10 0 0 0 0 0 0 0 0 0 42 0 0 0
10424 100 0 0 0 0 0 0 0 0 96 96 0 0 1
10425 111 0 0 0 0 0 0 0 0 96 96 0 0 2
10426 110 0 0 0 0 0 0 0 0 96 96 0 0 3
10427 39 0 0 0 0 0 0 0 0 96 96 0 0 4
10428 116 0 0 0 0 0 0 0 0 96 96 0 0 5
10429 32 1 1118391279 1024 0 13 0 0 0 96 96 0 0 0
10430 99 1 1118391279 1024 0 13 0 0 0 96 96 0 0 1
10431 97 1 1118391279 1024 0 13 0 0 0 96 96 0 0 2
10432 110 1 1118391279 1024 0 13 0 0 0 96 96 0 0 3
10433 39 1 1118391279 1024 0 13 0 0 0 96 96 0 0 4
10434 116 1 1118391279 1024 0 13 0 0 0 96 96 0 0 5
10435 32 2 2036711758 1024 0 221 0 0 0 96 96 0 0 0
10436 105 2 2036711758 1024 0 221 0 0 0 96 96 0 0 1
10437 116 2 2036711758 1024 0 221 0 0 0 96 96 0 0 2
10438 39 2 2036711758 1024 0 221 0 0 0 96 96 0 0 3
10439 115 2 2036711758 1024 0 221 0 0 0 96 96 0 0 4
10440 32 3 1118433364 1048584 0 3546 0 0 0 96 96 0 0 0
10441 116 3 1118433364 1048584 0 3546 0 0 0 96 96 0 0 1
10442 104 3 1118433364 1048584 0 3546 0 0 0 96 96 0 0 2
10443 101 3 1118433364 1048584 0 3546 0 0 0 96 96 0 0 3
10444 32 4 3240864613 16384 0 56742 0 0 0 96 96 0 0 0
10445 99 4 3240864613 16384 0 56742 0 0 0 96 96 0 0 1
10446 97 4 3240864613 16384 0 56742 0 0 0 96 96 0 0 2
10447 116 4 3240864613 16384 0 56742 0 0 0 96 96 0 0 3
10448 32 4 2036711764 2 0 907874 0 0 0 96 96 0 0 0
10449 115 4 2036711764 2 0 907874 0 0 0 96 96 0 0 1
10450 97 4 2036711764 2 0 907874 0 0 0 96 96 0 0 2
10451 116 4 2036711764 2 0 907874 0 0 0 96 96 0 0 3
10452 32 5 3169976660 0 0 14525999 0 0 0 96 96 0 0 0
10453 111 5 3169976660 0 0 14525999 0 0 0 96 96 0 0 1
10454 110 5 3169976660 0 0 14525999 0 0 0 96 96 0 0 2
10455 32 6 1118483854 65536 0 232415992 0 0 0 96 96 0 0 0
10456 116 6 1118483854 65536 0 232415992 0 0 0 96 96 0 0 1
10457 104 6 1118483854 65536 0 232415992 0 0 0 96 96 0 0 2
10458 101 6 1118483854 65536 0 232415992 0 0 0 96 96 0 0 3
10459 32 7 3240864613 16384 0 3718655878 0 0 0 96 96 0 0 0
10460 109 7 3240864613 16384 0 3718655878 0 0 0 96 96 0 0 1
10461 97 7 3240864613 16384 0 3718655878 0 0 0 96 96 0 0 2
10462 116 7 3240864613 16384 0 3718655878 0 0 0 96 96 0 0 3
10463 46 0 0 0 0 2788132384 0 0 0 96 96 0 0 0
10464 10 0 0 0 0 0 0 0 0 0 96 0 0 0
10465 178 0 0 0 0 0 0 0 0 96 96 0 0 0
10466 10 0 0 0 0 0 0 0 0 0 96 0 0 0
10467 182 0 0 0 0 0 0 0 0 96 96 0 0 0
10468 156 0 0 0 0 0 0 0 0 96 96 0 0 0
10469 230 0 0 0 0 0 0 0 0 96 96 0 0 0
10470 10 0 0 0 0 0 0 0 0 0 96 0 0 0
10471 222 0 0 0 0 0 0 0 0 96 96 0 0 0
10472 225 0 0 0 0 0 0 0 0 96 96 0 0 0
10473 200 0 0 0 0 0 0 0 0 96 96 0 0 0
10474 32 0 0 0 0 0 0 0 0 96 96 0 0 0
10475 211 0 0 0 0 0 0 0 0 96 96 0 0 0
10476 46 0 0 0 0 0 0 0 0 96 96 0 0 0
10477 153 0 0 0 0 0 0 0 0 96 96 0 0 0
10478 206 0 0 0 0 0 0 0 0 96 96 0 0 0
10479 32 0 0 0 0 0 0 0 0 96 96 0 0 0
10480 198 0 0 0 0 0 0 0 0 96 96 0 0 0
10481 46 0 0 0 0 0 0 0 0 96 96 0 0 0
10482 135 0 0 0 0 0 0 0 0 96 96 0 0 0
10483 196 0 0 0 0 0 0 0 0 96 96 0 0 0
10484 220 0 0 0 0 0 0 0 0 96 96 0 0 0
10485 32 0 0 0 0 0 0 0 0 96 96 0 0 0
10486 236 0 0 0 0 0 0 0 0 96 96 0 0 0
10487 251 0 0 0 0 0 0 0 0 96 96 0 0 0
10488 32 0 0 0 0 0 0 0 0 96 96 0 0 0
10489 119 0 0 0 0 0 0 0 0 96 96 0 0 1
10490 111 0 0 0 0 0 0 0 0 96 96 0 0 2
10491 114 0 0 0 0 0 0 0 0 96 96 0 0 3
10492 100 0 0 0 0 0 0 0 0 96 96 0 0 4
10493 50 1 4155777060 0 0 15 0 0 0 96 96 0 0 0
10494 56 1 4155777060 0 0 15 0 0 0 96 96 0 0 0
10495 32 2 105256 131072 0 15 0 0 0 96 96 0 0 0
10496 97 2 105256 131072 0 15 0 0 0 96 96 0 0 1
10497 110 2 105256 131072 0 15 0 0 0 96 96 0 0 2
10498 111 2 105256 131072 0 15 0 0 0 96 96 0 0 3
10499 116 2 105256 131072 0 15 0 0 0 96 96 0 0 4
10500 104 2 105256 131072 0 15 0 0 0 96 96 0 0 5
10501 101 2 105256 131072 0 15 0 0 0 96 96 0 0 6
10502 114 2 105256 131072 0 15 0 0 0 96 96 0 0 7
10503 32 3 91021800 0 0 255 0 0 0 96 96 0 0 0
10504 91 3 91021800 0 0 255 0 0 0 96 91 0 0 0
10505 91 3 91021800 0 0 255 0 0 0 96 91 0 0 0
10506 65 3 91021800 0 0 255 0 0 0 96 91 0 0 0
10507 110 3 91021800 0 0 255 0 0 0 96 91 0 0 1
10508 110 3 91021800 0 0 255 0 0 0 96 91 0 0 2
10509 97 3 91021800 0 0 255 0 0 0 96 91 0 0 3
10510 93 4 2815940769 0 0 4095 0 0 0 96 91 0 0 0
10511 93 4 2815940769 0 0 4095 0 0 0 96 96 0 0 0
10512 32 4 2815940769 0 0 4095 0 0 0 96 96 0 0 0
10513 119 4 2815940769 0 0 4095 0 0 0 96 96 0 0 1
10514 97 4 2815940769 0 0 4095 0 0 0 96 96 0 0 2
10515 115 4 2815940769 0 0 4095 0 0 0 96 96 0 0 3
10516 32 5 3453292883 1 0 65521 3453292883 0 0 96 96 0 0 0
10517 97 5 3453292883 1 0 65521 3453292883 0 0 96 96 0 0 1
10518 32 6 1950627777 16384 0 1048342 3453292883 0 0 96 96 0 0 0
10519 39 6 1950627777 16384 0 1048342 3453292883 0 0 96 96 0 0 1
10520 39 7 1950627719 0 0 16773487 3453292883 0 0 96 96 0 0 0
10521 39 7 1950627719 0 0 16773487 3453292883 0 0 96 96 0 0 0
10522 113 7 1950627719 0 0 16773487 3453292883 0 0 96 96 0 0 1
10523 117 7 1950627719 0 0 16773487 3453292883 0 0 96 96 0 0 2
10524 101 7 1950627719 0 0 16773487 3453292883 0 0 96 96 0 0 3
10525 101 7 1950627719 0 0 16773487 3453292883 0 0 96 96 0 0 4
10526 110 7 1950627719 0 0 16773487 3453292883 0 0 96 96 0 0 5
10527 39 7 1950627719 0 0 16773487 3453292883 0 0 96 96 0 0 6
10528 39 8 3278097614 8 0 268375802 3453292883 0 0 96 96 0 0 0
10529 39 8 3278097614 8 0 268375802 3453292883 0 0 96 96 0 0 0
10530 32 8 3278097614 8 0 268375802 3453292883 0 0 96 96 0 0 0
10531 111 8 3278097614 8 0 268375802 3453292883 0 0 96 96 0 0 1
10532 102 8 3278097614 8 0 268375802 3453292883 0 0 96 96 0 0 2
10533 32 9 1118483846 65536 0 4294012840 3453292883 0 0 96 96 0 0 0
10534 91 9 1118483846 65536 0 4294012840 3453292883 0 0 96 91 0 0 0
10535 91 9 1118483846 65536 0 4294012840 3453292883 0 0 96 91 0 0 0
10536 70 9 1118483846 65536 0 4294012840 3453292883 0 0 96 91 0 0 0
10537 114 9 1118483846 65536 0 4294012840 3453292883 0 0 96 91 0 0 1
10538 97 9 1118483846 65536 0 4294012840 3453292883 0 0 96 91 0 0 2
10539 110 9 1118483846 65536 0 4294012840 3453292883 0 0 96 91 0 0 3
10540 99 9 1118483846 65536 0 4294012840 3453292883 0 0 96 91 0 0 4
10541 101 9 1118483846 65536 0 4294012840 3453292883 0 0 96 91 0 0 5
10542 93 10 3384763555 0 0 4279696015 3453292883 0 0 96 91 0 0 0
10543 93 10 3384763555 0 0 4279696015 3453292883 0 0 96 96 0 0 0
10544 32 10 3384763555 0 0 4279696015 3453292883 0 0 96 96 0 0 0
10545 105 10 3384763555 0 0 4279696015 3453292883 0 0 96 96 0 0 1
10546 110 10 3384763555 0 0 4279696015 3453292883 0 0 96 96 0 0 2
10547 32 11 1118433358 65536 0 4050626808 3453292883 0 0 96 96 0 0 0
10548 49 11 1118433358 65536 0 4050626808 3453292883 0 0 96 96 0 0 0
10549 55 11 1118433358 65536 0 4050626808 3453292883 0 0 96 96 0 0 0
10550 56 11 1118433358 65536 0 4050626808 3453292883 0 0 96 96 0 0 0
10551 57 11 1118433358 65536 0 4050626808 3453292883 0 0 96 96 0 0 0
10552 46 0 0 0 0 385519488 3453292883 0 0 96 96 0 0 0
10553 10 0 0 0 0 0 0 0 0 0 96 0 0 0
10554 61 0 0 0 0 0 0 0 0 61 96 0 0 0
10555 61 0 0 0 0 0 0 0 0 61 96 0 0 0
10556 32 0 0 0 0 0 0 0 0 61 96 0 0 0
10557 72 0 0 0 0 0 0 0 0 61 96 0 0 0
10558 105 0 0 0 0 0 0 0 0 61 96 0 0 1
10559 115 0 0 0 0 0 0 0 0 61 96 0 0 2
10560 116 0 0 0 0 0 0 0 0 61 96 0 0 3
10561 111 0 0 0 0 0 0 0 0 61 96 0 0 4
10562 114 0 0 0 0 0 0 0 0 61 96 0 0 5
10563 121 0 0 0 0 0 0 0 0 61 96 0 0 6
10564 32 1 1469161513 0 0 15 0 0 0 61 96 0 0 0
10565 61 1 1469161513 0 0 15 0 0 0 61 96 0 0 0
10566 61 1 1469161513 0 0 15 0 0 0 61 96 0 0 0
10567 10 0 0 0 0 0 0 0 0 0 96 0 0 0
10568 42 0 0 0 0 0 0 0 0 42 42 0 0 0
10569 32 0 0 0 0 0 0 0 0 42 42 0 0 0
10570 105 0 0 0 0 0 0 0 0 96 42 0 0 1
10571 116 0 0 0 0 0 0 0 0 96 42 0 0 2
10572 101 0 0 0 0 0 0 0 0 96 42 0 0 3
10573 109 0 0 0 0 0 0 0 0 96 42 0 0 4
10574 32 1 4268574925 0 0 15 0 0 0 96 42 0 0 0
10575 111 1 4268574925 0 0 15 0 0 0 96 42 0 0 1
10576 110 1 4268574925 0 0 15 0 0 0 96 42 0 0 2
10577 101 1 4268574925 0 0 15 0 0 0 96 42 0 0 3
10578 32 2 2886769829 131072 0 254 0 0 0 96 42 0 0 0
10579 40 2 2886769829 131072 0 254 0 0 0 96 42 0 0 0
10580 102 2 2886769829 131072 0 254 0 0 0 96 42 0 0 1
10581 105 2 2886769829 131072 0 254 0 0 0 96 42 0 0 2
10582 114 2 2886769829 131072 0 254 0 0 0 96 42 0 0 3
10583 115 2 2886769829 131072 0 254 0 0 0 96 42 0 0 4
10584 116 2 2886769829 131072 0 254 0 0 0 96 42 0 0 5
10585 41 2 2886769829 131072 0 65264 0 0 0 96 42 0 0 0
10586 10 0 0 0 0 0 0 0 0 0 42 0 0 0
10587 42 0 0 0 0 0 0 0 0 42 42 0 0 0
10588 32 0 0 0 0 0 0 0 0 42 42 0 0 0
10589 105 0 0 0 0 0 0 0 0 96 42 0 0 1
10590 116 0 0 0 0 0 0 0 0 96 42 0 0 2
10591 101 0 0 0 0 0 0 0 0 96 42 0 0 3
10592 109 0 0 0 0 0 0 0 0 96 42 0 0 4
10593 32 1 4268574925 0 0 15 0 0 0 96 42 0 0 0
10594 116 1 4268574925 0 0 15 0 0 0 96 42 0 0 1
10595 119 1 4268574925 0 0 15 0 0 0 96 42 0 0 2
10596 111 1 4268574925 0 0 15 0 0 0 96 42 0 0 3
10597 32 2 3240990863 131072 0 254 0 0 0 96 42 0 0 0
10598 91 2 3240990863 131072 0 254 0 0 0 96 91 0 0 0
10599 104 2 3240990863 131072 0 254 0 0 0 96 91 0 0 1
10600 116 2 3240990863 131072 0 254 0 0 0 96 91 0 0 2
10601 116 2 3240990863 131072 0 254 0 0 0 96 91 0 0 3
10602 112 2 3240990863 131072 0 254 0 0 0 96 91 0 0 4
10603 58 3 876852720 0 0 4079 0 0 0 96 91 0 0 0
10604 47 3 876852720 0 0 4079 0 0 0 96 91 0 0 0
10605 47 3 876852720 0 0 4079 0 0 0 96 91 0 0 0
10606 101 3 876852720 0 0 4079 0 0 0 96 91 0 0 1
10607 120 3 876852720 0 0 4079 0 0 0 96 91 0 0 2
10608 97 3 876852720 0 0 4079 0 0 0 96 91 0 0 3
10609 109 3 876852720 0 0 4079 0 0 0 96 91 0 0 4
10610 112 3 876852720 0 0 4079 0 0 0 96 91 0 0 5
10611 108 3 876852720 0 0 4079 0 0 0 96 91 0 0 6
10612 101 3 876852720 0 0 4079 0 0 0 96 91 0 0 7
10613 46 4 3291829868 0 0 1044464 0 0 0 96 91 0 0 0
10614 111 4 3291829868 0 0 1044464 0 0 0 96 91 0 0 1
10615 114 4 3291829868 0 0 1044464 0 0 0 96 91 0 0 2
10616 103 4 3291829868 0 0 1044464 0 0 0 96 91 0 0 3
10617 32 5 2886803495 0 0 16711439 0 0 0 96 91 0 0 0
10618 108 5 2886803495 0 0 16711439 0 0 0 96 91 0 0 1
10619 105 5 2886803495 0 0 16711439 0 0 0 96 91 0 0 2
10620 110 5 2886803495 0 0 16711439 0 0 0 96 91 0 0 3
10621 107 5 2886803495 0 0 16711439 0 0 0 96 91 0 0 4
10622 93 6 780174507 0 0 267383039 0 0 0 96 42 0 0 0
10623 32 6 780174507 0 0 267383039 0 0 1 64 42 0 0 0
10624 116 6 780174507 0 0 267383039 0 0 1 64 42 0 0 1
10625 101 6 780174507 0 0 267383039 0 0 1 64 42 0 0 2
10626 120 6 780174507 0 0 267383039 0 0 1 64 42 0 0 3
10627 116 6 780174507 0 0 267383039 0 0 1 64 42 0 0 4
10628 10 0 0 0 0 0 0 0 0 0 42 0 0 0
10629 84 0 0 0 0 0 0 0 0 84 42 0 0 0
10630 104 0 0 0 0 0 0 0 0 84 42 0 0 1
10631 101 0 0 0 0 0 0 0 0 84 42 0 0 2
10632 32 1 1118424933 2048 0 4 0 0 0 84 42 0 0 0
10633 123 1 1118424933 2048 0 4 0 0 0 84 42 0 0 0
10634 123 1 1118424933 2048 0 4 0 0 0 84 42 0 0 0
10635 99 1 1118424933 2048 0 4 0 0 0 84 42 0 0 1
10636 105 1 1118424933 2048 0 4 0 0 0 84 42 0 0 2
10637 116 1 1118424933 2048 0 4 0 0 0 84 42 0 0 3
10638 101 1 1118424933 2048 0 4 0 0 0 84 42 0 0 4
10639 124 2 318360037 0 0 79 0 0 0 84 42 0 0 0
10640 121 2 318360037 0 0 79 0 0 0 84 42 0 0 1
10641 101 2 318360037 0 0 79 0 0 0 84 42 0 0 2
10642 97 2 318360037 0 0 79 0 0 0 84 42 0 0 3
10643 114 2 318360037 0 0 79 0 0 0 84 42 0 0 4
10644 61 3 1641105746 0 0 1279 0 0 0 84 42 0 0 0
10645 49 3 1641105746 0 0 1279 0 0 0 84 42 0 0 0
10646 56 3 1641105746 0 0 1279 0 0 0 84 42 0 0 0
10647 48 3 1641105746 0 0 1279 0 0 0 84 42 0 0 0
10648 49 3 1641105746 0 0 1279 0 0 0 84 42 0 0 0
10649 125 4 1368491697 131072 0 1279 0 0 0 84 42 0 0 0
10650 125 4 1368491697 131072 0 1279 0 0 0 84 42 0 0 0
10651 32 4 1368491697 131072 0 1279 0 0 0 84 42 0 0 0
10652 115 4 1368491697 131072 0 1279 0 0 0 84 42 0 0 1
10653 97 4 1368491697 131072 0 1279 0 0 0 84 42 0 0 2
10654 105 4 1368491697 131072 0 1279 0 0 0 84 42 0 0 3
10655 100 4 1368491697 131072 0 1279 0 0 0 84 42 0 0 4
10656 58 5 2481602628 0 0 20479 0 0 0 84 42 0 0 0
10657 32 5 2481602628 0 0 20479 0 0 0 84 42 0 0 0
10658 34 5 2481602628 0 0 20479 0 0 0 84 42 0 0 0
10659 104 5 2481602628 0 0 20479 0 0 0 84 42 0 0 1
10660 101 5 2481602628 0 0 20479 0 0 0 84 42 0 0 2
10661 108 5 2481602628 0 0 20479 0 0 0 84 42 0 0 3
10662 108 5 2481602628 0 0 20479 0 0 0 84 42 0 0 4
10663 111 5 2481602628 0 0 20479 0 0 0 84 42 0 0 5
10664 44 6 933891823 0 0 327679 0 0 0 84 42 0 0 0
10665 32 6 933891823 0 0 327679 0 0 0 84 42 0 0 0
10666 119 6 933891823 0 0 327679 0 0 0 84 42 0 0 1
10667 111 6 933891823 0 0 327679 0 0 0 84 42 0 0 2
10668 114 6 933891823 0 0 327679 0 0 0 84 42 0 0 3
10669 108 6 933891823 0 0 327679 0 0 0 84 42 0 0 4
10670 100 6 933891823 0 0 327679 0 0 0 84 42 0 0 5
10671 33 7 1101113060 0 0 5242879 0 0 0 84 42 0 0 0
10672 34 7 1101113060 0 0 5242879 0 0 0 84 42 0 0 0
10673 10 0 0 0 0 0 0 0 0 0 42 0 0 0
10674 60 0 0 0 0 0 0 0 0 60 42 0 0 0
10675 114 0 0 0 0 0 0 0 0 60 42 0 0 1
10676 101 0 0 0 0 0 0 0 0 60 42 0 0 2
10677 102 0 0 0 0 0 0 0 0 60 42 0 0 3
10678 62 1 3099181254 0 0 15 0 0 0 60 42 0 0 0
10679 110 1 3099181254 0 0 15 0 0 0 60 42 0 0 1
10680 111 1 3099181254 0 0 15 0 0 0 60 42 0 0 2
10681 116 1 3099181254 0 0 15 0 0 0 60 42 0 0 3
10682 101 1 3099181254 0 0 15 0 0 0 60 42 0 0 4
10683 32 2 3693928933 0 0 255 0 0 0 60 42 0 0 0
10684 49 2 3693928933 0 0 255 0 0 0 60 42 0 0 0
10685 50 2 3693928933 0 0 255 0 0 0 60 42 0 0 0
10686 44 3 103146 131072 0 255 0 0 0 60 42 0 0 0
10687 51 3 103146 131072 0 255 0 0 0 60 42 0 0 0
10688 52 3 103146 131072 0 255 0 0 0 60 42 0 0 0
10689 53 3 103146 131072 0 255 0 0 0 60 42 0 0 0
10690 46 0 0 0 0 4080 0 0 0 60 42 0 0 0
10691 54 0 0 0 0 4080 0 0 0 60 42 0 0 0
10692 55 0 0 0 0 4080 0 0 0 60 42 0 0 0
10693 32 1 113671 131072 0 4080 0 0 0 60 42 0 0 0
10694 104 1 113671 131072 0 4080 0 0 0 60 42 0 0 1
10695 101 1 113671 131072 0 4080 0 0 0 60 42 0 0 2
10696 114 1 113671 131072 0 4080 0 0 0 60 42 0 0 3
10697 101 1 113671 131072 0 4080 0 0 0 60 42 0 0 4
10698 60 2 4109367333 0 0 65295 0 0 0 60 42 0 0 0
10699 47 2 4109367333 0 0 65295 0 0 0 60 42 0 0 0
10700 114 2 4109367333 0 0 65295 0 0 0 60 42 0 0 1
10701 101 2 4109367333 0 0 65295 0 0 0 60 42 0 0 2
10702 102 2 4109367333 0 0 65295 0 0 0 60 42 0 0 3
10703 62 3 3099181254 0 0 1044735 0 0 0 60 42 0 0 0
10704 10 0 0 0 0 0 0 0 0 0 42 0 0 0
10705 65 0 0 0 0 0 0 0 0 65 42 0 0 0
10706 32 0 0 0 0 0 0 0 0 65 42 0 0 0
10707 108 0 0 0 0 0 0 0 0 65 42 0 0 1
10708 105 0 0 0 0 0 0 0 0 65 42 0 0 2
10709 110 0 0 0 0 0 0 0 0 65 42 0 0 3
10710 101 0 0 0 0 0 0 0 0 65 42 0 0 4
10711 32 1 780174501 0 0 15 0 0 0 65 42 0 0 0
10712 119 1 780174501 0 0 15 0 0 0 65 42 0 0 1
10713 105 1 780174501 0 0 15 0 0 0 65 42 0 0 2
10714 116 1 780174501 0 0 15 0 0 0 65 42 0 0 3
10715 104 1 780174501 0 0 15 0 0 0 65 42 0 0 4
10716 32 2 3730819560 65536 0 248 0 0 0 65 42 0 0 0
10717 110 2 3730819560 65536 0 248 0 0 0 65 42 0 0 1
10718 117 2 3730819560 65536 0 248 0 0 0 65 42 0 0 2
10719 109 2 3730819560 65536 0 248 0 0 0 65 42 0 0 3
10720 98 2 3730819560 65536 0 248 0 0 0 65 42 0 0 4
10721 101 2 3730819560 65536 0 248 0 0 0 65 42 0 0 5
10722 114 2 3730819560 65536 0 248 0 0 0 65 42 0 0 6
10723 115 2 3730819560 65536 0 248 0 0 0 65 42 0 0 7
10724 32 3 3416096978 8 0 3978 0 0 0 65 42 0 0 0
10725 52 3 3416096978 8 0 3978 0 0 0 65 42 0 0 0
10726 50 3 3416096978 8 0 3978 0 0 0 65 42 0 0 0
10727 32 4 109458 131072 0 3978 0 0 0 65 42 0 0 0
10728 97 4 109458 131072 0 3978 0 0 0 65 42 0 0 1
10729 110 4 109458 131072 0 3978 0 0 0 65 42 0 0 2
10730 100 4 109458 131072 0 3978 0 0 0 65 42 0 0 3
10731 32 5 1895163044 32768 0 63655 0 0 0 65 42 0 0 0
10732 51 5 1895163044 32768 0 63655 0 0 0 65 42 0 0 0
10733 46 0 0 0 0 1018480 0 0 0 65 42 0 0 0
10734 49 0 0 0 0 1018480 0 0 0 65 42 0 0 0
10735 52 0 0 0 0 1018480 0 0 0 65 42 0 0 0
10736 32 1 103148 131072 0 1018480 0 0 0 65 42 0 0 0
10737 97 1 103148 131072 0 1018480 0 0 0 65 42 0 0 1
10738 110 1 103148 131072 0 1018480 0 0 0 65 42 0 0 2
10739 100 1 103148 131072 0 1018480 0 0 0 65 42 0 0 3
10740 32 2 1895163044 32768 0 16295687 0 0 0 65 42 0 0 0
10741 49 2 1895163044 32768 0 16295687 0 0 0 65 42 0 0 0
10742 44 3 49 131072 0 16295687 0 0 0 65 42 0 0 0
10743 48 3 49 131072 0 16295687 0 0 0 65 42 0 0 0
10744 48 3 49 131072 0 16295687 0 0 0 65 42 0 0 0
10745 48 3 49 131072 0 16295687 0 0 0 65 42 0 0 0
10746 46 0 0 0 0 260730992 0 0 0 65 42 0 0 0
10747 10 0 0 0 0 0 0 0 0 0 42 0 0 0
10748 38 0 0 0 0 0 0 0 0 38 42 0 0 0
10749 110 0 0 0 0 0 0 0 0 38 42 0 0 1
10750 98 0 0 0 0 0 0 0 0 38 42 0 0 2
10751 115 0 0 0 0 0 0 0 0 38 42 0 0 3
10752 112 0 0 0 0 0 0 0 0 38 42 0 0 4
10753 59 1 2773142800 0 0 15 0 0 0 38 42 0 0 0
10754 32 1 2773142800 0 0 15 0 0 0 38 42 0 0 0
10755 115 1 2773142800 0 0 15 0 0 0 38 42 0 0 1
10756 111 1 2773142800 0 0 15 0 0 0 38 42 0 0 2
10757 109 1 2773142800 0 0 15 0 0 0 38 42 0 0 3
10758 101 1 2773142800 0 0 15 0 0 0 38 42 0 0 4
10759 32 2 3473243077 0 0 255 0 0 0 38 42 0 0 0
10760 38 2 3473243077 0 0 255 0 0 0 38 42 0 0 0
10761 97 2 3473243077 0 0 255 0 0 0 38 42 0 0 1
10762 109 2 3473243077 0 0 255 0 0 0 38 42 0 0 2
10763 112 2 3473243077 0 0 255 0 0 0 38 42 0 0 3
10764 59 3 1895154640 0 0 4095 0 0 0 38 42 0 0 0
10765 32 3 1895154640 0 0 4095 0 0 0 38 42 0 0 0
10766 101 3 1895154640 0 0 4095 0 0 0 38 42 0 0 1
10767 110 3 1895154640 0 0 4095 0 0 0 38 42 0 0 2
10768 116 3 1895154640 0 0 4095 0 0 0 38 42 0 0 3
10769 105 3 1895154640 0 0 4095 0 0 0 38 42 0 0 4
10770 116 3 1895154640 0 0 4095 0 0 0 38 42 0 0 5
10771 105 3 1895154640 0 0 4095 0 0 0 38 42 0 0 6
10772 101 3 1895154640 0 0 4095 0 0 0 38 42 0 0 7
10773 115 3 1895154640 0 0 4095 0 0 0 38 42 0 0 8
10774 32 4 1475168745 8 0 65530 0 0 0 38 42 0 0 0
10775 38 4 1475168745 8 0 65530 0 0 0 38 42 0 0 0
10776 108 4 1475168745 8 0 65530 0 0 0 38 42 0 0 1
10777 116 4 1475168745 8 0 65530 0 0 0 38 42 0 0 2
10778 59 5 1118458612 0 0 1048495 0 0 0 38 42 0 0 0
10779 116 5 1118458612 0 0 1048495 0 0 0 38 42 0 0 1
10780 97 5 1118458612 0 0 1048495 0 0 0 38 42 0 0 2
10781 103 5 1118458612 0 0 1048495 0 0 0 38 42 0 0 3
10782 38 6 3240805703 0 0 16775935 0 0 0 38 42 0 0 0
10783 103 6 3240805703 0 0 16775935 0 0 0 38 42 0 0 1
10784 116 6 3240805703 0 0 16775935 0 0 0 38 42 0 0 2
10785 59 7 1118416532 0 0 268414975 0 0 0 38 42 0 0 0
10786 10 0 0 0 0 0 0 0 0 0 42 0 0 0
10787 100 0 0 0 0 0 0 0 0 96 96 0 0 1
10788 111 0 0 0 0 0 0 0 0 96 96 0 0 2
10789 110 0 0 0 0 0 0 0 0 96 96 0 0 3
10790 39 0 0 0 0 0 0 0 0 96 96 0 0 4
10791 116 0 0 0 0 0 0 0 0 96 96 0 0 5
10792 32 1 1118391279 1024 0 13 0 0 0 96 96 0 0 0
10793 99 1 1118391279 1024 0 13 0 0 0 96 96 0 0 1
10794 97 1 1118391279 1024 0 13 0 0 0 96 96 0 0 2
10795 110 1 1118391279 1024 0 13 0 0 0 96 96 0 0 3
10796 39 1 1118391279 1024 0 13 0 0 0 96 96 0 0 4
10797 116 1 1118391279 1024 0 13 0 0 0 96 96 0 0 5
10798 32 2 2036711758 1024 0 221 0 0 0 96 96 0 0 0
10799 105 2 2036711758 1024 0 221 0 0 0 96 96 0 0 1
10800 116 2 2036711758 1024 0 221 0 0 0 96 96 0 0 2
10801 39 2 2036711758 1024 0 221 0 0 0 96 96 0 0 3
10802 115 2 2036711758 1024 0 221 0 0 0 96 96 0 0 4
10803 32 3 1118433364 1048584 0 3546 0 0 0 96 96 0 0 0
10804 116 3 1118433364 1048584 0 3546 0 0 0 96 96 0 0 1
10805 104 3 1118433364 1048584 0 3546 0 0 0 96 96 0 0 2
10806 101 3 1118433364 1048584 0 3546 0 0 0 96 96 0 0 3
10807 32 4 3240864613 16384 0 56742 0 0 0 96 96 0 0 0
10808 99 4 3240864613 16384 0 56742 0 0 0 96 96 0 0 1
10809 97 4 3240864613 16384 0 56742 0 0 0 96 96 0 0 2
10810 116 4 3240864613 16384 0 56742 0 0 0 96 96 0 0 3
10811 32 4 2036711764 2 0 907874 0 0 0 96 96 0 0 0
10812 115 4 2036711764 2 0 907874 0 0 0 96 96 0 0 1
10813 97 4 2036711764 2 0 907874 0 0 0 96 96 0 0 2
10814 116 4 2036711764 2 0 907874 0 0 0 96 96 0 0 3
10815 32 5 3169976660 0 0 14525999 0 0 0 96 96 0 0 0
10816 111 5 3169976660 0 0 14525999 0 0 0 96 96 0 0 1
10817 110 5 3169976660 0 0 14525999 0 0 0 96 96 0 0 2
10818 32 6 1118483854 65536 0 232415992 0 0 0 96 96 0 0 0
10819 116 6 1118483854 65536 0 232415992 0 0 0 96 96 0 0 1
10820 104 6 1118483854 65536 0 232415992 0 0 0 96 96 0 0 2
10821 101 6 1118483854 65536 0 232415992 0 0 0 96 96 0 0 3
10822 32 7 3240864613 16384 0 3718655878 0 0 0 96 96 0 0 0
10823 109 7 3240864613 16384 0 3718655878 0 0 0 96 96 0 0 1
10824 97 7 3240864613 16384 0 3718655878 0 0 0 96 96 0 0 2
10825 116 7 3240864613 16384 0 3718655878 0 0 0 96 96 0 0 3
10826 46 0 0 0 0 2788132384 0 0 0 96 96 0 0 0
10827 10 0 0 0 0 0 0 0 0 0 96 0 0 0
10828 157 0 0 0 0 0 0 0 0 96 96 0 0 0
10829 146 0 0 0 0 0 0 0 0 96 96 0 0 0
10830 152 0 0 0 0 0 0 0 0 96 96 0 0 0
10831 44 0 0 0 0 0 0 0 0 96 96 0 0 0
10832 154 0 0 0 0 0 0 0 0 96 96 0 0 0
10833 223 0 0 0 0 0 0 0 0 96 96 0 0 0
10834 44 0 0 0 0 0 0 0 0 96 96 0 0 0
10835 216 0 0 0 0 0 0 0 0 96 96 0 0 0
10836 44 0 0 0 0 0 0 0 0 96 96 0 0 0
10837 212 0 0 0 0 0 0 0 0 96 96 0 0 0
10838 32 0 0 0 0 0 0 0 0 96 96 0 0 0
10839 214 0 0 0 0 0 0 0 0 96 96 0 0 0
10840 132 0 0 0 0 0 0 0 0 96 96 0 0 0
10841 178 0 0 0 0 0 0 0 0 96 96 0 0 0
10842 44 0 0 0 0 0 0 0 0 96 96 0 0 0
10843 151 0 0 0 0 0 0 0 0 96 96 0 0 0
10844 208 0 0 0 0 0 0 0 0 96 96 0 0 0
10845 196 0 0 0 0 0 0 0 0 96 96 0 0 0
10846 46 0 0 0 0 0 0 0 0 96 96 0 0 0
10847 204 0 0 0 0 0 0 0 0 96 96 0 0 0
10848 129 0 0 0 0 0 0 0 0 96 96 0 0 0
10849 252 0 0 0 0 0 0 0 0 96 96 0 0 0
10850 10 0 0 0 0 0 0 0 0 0 96 0 0 0
10851 226 0 0 0 0 0 0 0 0 96 96 0 0 0
10852 46 0 0 0 0 0 0 0 0 96 96 0 0 0
10853 119 0 0 0 0 0 0 0 0 96 96 0 0 1
10854 111 0 0 0 0 0 0 0 0 96 96 0 0 2
10855 114 0 0 0 0 0 0 0 0 96 96 0 0 3
10856 100 0 0 0 0 0 0 0 0 96 96 0 0 4
10857 50 1 4155777060 0 0 15 0 0 0 96 96 0 0 0
10858 57 1 4155777060 0 0 15 0 0 0 96 96 0 0 0
10859 32 2 105257 131072 0 15 0 0 0 96 96 0 0 0
10860 97 2 105257 131072 0 15 0 0 0 96 96 0 0 1
10861 110 2 105257 131072 0 15 0 0 0 96 96 0 0 2
10862 111 2 105257 131072 0 15 0 0 0 96 96 0 0 3
10863 116 2 105257 131072 0 15 0 0 0 96 96 0 0 4
10864 104 2 105257 131072 0 15 0 0 0 96 96 0 0 5
10865 101 2 105257 131072 0 15 0 0 0 96 96 0 0 6
10866 114 2 105257 131072 0 15 0 0 0 96 96 0 0 7
10867 32 3 91021800 0 0 255 0 0 0 96 96 0 0 0
10868 91 3 91021800 0 0 255 0 0 0 96 91 0 0 0
10869 91 3 91021800 0 0 255 0 0 0 96 91 0 0 0
10870 65 3 91021800 0 0 255 0 0 0 96 91 0 0 0
10871 110 3 91021800 0 0 255 0 0 0 96 91 0 0 1
10872 110 3 91021800 0 0 255 0 0 0 96 91 0 0 2
10873 97 3 91021800 0 0 255 0 0 0 96 91 0 0 3
10874 93 4 2815940769 0 0 4095 0 0 0 96 91 0 0 0
10875 93 4 2815940769 0 0 4095 0 0 0 96 96 0 0 0
10876 32 4 2815940769 0 0 4095 0 0 0 96 96 0 0 0
10877 119 4 2815940769 0 0 4095 0 0 0 96 96 0 0 1
10878 97 4 2815940769 0 0 4095 0 0 0 96 96 0 0 2
10879 115 4 2815940769 0 0 4095 0 0 0 96 96 0 0 3
10880 32 5 3453292883 1 0 65521 3453292883 0 0 96 96 0 0 0
10881 97 5 3453292883 1 0 65521 3453292883 0 0 96 96 0 0 1
10882 32 6 1950627777 16384 0 1048342 3453292883 0 0 96 96 0 0 0
10883 39 6 1950627777 16384 0 1048342 3453292883 0 0 96 96 0 0 1
10884 39 7 1950627719 0 0 16773487 3453292883 0 0 96 96 0 0 0
10885 39 7 1950627719 0 0 16773487 3453292883 0 0 96 96 0 0 0
10886 113 7 1950627719 0 0 16773487 3453292883 0 0 96 96 0 0 1
10887 117 7 1950627719 0 0 16773487 3453292883 0 0 96 96 0 0 2
10888 101 7 1950627719 0 0 16773487 3453292883 0 0 96 96 0 0 3
10889 101 7 1950627719 0 0 16773487 3453292883 0 0 96 96 0 0 4
10890 110 7 1950627719 0 0 16773487 3453292883 0 0 96 96 0 0 5
10891 39 7 1950627719 0 0 16773487 3453292883 0 0 96 96 0 0 6
10892 39 8 3278097614 8 0 268375802 3453292883 0 0 96 96 0 0 0
10893 39 8 3278097614 8 0 268375802 3453292883 0 0 96 96 0 0 0
10894 32 8 3278097614 8 0 268375802 3453292883 0 0 96 96 0 0 0
10895 111 8 3278097614 8 0 268375802 3453292883 0 0 96 96 0 0 1
10896 102 8 3278097614 8 0 268375802 3453292883 0 0 96 96 0 0 2
10897 32 9 1118483846 65536 0 4294012840 3453292883 0 0 96 96 0 0 0
10898 91 9 1118483846 65536 0 4294012840 3453292883 0 0 96 91 0 0 0
10899 91 9 1118483846 65536 0 4294012840 3453292883 0 0 96 91 0 0 0
10900 70 9 1118483846 65536 0 4294012840 3453292883 0 0 96 91 0 0 0
10901 114 9 1118483846 65536 0 4294012840 3453292883 0 0 96 91 0 0 1
10902 97 9 1118483846 65536 0 4294012840 3453292883 0 0 96 91 0 0 2
10903 110 9 1118483846 65536 0 4294012840 3453292883 0 0 96 91 0 0 3
10904 99 9 1118483846 65536 0 4294012840 3453292883 0 0 96 91 0 0 4
10905 101 9 1118483846 65536 0 4294012840 3453292883 0 0 96 91 0 0 5
10906 93 10 3384763555 0 0 4279696015 3453292883 0 0 96 91 0 0 0
10907 93 10 3384763555 0 0 4279696015 3453292883 0 0 96 96 0 0 0
10908 32 10 3384763555 0 0 4279696015 3453292883 0 0 96 96 0 0 0
10909 105 10 3384763555 0 0 4279696015 3453292883 0 0 96 96 0 0 1
10910 110 10 3384763555 0 0 4279696015 3453292883 0 0 96 96 0 0 2
10911 32 11 1118433358 65536 0 4050626808 3453292883 0 0 96 96 0 0 0
10912 49 11 1118433358 65536 0 4050626808 3453292883 0 0 96 96 0 0 0
10913 55 11 1118433358 65536 0 4050626808 3453292883 0 0 96 96 0 0 0
10914 56 11 1118433358 65536 0 4050626808 3453292883 0 0 96 96 0 0 0
10915 57 11 1118433358 65536 0 4050626808 3453292883 0 0 96 96 0 0 0
10916 46 0 0 0 0 385519488 3453292883 0 0 96 96 0 0 0
10917 10 0 0 0 0 0 0 0 0 0 96 0 0 0
10918 61 0 0 0 0 0 0 0 0 61 96 0 0 0
10919 61 0 0 0 0 0 0 0 0 61 96 0 0 0
10920 32 0 0 0 0 0 0 0 0 61 96 0 0 0
10921 72 0 0 0 0 0 0 0 0 61 96 0 0 0
10922 105 0 0 0 0 0 0 0 0 61 96 0 0 1
10923 115 0 0 0 0 0 0 0 0 61 96 0 0 2
10924 116 0 0 0 0 0 0 0 0 61 96 0 0 3
10925 111 0 0 0 0 0 0 0 0 61 96 0 0 4
10926 114 0 0 0 0 0 0 0 0 61 96 0 0 5
10927 121 0 0 0 0 0 0 0 0 61 96 0 0 6
10928 32 1 1469161513 0 0 15 0 0 0 61 96 0 0 0
10929 61 1 1469161513 0 0 15 0 0 0 61 96 0 0 0
10930 61 1 1469161513 0 0 15 0 0 0 61 96 0 0 0
10931 10 0 0 0 0 0 0 0 0 0 96 0 0 0
10932 42 0 0 0 0 0 0 0 0 42 42 0 0 0
10933 32 0 0 0 0 0 0 0 0 42 42 0 0 0
10934 105 0 0 0 0 0 0 0 0 96 42 0 0 1
10935 116 0 0 0 0 0 0 0 0 96 42 0 0 2
10936 101 0 0 0 0 0 0 0 0 96 42 0 0 3
10937 109 0 0 0 0 0 0 0 0 96 42 0 0 4
10938 32 1 4268574925 0 0 15 0 0 0 96 42 0 0 0
10939 111 1 4268574925 0 0 15 0 0 0 96 42 0 0 1
10940 110 1 4268574925 0 0 15 0 0 0 96 42 0 0 2
10941 101 1 4268574925 0 0 15 0 0 0 96 42 0 0 3
10942 32 2 2886769829 131072 0 254 0 0 0 96 42 0 0 0
10943 40 2 2886769829 131072 0 254 0 0 0 96 42 0 0 0
10944 102 2 2886769829 131072 0 254 0 0 0 96 42 0 0 1
10945 105 2 2886769829 131072 0 254 0 0 0 96 42 0 0 2
10946 114 2 2886769829 131072 0 254 0 0 0 96 42 0 0 3
10947 115 2 2886769829 131072 0 254 0 0 0 96 42 0 0 4
10948 116 2 2886769829 131072 0 254 0 0 0 96 42 0 0 5
10949 41 2 2886769829 131072 0 65264 0 0 0 96 42 0 0 0
10950 10 0 0 0 0 0 0 0 0 0 42 0 0 0
10951 42 0 0 0 0 0 0 0 0 42 42 0 0 0
10952 32 0 0 0 0 0 0 0 0 42 42 0 0 0
10953 105 0 0 0 0 0 0 0 0 96 42 0 0 1
10954 116 0 0 0 0 0 0 0 0 96 42 0 0 2
10955 101 0 0 0 0 0 0 0 0 96 42 0 0 3
10956 109 0 0 0 0 0 0 0 0 96 42 0 0 4
10957 32 1 4268574925 0 0 15 0 0 0 96 42 0 0 0
10958 116 1 4268574925 0 0 15 0 0 0 96 42 0 0 1
10959 119 1 4268574925 0 0 15 0 0 0 96 42 0 0 2
10960 111 1 4268574925 0 0 15 0 0 0 96 42 0 0 3
10961 32 2 3240990863 131072 0 254 0 0 0 96 42 0 0 0
10962 91 2 3240990863 131072 0 254 0 0 0 96 91 0 0 0
10963 104 2 3240990863 131072 0 254 0 0 0 96 91 0 0 1
10964 116 2 3240990863 131072 0 254 0 0 0 96 91 0 0 2
10965 116 2 3240990863 131072 0 254 0 0 0 96 91 0 0 3
10966 112 2 3240990863 131072 0 254 0 0 0 96 91 0 0 4
10967 58 3 876852720 0 0 4079 0 0 0 96 91 0 0 0
10968 47 3 876852720 0 0 4079 0 0 0 96 91 0 0 0
10969 47 3 876852720 0 0 4079 0 0 0 96 91 0 0 0
10970 101 3 876852720 0 0 4079 0 0 0 96 91 0 0 1
10971 120 3 876852720 0 0 4079 0 0 0 96 91 0 0 2
10972 97 3 876852720 0 0 4079 0 0 0 96 91 0 0 3
10973 109 3 876852720 0 0 4079 0 0 0 96 91 0 0 4
10974 112 3 876852720 0 0 4079 0 0 0 96 91 0 0 5
10975 108 3 876852720 0 0 4079 0 0 0 96 91 0 0 6
10976 101 3 876852720 0 0 4079 0 0 0 96 91 0 0 7
10977 46 4 3291829868 0 0 1044464 0 0 0 96 91 0 0 0
10978 111 4 3291829868 0 0 1044464 0 0 0 96 91 0 0 1
10979 114 4 3291829868 0 0 1044464 0 0 0 96 91 0 0 2
10980 103 4 3291829868 0 0 1044464 0 0 0 96 91 0 0 3
10981 32 5 2886803495 0 0 16711439 0 0 0 96 91 0 0 0
10982 108 5 2886803495 0 0 16711439 0 0 0 96 91 0 0 1
10983 105 5 2886803495 0 0 16711439 0 0 0 96 91 0 0 2
10984 110 5 2886803495 0 0 16711439 0 0 0 96 91 0 0 3
10985 107 5 2886803495 0 0 16711439 0 0 0 96 91 0 0 4
10986 93 6 780174507 0 0 267383039 0 0 0 96 42 0 0 0
10987 32 6 780174507 0 0 267383039 0 0 1 64 42 0 0 0
10988 116 6 780174507 0 0 267383039 0 0 1 64 42 0 0 1
10989 101 6 780174507 0 0 267383039 0 0 1 64 42 0 0 2
10990 120 6 780174507 0 0 267383039 0 0 1 64 42 0 0 3
10991 116 6 780174507 0 0 267383039 0 0 1 64 42 0 0 4
10992 10 0 0 0 0 0 0 0 0 0 42 0 0 0
10993 84 0 0 0 0 0 0 0 0 84 42 0 0 0
10994 104 0 0 0 0 0 0 0 0 84 42 0 0 1
10995 101 0 0 0 0 0 0 0 0 84 42 0 0 2
10996 32 1 1118424933 2048 0 4 0 0 0 84 42 0 0 0
10997 123 1 1118424933 2048 0 4 0 0 0 84 42 0 0 0
10998 123 1 1118424933 2048 0 4 0 0 0 84 42 0 0 0
10999 99 1 1118424933 2048 0 4 0 0 0 84 42 0 0 1
11000 105 1 1118424933 2048 0 4 0 0 0 84 42 0 0 2
11001 116 1 1118424933 2048 0 4 0 0 0 84 42 0 0 3
11002 101 1 1118424933 2048 0 4 0 0 0 84 42 0 0 4
11003 124 2 318360037 0 0 79 0 0 0 84 42 0 0 0
11004 121 2 318360037 0 0 79 0 0 0 84 42 0 0 1
11005 101 2 318360037 0 0 79 0 0 0 84 42 0 0 2
11006 97 2 318360037 0 0 79 0 0 0 84 42 0 0 3
11007 114 2 318360037 0 0 79 0 0 0 84 42 0 0 4
11008 61 3 1641105746 0 0 1279 0 0 0 84 42 0 0 0
11009 49 3 1641105746 0 0 1279 0 0 0 84 42 0 0 0
11010 56 3 1641105746 0 0 1279 0 0 0 84 42 0 0 0
11011 48 3 1641105746 0 0 1279 0 0 0 84 42 0 0 0
11012 49 3 1641105746 0 0 1279 0 0 0 84 42 0 0 0
11013 125 4 1368491697 131072 0 1279 0 0 0 84 42 0 0 0
11014 125 4 1368491697 131072 0 1279 0 0 0 84 42 0 0 0
11015 32 4 1368491697 131072 0 1279 0 0 0 84 42 0 0 0
11016 115 4 1368491697 131072 0 1279 0 0 0 84 42 0 0 1
11017 97 4 1368491697 131072 0 1279 0 0 0 84 42 0 0 2
11018 105 4 1368491697 131072 0 1279 0 0 0 84 42 0 0 3
11019 100 4 1368491697 131072 0 1279 0 0 0 84 42 0 0 4
11020 58 5 2481602628 0 0 20479 0 0 0 84 42 0 0 0
11021 32 5 2481602628 0 0 20479 0 0 0 84 42 0 0 0
11022 34 5 2481602628 0 0 20479 0 0 0 84 42 0 0 0
11023 104 5 2481602628 0 0 20479 0 0 0 84 42 0 0 1
11024 101 5 2481602628 0 0 20479 0 0 0 84 42 0 0 2
11025 108 5 2481602628 0 0 20479 0 0 0 84 42 0 0 3
11026 108 5 2481602628 0 0 20479 0 0 0 84 42 0 0 4
11027 111 5 2481602628 0 0 20479 0 0 0 84 42 0 0 5
11028 44 6 933891823 0 0 327679 0 0 0 84 42 0 0 0
11029 32 6 933891823 0 0 327679 0 0 0 84 42 0 0 0
11030 119 6 933891823 0 0 327679 0 0 0 84 42 0 0 1
11031 111 6 933891823 0 0 327679 0 0 0 84 42 0 0 2
11032 114 6 933891823 0 0 327679 0 0 0 84 42 0 0 3
11033 108 6 933891823 0 0 327679 0 0 0 84 42 0 0 4
11034 100 6 933891823 0 0 327679 0 0 0 84 42 0 0 5
11035 33 7 1101113060 0 0 5242879 0 0 0 84 42 0 0 0
11036 34 7 1101113060 0 0 5242879 0 0 0 84 42 0 0 0
11037 10 0 0 0 0 0 0 0 0 0 42 0 0 0
11038 60 0 0 0 0 0 0 0 0 60 42 0 0 0
11039 114 0 0 0 0 0 0 0 0 60 42 0 0 1
11040 101 0 0 0 0 0 0 0 0 60 42 0 0 2
11041 102 0 0 0 0 0 0 0 0 60 42 0 0 3
11042 62 1 3099181254 0 0 15 0 0 0 60 42 0 0 0
11043 110 1 3099181254 0 0 15 0 0 0 60 42 0 0 1
11044 111 1 3099181254 0 0 15 0 0 0 60 42 0 0 2
11045 116 1 3099181254 0 0 15 0 0 0 60 42 0 0 3
11046 101 1 3099181254 0 0 15 0 0 0 60 42 0 0 4
11047 32 2 3693928933 0 0 255 0 0 0 60 42 0 0 0
11048 49 2 3693928933 0 0 255 0 0 0 60 42 0 0 0
11049 50 2 3693928933 0 0 255 0 0 0 60 42 0 0 0
11050 44 3 103146 131072 0 255 0 0 0 60 42 0 0 0
11051 51 3 103146 131072 0 255 0 0 0 60 42 0 0 0
11052 52 3 103146 131072 0 255 0 0 0 60 42 0 0 0
11053 53 3 103146 131072 0 255 0 0 0 60 42 0 0 0
11054 46 0 0 0 0 4080 0 0 0 60 42 0 0 0
11055 54 0 0 0 0 4080 0 0 0 60 42 0 0 0
11056 55 0 0 0 0 4080 0 0 0 60 42 0 0 0
11057 32 1 113671 131072 0 4080 0 0 0 60 42 0 0 0
11058 104 1 113671 131072 0 4080 0 0 0 60 42 0 0 1
11059 101 1 113671 131072 0 4080 0 0 0 60 42 0 0 2
11060 114 1 113671 131072 0 4080 0 0 0 60 42 0 0 3
11061 101 1 113671 131072 0 4080 0 0 0 60 42 0 0 4
11062 60 2 4109367333 0 0 65295 0 0 0 60 42 0 0 0
11063 47 2 4109367333 0 0 65295 0 0 0 60 42 0 0 0
11064 114 2 4109367333 0 0 65295 0 0 0 60 42 0 0 1
11065 101 2 4109367333 0 0 65295 0 0 0 60 42 0 0 2
11066 102 2 4109367333 0 0 65295 0 0 0 60 42 0 0 3
11067 62 3 3099181254 0 0 1044735 0 0 0 60 42 0 0 0
11068 10 0 0 0 0 0 0 0 0 0 42 0 0 0
11069 65 0 0 0 0 0 0 0 0 65 42 0 0 0
11070 32 0 0 0 0 0 0 0 0 65 42 0 0 0
11071 108 0 0 0 0 0 0 0 0 65 42 0 0 1
11072 105 0 0 0 0 0 0 0 0 65 42 0 0 2
11073 110 0 0 0 0 0 0 0 0 65 42 0 0 3
11074 101 0 0 0 0 0 0 0 0 65 42 0 0 4
11075 32 1 780174501 0 0 15 0 0 0 65 42 0 0 0
11076 119 1 780174501 0 0 15 0 0 0 65 42 0 0 1
11077 105 1 780174501 0 0 15 0 0 0 65 42 0 0 2
11078 116 1 780174501 0 0 15 0 0 0 65 42 0 0 3
11079 104 1 780174501 0 0 15 0 0 0 65 42 0 0 4
11080 32 2 3730819560 65536 0 248 0 0 0 65 42 0 0 0
11081 110 2 3730819560 65536 0 248 0 0 0 65 42 0 0 1
11082 117 2 3730819560 65536 0 248 0 0 0 65 42 0 0 2
11083 109 2 3730819560 65536 0 248 0 0 0 65 42 0 0 3
11084 98 2 3730819560 65536 0 248 0 0 0 65 42 0 0 4
11085 101 2 3730819560 65536 0 248 0 0 0 65 42 0 0 5
11086 114 2 3730819560 65536 0 248 0 0 0 65 42 0 0 6
11087 115 2 3730819560 65536 0 248 0 0 0 65 42 0 0 7
11088 32 3 3416096978 8 0 3978 0 0 0 65 42 0 0 0
11089 52 3 3416096978 8 0 3978 0 0 0 65 42 0 0 0
11090 50 3 3416096978 8 0 3978 0 0 0 65 42 0 0 0
11091 32 4 109458 131072 0 3978 0 0 0 65 42 0 0 0
11092 97 4 109458 131072 0 3978 0 0 0 65 42 0 0 1
11093 110 4 109458 131072 0 3978 0 0 0 65 42 0 0 2
11094 100 4 109458 131072 0 3978 0 0 0 65 42 0 0 3
11095 32 5 1895163044 32768 0 63655 0 0 0 65 42 0 0 0
11096 51 5 1895163044 32768 0 63655 0 0 0 65 42 0 0 0
11097 46 0 0 0 0 1018480 0 0 0 65 42 0 0 0
11098 49 0 0 0 0 1018480 0 0 0 65 42 0 0 0
11099 52 0 0 0 0 1018480 0 0 0 65 42 0 0 0
11100 32 1 103148 131072 0 1018480 0 0 0 65 42 0 0 0
11101 97 1 103148 131072 0 1018480 0 0 0 65 42 0 0 1
11102 110 1 103148 131072 0 1018480 0 0 0 65 42 0 0 2
11103 100 1 103148 131072 0 1018480 0 0 0 65 42 0 0 3
11104 32 2 1895163044 32768 0 16295687 0 0 0 65 42 0 0 0
11105 49 2 1895163044 32768 0 16295687 0 0 0 65 42 0 0 0
11106 44 3 49 131072 0 16295687 0 0 0 65 42 0 0 0
11107 48 3 49 131072 0 16295687 0 0 0 65 42 0 0 0
11108 48 3 49 131072 0 16295687 0 0 0 65 42 0 0 0
11109 48 3 49 131072 0 16295687 0 0 0 65 42 0 0 0
11110 46 0 0 0 0 260730992 0 0 0 65 42 0 0 0
11111 10 0 0 0 0 0 0 0 0 0 42 0 0 0
11112 38 0 0 0 0 0 0 0 0 38 42 0 0 0
11113 110 0 0 0 0 0 0 0 0 38 42 0 0 1
11114 98 0 0 0 0 0 0 0 0 38 42 0 0 2
11115 115 0 0 0 0 0 0 0 0 38 42 0 0 3
11116 112 0 0 0 0 0 0 0 0 38 42 0 0 4
11117 59 1 2773142800 0 0 15 0 0 0 38 42 0 0 0
11118 32 1 2773142800 0 0 15 0 0 0 38 42 0 0 0
11119 115 1 2773142800 0 0 15 0 0 0 38 42 0 0 1
11120 111 1 2773142800 0 0 15 0 0 0 38 42 0 0 2
11121 109 1 2773142800 0 0 15 0 0 0 38 42 0 0 3
11122 101 1 2773142800 0 0 15 0 0 0 38 42 0 0 4
11123 32 2 3473243077 0 0 255 0 0 0 38 42 0 0 0
11124 38 2 3473243077 0 0 255 0 0 0 38 42 0 0 0
11125 97 2 3473243077 0 0 255 0 0 0 38 42 0 0 1
11126 109 2 3473243077 0 0 255 0 0 0 38 42 0 0 2
11127 112 2 3473243077 0 0 255 0 0 0 38 42 0 0 3
11128 59 3 1895154640 0 0 4095 0 0 0 38 42 0 0 0
11129 32 3 1895154640 0 0 4095 0 0 0 38 42 0 0 0
11130 101 3 1895154640 0 0 4095 0 0 0 38 42 0 0 1
11131 110 3 1895154640 0 0 4095 0 0 0 38 42 0 0 2
11132 116 3 1895154640 0 0 4095 0 0 0 38 42 0 0 3
11133 105 3 1895154640 0 0 4095 0 0 0 38 42 0 0 4
11134 116 3 1895154640 0 0 4095 0 0 0 38 42 0 0 5
11135 105 3 1895154640 0 0 4095 0 0 0 38 42 0 0 6
11136 101 3 1895154640 0 0 4095 0 0 0 38 42 0 0 7
11137 115 3 1895154640 0 0 4095 0 0 0 38 42 0 0 8
11138 32 4 1475168745 8 0 65530 0 0 0 38 42 0 0 0
11139 38 4 1475168745 8 0 65530 0 0 0 38 42 0 0 0
11140 108 4 1475168745 8 0 65530 0 0 0 38 42 0 0 1
11141 116 4 1475168745 8 0 65530 0 0 0 38 42 0 0 2
11142 59 5 1118458612 0 0 1048495 0 0 0 38 42 0 0 0
11143 116 5 1118458612 0 0 1048495 0 0 0 38 42 0 0 1
11144 97 5 1118458612 0 0 1048495 0 0 0 38 42 0 0 2
11145 103 5 1118458612 0 0 1048495 0 0 0 38 42 0 0 3
11146 38 6 3240805703 0 0 16775935 0 0 0 38 42 0 0 0
11147 103 6 3240805703 0 0 16775935 0 0 0 38 42 0 0 1
11148 116 6 3240805703 0 0 16775935 0 0 0 38 42 0 0 2
11149 59 7 1118416532 0 0 268414975 0 0 0 38 42 0 0 0
11150 10 0 0 0 0 0 0 0 0 0 42 0 0 0
11151 100 0 0 0 0 0 0 0 0 96 96 0 0 1
11152 111 0 0 0 0 0 0 0 0 96 96 0 0 2
11153 110 0 0 0 0 0 0 0 0 96 96 0 0 3
11154 39 0 0 0 0 0 0 0 0 96 96 0 0 4
11155 116 0 0 0 0 0 0 0 0 96 96 0 0 5
11156 32 1 1118391279 1024 0 13 0 0 0 96 96 0 0 0
11157 99 1 1118391279 1024 0 13 0 0 0 96 96 0 0 1
11158 97 1 1118391279 1024 0 13 0 0 0 96 96 0 0 2
11159 110 1 1118391279 1024 0 13 0 0 0 96 96 0 0 3
11160 39 1 1118391279 1024 0 13 0 0 0 96 96 0 0 4
11161 116 1 1118391279 1024 0 13 0 0 0 96 96 0 0 5
11162 32 2 2036711758 1024 0 221 0 0 0 96 96 0 0 0
11163 105 2 2036711758 1024 0 221 0 0 0 96 96 0 0 1
11164 116 2 2036711758 1024 0 221 0 0 0 96 96 0 0 2
11165 39 2 2036711758 1024 0 221 0 0 0 96 96 0 0 3
11166 115 2 2036711758 1024 0 221 0 0 0 96 96 0 0 4
11167 32 3 1118433364 1048584 0 3546 0 0 0 96 96 0 0 0
11168 116 3 1118433364 1048584 0 3546 0 0 0 96 96 0 0 1
11169 104 3 1118433364 1048584 0 3546 0 0 0 96 96 0 0 2
11170 101 3 1118433364 1048584 0 3546 0 0 0 96 96 0 0 3
11171 32 4 3240864613 16384 0 56742 0 0 0 96 96 0 0 0
11172 99 4 3240864613 16384 0 56742 0 0 0 96 96 0 0 1
11173 97 4 3240864613 16384 0 56742 0 0 0 96 96 0 0 2
11174 116 4 3240864613 16384 0 56742 0 0 0 96 96 0 0 3
11175 32 4 2036711764 2 0 907874 0 0 0 96 96 0 0 0
11176 115 4 2036711764 2 0 907874 0 0 0 96 96 0 0 1
11177 97 4 2036711764 2 0 907874 0 0 0 96 96 0 0 2
11178 116 4 2036711764 2 0 907874 0 0 0 96 96 0 0 3
11179 32 5 3169976660 0 0 14525999 0 0 0 96 96 0 0 0
11180 111 5 3169976660 0 0 14525999 0 0 0 96 96 0 0 1
11181 110 5 3169976660 0 0 14525999 0 0 0 96 96 0 0 2
11182 32 6 1118483854 65536 0 232415992 0 0 0 96 96 0 0 0
11183 116 6 1118483854 65536 0 232415992 0 0 0 96 96 0 0 1
11184 104 6 1118483854 65536 0 232415992 0 0 0 96 96 0 0 2
11185 101 6 1118483854 65536 0 232415992 0 0 0 96 96 0 0 3
11186 32 7 3240864613 16384 0 3718655878 0 0 0 96 96 0 0 0
11187 109 7 3240864613 16384 0 3718655878 0 0 0 96 96 0 0 1
11188 97 7 3240864613 16384 0 3718655878 0 0 0 96 96 0 0 2
11189 116 7 3240864613 16384 0 3718655878 0 0 0 96 96 0 0 3
11190 46 0 0 0 0 2788132384 0 0 0 96 96 0 0 0
11191 10 0 0 0 0 0 0 0 0 0 96 0 0 0
11192 174 0 0 0 0 0 0 0 0 96 96 0 0 0
11193 150 0 0 0 0 0 0 0 0 96 96 0 0 0
11194 150 0 0 0 0 0 0 0 0 96 96 0 0 0
11195 10 0 0 0 0 0 0 0 0 0 96 0 0 0
11196 197 0 0 0 0 0 0 0 0 96 96 0 0 0
11197 228 0 0 0 0 0 0 0 0 96 96 0 0 0
11198 130 0 0 0 0 0 0 0 0 96 96 0 0 0
11199 44 0 0 0 0 0 0 0 0 96 96 0 0 0
11200 227 0 0 0 0 0 0 0 0 96 96 0 0 0
11201 200 0 0 0 0 0 0 0 0 96 96 0 0 0
11202 146 0 0 0 0 0 0 0 0 96 96 0 0 0
11203 32 0 0 0 0 0 0 0 0 96 96 0 0 0
11204 157 0 0 0 0 0 0 0 0 96 96 0 0 0
11205 32 0 0 0 0 0 0 0 0 96 96 0 0 0
11206 166 0 0 0 0 0 0 0 0 96 96 0 0 0
11207 32 0 0 0 0 0 0 0 0 96 96 0 0 0
11208 191 0 0 0 0 0 0 0 0 96 96 0 0 0
11209 178 0 0 0 0 0 0 0 0 96 96 0 0 0
11210 175 0 0 0 0 0 0 0 0 96 96 0 0 0
11211 46 0 0 0 0 0 0 0 0 96 96 0 0 0
11212 209 0 0 0 0 0 0 0 0 96 96 0 0 0
11213 146 0 0 0 0 0 0 0 0 96 96 0 0 0
11214 188 0 0 0 0 0 0 0 0 96 96 0 0 0
11215 32 0 0 0 0 0 0 0 0 96 96 0 0 0
11216 219 0 0 0 0 0 0 0 0 96 96 0 0 0
11217 148 0 0 0 0 0 0 0 0 96 96 0 0 0
11218 44 0 0 0 0 0 0 0 0 96 96 0 0 0
11219 119 0 0 0 0 0 0 0 0 96 96 0 0 1
11220 111 0 0 0 0 0 0 0 0 96 96 0 0 2
11221 114 0 0 0 0 0 0 0 0 96 96 0 0 3
11222 100 0 0 0 0 0 0 0 0 96 96 0 0 4
11223 51 1 4155777060 0 0 15 0 0 0 96 96 0 0 0
11224 48 1 4155777060 0 0 15 0 0 0 96 96 0 0 0
11225 32 2 107352 131072 0 15 0 0 0 96 96 0 0 0
11226 97 2 107352 131072 0 15 0 0 0 96 96 0 0 1
11227 110 2 107352 131072 0 15 0 0 0 96 96 0 0 2
11228 111 2 107352 131072 0 15 0 0 0 96 96 0 0 3
11229 116 2 107352 131072 0 15 0 0 0 96 96 0 0 4
11230 104 2 107352 131072 0 15 0 0 0 96 96 0 0 5
11231 101 2 107352 131072 0 15 0 0 0 96 96 0 0 6
11232 114 2 107352 131072 0 15 0 0 0 96 96 0 0 7
11233 32 3 91021800 0 0 255 0 0 0 96 96 0 0 0
11234 91 3 91021800 0 0 255 0 0 0 96 91 0 0 0
11235 91 3 91021800 0 0 255 0 0 0 96 91 0 0 0
11236 65 3 91021800 0 0 255 0 0 0 96 91 0 0 0
11237 110 3 91021800 0 0 255 0 0 0 96 91 0 0 1
11238 110 3 91021800 0 0 255 0 0 0 96 91 0 0 2
11239 97 3 91021800 0 0 255 0 0 0 96 91 0 0 3
11240 93 4 2815940769 0 0 4095 0 0 0 96 91 0 0 0
11241 93 4 2815940769 0 0 4095 0 0 0 96 96 0 0 0
11242 32 4 2815940769 0 0 4095 0 0 0 96 96 0 0 0
11243 119 4 2815940769 0 0 4095 0 0 0 96 96 0 0 1
11244 97 4 2815940769 0 0 4095 0 0 0 96 96 0 0 2
11245 115 4 2815940769 0 0 4095 0 0 0 96 96 0 0 3
11246 32 5 3453292883 1 0 65521 3453292883 0 0 96 96 0 0 0
11247 97 5 3453292883 1 0 65521 3453292883 0 0 96 96 0 0 1
11248 32 6 1950627777 16384 0 1048342 3453292883 0 0 96 96 0 0 0
11249 39 6 1950627777 16384 0 1048342 3453292883 0 0 96 96 0 0 1
11250 39 7 1950627719 0 0 16773487 3453292883 0 0 96 96 0 0 0
11251 39 7 1950627719 0 0 16773487 3453292883 0 0 96 96 0 0 0
11252 113 7 1950627719 0 0 16773487 3453292883 0 0 96 96 0 0 1
11253 117 7 1950627719 0 0 16773487 3453292883 0 0 96 96 0 0 2
11254 101 7 1950627719 0 0 16773487 3453292883 0 0 96 96 0 0 3
11255 101 7 1950627719 0 0 16773487 3453292883 0 0 96 96 0 0 4
11256 110 7 1950627719 0 0 16773487 3453292883 0 0 96 96 0 0 5
11257 39 7 1950627719 0 0 16773487 3453292883 0 0 96 96 0 0 6
11258 39 8 3278097614 8 0 268375802 3453292883 0 0 96 96 0 0 0
11259 39 8 3278097614 8 0 268375802 3453292883 0 0 96 96 0 0 0
11260 32 8 3278097614 8 0 268375802 3453292883 0 0 96 96 0 0 0
11261 111 8 3278097614 8 0 268375802 3453292883 0 0 96 96 0 0 1
11262 102 8 3278097614 8 0 268375802 3453292883 0 0 96 96 0 0 2
11263 32 9 1118483846 65536 0 4294012840 3453292883 0 0 96 96 0 0 0
11264 91 9 1118483846 65536 0 4294012840 3453292883 0 0 96 91 0 0 0
11265 91 9 1118483846 65536 0 4294012840 3453292883 0 0 96 91 0 0 0
11266 70 9 1118483846 65536 0 4294012840 3453292883 0 0 96 91 0 0 0
11267 114 9 1118483846 65536 0 4294012840 3453292883 0 0 96 91 0 0 1
11268 97 9 1118483846 65536 0 4294012840 3453292883 0 0 96 91 0 0 2
11269 110 9 1118483846 65536 0 4294012840 3453292883 0 0 96 91 0 0 3
11270 99 9 1118483846 65536 0 4294012840 3453292883 0 0 96 91 0 0 4
11271 101 9 1118483846 65536 0 4294012840 3453292883 0 0 96 91 0 0 5
11272 93 10 3384763555 0 0 4279696015 3453292883 0 0 96 91 0 0 0
11273 93 10 3384763555 0 0 4279696015 3453292883 0 0 96 96 0 0 0
11274 32 10 3384763555 0 0 4279696015 3453292883 0 0 96 96 0 0 0
11275 105 10 3384763555 0 0 4279696015 3453292883 0 0 96 96 0 0 1
11276 110 10 3384763555 0 0 4279696015 3453292883 0 0 96 96 0 0 2
11277 32 11 1118433358 65536 0 4050626808 3453292883 0 0 96 96 0 0 0
11278 49 11 1118433358 65536 0 4050626808 3453292883 0 0 96 96 0 0 0
11279 55 11 1118433358 65536 0 4050626808 3453292883 0 0 96 96 0 0 0
11280 56 11 1118433358 65536 0 4050626808 3453292883 0 0 96 96 0 0 0
11281 57 11 1118433358 65536 0 4050626808 3453292883 0 0 96 96 0 0 0
11282 46 0 0 0 0 385519488 3453292883 0 0 96 96 0 0 0
11283 10 0 0 0 0 0 0 0 0 0 96 0 0 0
11284 61 0 0 0 0 0 0 0 0 61 96 0 0 0
11285 61 0 0 0 0 0 0 0 0 61 96 0 0 0
11286 32 0 0 0 0 0 0 0 0 61 96 0 0 0
11287 72 0 0 0 0 0 0 0 0 61 96 0 0 0
11288 105 0 0 0 0 0 0 0 0 61 96 0 0 1
11289 115 0 0 0 0 0 0 0 0 61 96 0 0 2
11290 116 0 0 0 0 0 0 0 0 61 96 0 0 3
11291 111 0 0 0 0 0 0 0 0 61 96 0 0 4
11292 114 0 0 0 0 0 0 0 0 61 96 0 0 5
11293 121 0 0 0 0 0 0 0 0 61 96 0 0 6
11294 32 1 1469161513 0 0 15 0 0 0 61 96 0 0 0
11295 61 1 1469161513 0 0 15 0 0 0 61 96 0 0 0
11296 61 1 1469161513 0 0 15 0 0 0 61 96 0 0 0
11297 10 0 0 0 0 0 0 0 0 0 96 0 0 0
11298 42 0 0 0 0 0 0 0 0 42 42 0 0 0
11299 32 0 0 0 0 0 0 0 0 42 42 0 0 0
11300 105 0 0 0 0 0 0 0 0 96 42 0 0 1
11301 116 0 0 0 0 0 0 0 0 96 42 0 0 2
11302 101 0 0 0 0 0 0 0 0 96 42 0 0 3
11303 109 0 0 0 0 0 0 0 0 96 42 0 0 4
11304 32 1 4268574925 0 0 15 0 0 0 96 42 0 0 0
11305 111 1 4268574925 0 0 15 0 0 0 96 42 0 0 1
11306 110 1 4268574925 0 0 15 0 0 0 96 42 0 0 2
11307 101 1 4268574925 0 0 15 0 0 0 96 42 0 0 3
11308 32 2 2886769829 131072 0 254 0 0 0 96 42 0 0 0
11309 40 2 2886769829 131072 0 254 0 0 0 96 42 0 0 0
11310 102 2 2886769829 131072 0 254 0 0 0 96 42 0 0 1
11311 105 2 2886769829 131072 0 254 0 0 0 96 42 0 0 2
11312 114 2 2886769829 131072 0 254 0 0 0 96 42 0 0 3
11313 115 2 2886769829 131072 0 254 0 0 0 96 42 0 0 4
11314 116 2 2886769829 131072 0 254 0 0 0 96 42 0 0 5
11315 41 2 2886769829 131072 0 65264 0 0 0 96 42 0 0 0
11316 10 0 0 0 0 0 0 0 0 0 42 0 0 0
11317 42 0 0 0 0 0 0 0 0 42 42 0 0 0
11318 32 0 0 0 0 0 0 0 0 42 42 0 0 0
11319 105 0 0 0 0 0 0 0 0 96 42 0 0 1
11320 116 0 0 0 0 0 0 0 0 96 42 0 0 2
11321 101 0 0 0 0 0 0 0 0 96 42 0 0 3
11322 109 0 0 0 0 0 0 0 0 96 42 0 0 4
11323 32 1 4268574925 0 0 15 0 0 0 96 42 0 0 0
11324 116 1 4268574925 0 0 15 0 0 0 96 42 0 0 1
11325 119 1 4268574925 0 0 15 0 0 0 96 42 0 0 2
11326 111 1 4268574925 0 0 15 0 0 0 96 42 0 0 3
11327 32 2 3240990863 131072 0 254 0 0 0 96 42 0 0 0
11328 91 2 3240990863 131072 0 254 0 0 0 96 91 0 0 0
11329 104 2 3240990863 131072 0 254 0 0 0 96 91 0 0 1
11330 116 2 3240990863 131072 0 254 0 0 0 96 91 0 0 2
11331 116 2 3240990863 131072 0 254 0 0 0 96 91 0 0 3
11332 112 2 3240990863 131072 0 254 0 0 0 96 91 0 0 4
11333 58 3 876852720 0 0 4079 0 0 0 96 91 0 0 0
11334 47 3 876852720 0 0 4079 0 0 0 96 91 0 0 0
11335 47 3 876852720 0 0 4079 0 0 0 96 91 0 0 0
11336 101 3 876852720 0 0 4079 0 0 0 96 91 0 0 1
11337 120 3 876852720 0 0 4079 0 0 0 96 91 0 0 2
11338 97 3 876852720 0 0 4079 0 0 0 96 91 0 0 3
11339 109 3 876852720 0 0 4079 0 0 0 96 91 0 0 4
11340 112 3 876852720 0 0 4079 0 0 0 96 91 0 0 5
11341 108 3 876852720 0 0 4079 0 0 0 96 91 0 0 6
11342 101 3 876852720 0 0 4079 0 0 0 96 91 0 0 7
11343 46 4 3291829868 0 0 1044464 0 0 0 96 91 0 0 0
11344 111 4 3291829868 0 0 1044464 0 0 0 96 91 0 0 1
11345 114 4 3291829868 0 0 1044464 0 0 0 96 91 0 0 2
11346 103 4 3291829868 0 0 1044464 0 0 0 96 91 0 0 3
11347 32 5 2886803495 0 0 16711439 0 0 0 96 91 0 0 0
11348 108 5 2886803495 0 0 16711439 0 0 0 96 91 0 0 1
11349 105 5 2886803495 0 0 16711439 0 0 0 96 91 0 0 2
11350 110 5 2886803495 0 0 16711439 0 0 0 96 91 0 0 3
11351 107 5 2886803495 0 0 16711439 0 0 0 96 91 0 0 4
11352 93 6 780174507 0 0 267383039 0 0 0 96 42 0 0 0
11353 32 6 780174507 0 0 267383039 0 0 1 64 42 0 0 0
11354 116 6 780174507 0 0 267383039 0 0 1 64 42 0 0 1
11355 101 6 780174507 0 0 267383039 0 0 1 64 42 0 0 2
11356 120 6 780174507 0 0 267383039 0 0 1 64 42 0 0 3
11357 116 6 780174507 0 0 267383039 0 0 1 64 42 0 0 4
11358 10 0 0 0 0 0 0 0 0 0 42 0 0 0
11359 84 0 0 0 0 0 0 0 0 84 42 0 0 0
11360 104 0 0 0 0 0 0 0 0 84 42 0 0 1
11361 101 0 0 0 0 0 0 0 0 84 42 0 0 2
11362 32 1 1118424933 2048 0 4 0 0 0 84 42 0 0 0
11363 123 1 1118424933 2048 0 4 0 0 0 84 42 0 0 0
11364 123 1 1118424933 2048 0 4 0 0 0 84 42 0 0 0
11365 99 1 1118424933 2048 0 4 0 0 0 84 42 0 0 1
11366 105 1 1118424933 2048 0 4 0 0 0 84 42 0 0 2
11367 116 1 1118424933 2048 0 4 0 0 0 84 42 0 0 3
11368 101 1 1118424933 2048 0 4 0 0 0 84 42 0 0 4
11369 124 2 318360037 0 0 79 0 0 0 84 42 0 0 0
11370 121 2 318360037 0 0 79 0 0 0 84 42 0 0 1
11371 101 2 318360037 0 0 79 0 0 0 84 42 0 0 2
11372 97 2 318360037 0 0 79 0 0 0 84 42 0 0 3
11373 114 2 318360037 0 0 79 0 0 0 84 42 0 0 4
11374 61 3 1641105746 0 0 1279 0 0 0 84 42 0 0 0
11375 49 3 1641105746 0 0 1279 0 0 0 84 42 0 0 0
11376 56 3 1641105746 0 0 1279 0 0 0 84 42 0 0 0
11377 48 3 1641105746 0 0 1279 0 0 0 84 42 0 0 0
11378 49 3 1641105746 0 0 1279 0 0 0 84 42 0 0 0
11379 125 4 1368491697 131072 0 1279 0 0 0 84 42 0 0 0
11380 125 4 1368491697 131072 0 1279 0 0 0 84 42 0 0 0
11381 32 4 1368491697 131072 0 1279 0 0 0 84 42 0 0 0
11382 115 4 1368491697 131072 0 1279 0 0 0 84 42 0 0 1
11383 97 4 1368491697 131072 0 1279 0 0 0 84 42 0 0 2
11384 105 4 1368491697 131072 0 1279 0 0 0 84 42 0 0 3
11385 100 4 1368491697 131072 0 1279 0 0 0 84 42 0 0 4
11386 58 5 2481602628 0 0 20479 0 0 0 84 42 0 0 0
11387 32 5 2481602628 0 0 20479 0 0 0 84 42 0 0 0
11388 34 5 2481602628 0 0 20479 0 0 0 84 42 0 0 0
11389 104 5 2481602628 0 0 20479 0 0 0 84 42 0 0 1
11390 101 5 2481602628 0 0 20479 0 0 0 84 42 0 0 2
11391 108 5 2481602628 0 0 20479 0 0 0 84 42 0 0 3
11392 108 5 2481602628 0 0 20479 0 0 0 84 42 0 0 4
11393 111 5 2481602628 0 0 20479 0 0 0 84 42 0 0 5
11394 44 6 933891823 0 0 327679 0 0 0 84 42 0 0 0
11395 32 6 933891823 0 0 327679 0 0 0 84 42 0 0 0
11396 119 6 933891823 0 0 327679 0 0 0 84 42 0 0 1
11397 111 6 933891823 0 0 327679 0 0 0 84 42 0 0 2
11398 114 6 933891823 0 0 327679 0 0 0 84 42 0 0 3
11399 108 6 933891823 0 0 327679 0 0 0 84 42 0 0 4
11400 100 6 933891823 0 0 327679 0 0 0 84 42 0 0 5
11401 33 7 1101113060 0 0 5242879 0 0 0 84 42 0 0 0
11402 34 7 1101113060 0 0 5242879 0 0 0 84 42 0 0 0
11403 10 0 0 0 0 0 0 0 0 0 42 0 0 0
11404 60 0 0 0 0 0 0 0 0 60 42 0 0 0
11405 114 0 0 0 0 0 0 0 0 60 42 0 0 1
11406 101 0 0 0 0 0 0 0 0 60 42 0 0 2
11407 102 0 0 0 0 0 0 0 0 60 42 0 0 3
11408 62 1 3099181254 0 0 15 0 0 0 60 42 0 0 0
11409 110 1 3099181254 0 0 15 0 0 0 60 42 0 0 1
11410 111 1 3099181254 0 0 15 0 0 0 60 42 0 0 2
11411 116 1 3099181254 0 0 15 0 0 0 60 42 0 0 3
11412 101 1 3099181254 0 0 15 0 0 0 60 42 0 0 4
11413 32 2 3693928933 0 0 255 0 0 0 60 42 0 0 0
11414 49 2 3693928933 0 0 255 0 0 0 60 42 0 0 0
11415 50 2 3693928933 0 0 255 0 0 0 60 42 0 0 0
11416 44 3 103146 131072 0 255 0 0 0 60 42 0 0 0
11417 51 3 103146 131072 0 255 0 0 0 60 42 0 0 0
11418 52 3 103146 131072 0 255 0 0 0 60 42 0 0 0
11419 53 3 103146 131072 0 255 0 0 0 60 42 0 0 0
11420 46 0 0 0 0 4080 0 0 0 60 42 0 0 0
11421 54 0 0 0 0 4080 0 0 0 60 42 0 0 0
11422 55 0 0 0 0 4080 0 0 0 60 42 0 0 0
11423 32 1 113671 131072 0 4080 0 0 0 60 42 0 0 0
11424 104 1 113671 131072 0 4080 0 0 0 60 42 0 0 1
11425 101 1 113671 131072 0 4080 0 0 0 60 42 0 0 2
11426 114 1 113671 131072 0 4080 0 0 0 60 42 0 0 3
11427 101 1 113671 131072 0 4080 0 0 0 60 42 0 0 4
11428 60 2 4109367333 0 0 65295 0 0 0 60 42 0 0 0
11429 47 2 4109367333 0 0 65295 0 0 0 60 42 0 0 0
11430 114 2 4109367333 0 0 65295 0 0 0 60 42 0 0 1
11431 101 2 4109367333 0 0 65295 0 0 0 60 42 0 0 2
11432 102 2 4109367333 0 0 65295 0 0 0 60 42 0 0 3
11433 62 3 3099181254 0 0 1044735 0 0 0 60 42 0 0 0
11434 10 0 0 0 0 0 0 0 0 0 42 0 0 0
11435 65 0 0 0 0 0 0 0 0 65 42 0 0 0
11436 32 0 0 0 0 0 0 0 0 65 42 0 0 0
11437 108 0 0 0 0 0 0 0 0 65 42 0 0 1
11438 105 0 0 0 0 0 0 0 0 65 42 0 0 2
11439 110 0 0 0 0 0 0 0 0 65 42 0 0 3
11440 101 0 0 0 0 0 0 0 0 65 42 0 0 4
11441 32 1 780174501 0 0 15 0 0 0 65 42 0 0 0
11442 119 1 780174501 0 0 15 0 0 0 65 42 0 0 1
11443 105 1 780174501 0 0 15 0 0 0 65 42 0 0 2
11444 116 1 780174501 0 0 15 0 0 0 65 42 0 0 3
11445 104 1 780174501 0 0 15 0 0 0 65 42 0 0 4
11446 32 2 3730819560 65536 0 248 0 0 0 65 42 0 0 0
11447 110 2 3730819560 65536 0 248 0 0 0 65 42 0 0 1
11448 117 2 3730819560 65536 0 248 0 0 0 65 42 0 0 2
11449 109 2 3730819560 65536 0 248 0 0 0 65 42 0 0 3
11450 98 2 3730819560 65536 0 248 0 0 0 65 42 0 0 4
11451 101 2 3730819560 65536 0 248 0 0 0 65 42 0 0 5
11452 114 2 3730819560 65536 0 248 0 0 0 65 42 0 0 6
11453 115 2 3730819560 65536 0 248 0 0 0 65 42 0 0 7
11454 32 3 3416096978 8 0 3978 0 0 0 65 42 0 0 0
11455 52 3 3416096978 8 0 3978 0 0 0 65 42 0 0 0
11456 50 3 3416096978 8 0 3978 0 0 0 65 42 0 0 0
11457 32 4 109458 131072 0 3978 0 0 0 65 42 0 0 0
11458 97 4 109458 131072 0 3978 0 0 0 65 42 0 0 1
11459 110 4 109458 131072 0 3978 0 0 0 65 42 0 0 2
11460 100 4 109458 131072 0 3978 0 0 0 65 42 0 0 3
11461 32 5 1895163044 32768 0 63655 0 0 0 65 42 0 0 0
11462 51 5 1895163044 32768 0 63655 0 0 0 65 42 0 0 0
11463 46 0 0 0 0 1018480 0 0 0 65 42 0 0 0
11464 49 0 0 0 0 1018480 0 0 0 65 42 0 0 0
11465 52 0 0 0 0 1018480 0 0 0 65 42 0 0 0
11466 32 1 103148 131072 0 1018480 0 0 0 65 42 0 0 0
11467 97 1 103148 131072 0 1018480 0 0 0 65 42 0 0 1
11468 110 1 103148 131072 0 1018480 0 0 0 65 42 0 0 2
11469 100 1 103148 131072 0 1018480 0 0 0 65 42 0 0 3
11470 32 2 1895163044 32768 0 16295687 0 0 0 65 42 0 0 0
11471 49 2 1895163044 32768 0 16295687 0 0 0 65 42 0 0 0
11472 44 3 49 131072 0 16295687 0 0 0 65 42 0 0 0
11473 48 3 49 131072 0 16295687 0 0 0 65 42 0 0 0
11474 48 3 49 131072 0 16295687 0 0 0 65 42 0 0 0
11475 48 3 49 131072 0 16295687 0 0 0 65 42 0 0 0
11476 46 0 0 0 0 260730992 0 0 0 65 42 0 0 0
11477 10 0 0 0 0 0 0 0 0 0 42 0 0 0
11478 38 0 0 0 0 0 0 0 0 38 42 0 0 0
11479 110 0 0 0 0 0 0 0 0 38 42 0 0 1
11480 98 0 0 0 0 0 0 0 0 38 42 0 0 2
11481 115 0 0 0 0 0 0 0 0 38 42 0 0 3
11482 112 0 0 0 0 0 0 0 0 38 42 0 0 4
11483 59 1 2773142800 0 0 15 0 0 0 38 42 0 0 0
11484 32 1 2773142800 0 0 15 0 0 0 38 42 0 0 0
11485 115 1 2773142800 0 0 15 0 0 0 38 42 0 0 1
11486 111 1 2773142800 0 0 15 0 0 0 38 42 0 0 2
11487 109 1 2773142800 0 0 15 0 0 0 38 42 0 0 3
11488 101 1 2773142800 0 0 15 0 0 0 38 42 0 0 4
11489 32 2 3473243077 0 0 255 0 0 0 38 42 0 0 0
11490 38 2 3473243077 0 0 255 0 0 0 38 42 0 0 0
11491 97 2 3473243077 0 0 255 0 0 0 38 42 0 0 1
11492 109 2 3473243077 0 0 255 0 0 0 38 42 0 0 2
11493 112 2 3473243077 0 0 255 0 0 0 38 42 0 0 3
11494 59 3 1895154640 0 0 4095 0 0 0 38 42 0 0 0
11495 32 3 1895154640 0 0 4095 0 0 0 38 42 0 0 0
11496 101 3 1895154640 0 0 4095 0 0 0 38 42 0 0 1
11497 110 3 1895154640 0 0 4095 0 0 0 38 42 0 0 2
11498 116 3 1895154640 0 0 4095 0 0 0 38 42 0 0 3
11499 105 3 1895154640 0 0 4095 0 0 0 38 42 0 0 4
11500 116 3 1895154640 0 0 4095 0 0 0 38 42 0 0 5
11501 105 3 1895154640 0 0 4095 0 0 0 38 42 0 0 6
11502 101 3 1895154640 0 0 4095 0 0 0 38 42 0 0 7
11503 115 3 1895154640 0 0 4095 0 0 0 38 42 0 0 8
11504 32 4 1475168745 8 0 65530 0 0 0 38 42 0 0 0
11505 38 4 1475168745 8 0 65530 0 0 0 38 42 0 0 0
11506 108 4 1475168745 8 0 65530 0 0 0 38 42 0 0 1
11507 116 4 1475168745 8 0 65530 0 0 0 38 42 0 0 2
11508 59 5 1118458612 0 0 1048495 0 0 0 38 42 0 0 0
11509 116 5 1118458612 0 0 1048495 0 0 0 38 42 0 0 1
11510 97 5 1118458612 0 0 1048495 0 0 0 38 42 0 0 2
11511 103 5 1118458612 0 0 1048495 0 0 0 38 42 0 0 3
11512 38 6 3240805703 0 0 16775935 0 0 0 38 42 0 0 0
11513 103 6 3240805703 0 0 16775935 0 0 0 38 42 0 0 1
11514 116 6 3240805703 0 0 16775935 0 0 0 38 42 0 0 2
11515 59 7 1118416532 0 0 268414975 0 0 0 38 42 0 0 0
11516 10 0 0 0 0 0 0 0 0 0 42 0 0 0
11517 100 0 0 0 0 0 0 0 0 96 96 0 0 1
11518 111 0 0 0 0 0 0 0 0 96 96 0 0 2
11519 110 0 0 0 0 0 0 0 0 96 96 0 0 3
11520 39 0 0 0 0 0 0 0 0 96 96 0 0 4
11521 116 0 0 0 0 0 0 0 0 96 96 0 0 5
11522 32 1 1118391279 1024 0 13 0 0 0 96 96 0 0 0
11523 99 1 1118391279 1024 0 13 0 0 0 96 96 0 0 1
11524 97 1 1118391279 1024 0 13 0 0 0 96 96 0 0 2
11525 110 1 1118391279 1024 0 13 0 0 0 96 96 0 0 3
11526 39 1 1118391279 1024 0 13 0 0 0 96 96 0 0 4
11527 116 1 1118391279 1024 0 13 0 0 0 96 96 0 0 5
11528 32 2 2036711758 1024 0 221 0 0 0 96 96 0 0 0
11529 105 2 2036711758 1024 0 221 0 0 0 96 96 0 0 1
11530 116 2 2036711758 1024 0 221 0 0 0 96 96 0 0 2
11531 39 2 2036711758 1024 0 221 0 0 0 96 96 0 0 3
11532 115 2 2036711758 1024 0 221 0 0 0 96 96 0 0 4
11533 32 3 1118433364 1048584 0 3546 0 0 0 96 96 0 0 0
11534 116 3 1118433364 1048584 0 3546 0 0 0 96 96 0 0 1
11535 104 3 1118433364 1048584 0 3546 0 0 0 96 96 0 0 2
11536 101 3 1118433364 1048584 0 3546 0 0 0 96 96 0 0 3
11537 32 4 3240864613 16384 0 56742 0 0 0 96 96 0 0 0
11538 99 4 3240864613 16384 0 56742 0 0 0 96 96 0 0 1
11539 97 4 3240864613 16384 0 56742 0 0 0 96 96 0 0 2
11540 116 4 3240864613 16384 0 56742 0 0 0 96 96 0 0 3
11541 32 4 2036711764 2 0 907874 0 0 0 96 96 0 0 0
11542 115 4 2036711764 2 0 907874 0 0 0 96 96 0 0 1
11543 97 4 2036711764 2 0 907874 0 0 0 96 96 0 0 2
11544 116 4 2036711764 2 0 907874 0 0 0 96 96 0 0 3
11545 32 5 3169976660 0 0 14525999 0 0 0 96 96 0 0 0
11546 111 5 3169976660 0 0 14525999 0 0 0 96 96 0 0 1
11547 110 5 3169976660 0 0 14525999 0 0 0 96 96 0 0 2
11548 32 6 1118483854 65536 0 232415992 0 0 0 96 96 0 0 0
11549 116 6 1118483854 65536 0 232415992 0 0 0 96 96 0 0 1
11550 104 6 1118483854 65536 0 232415992 0 0 0 96 96 0 0 2
11551 101 6 1118483854 65536 0 232415992 0 0 0 96 96 0 0 3
11552 32 7 3240864613 16384 0 3718655878 0 0 0 96 96 0 0 0
11553 109 7 3240864613 16384 0 3718655878 0 0 0 96 96 0 0 1
11554 97 7 3240864613 16384 0 3718655878 0 0 0 96 96 0 0 2
11555 116 7 3240864613 16384 0 3718655878 0 0 0 96 96 0 0 3
11556 46 0 0 0 0 2788132384 0 0 0 96 96 0 0 0
11557 10 0 0 0 0 0 0 0 0 0 96 0 0 0
11558 195 0 0 0 0 0 0 0 0 96 96 0 0 0
11559 44 0 0 0 0 0 0 0 0 96 96 0 0 0
11560 181 0 0 0 0 0 0 0 0 96 96 0 0 0
11561 236 0 0 0 0 0 0 0 0 96 96 0 0 0
11562 159 0 0 0 0 0 0 0 0 96 96 0 0 0
11563 10 0 0 0 0 0 0 0 0 0 96 0 0 0
11564 241 0 0 0 0 0 0 0 0 96 96 0 0 0
11565 207 0 0 0 0 0 0 0 0 96 96 0 0 0
11566 44 0 0 0 0 0 0 0 0 96 96 0 0 0
11567 231 0 0 0 0 0 0 0 0 96 96 0 0 0
11568 46 0 0 0 0 0 0 0 0 96 96 0 0 0
11569 193 0 0 0 0 0 0 0 0 96 96 0 0 0
11570 228 0 0 0 0 0 0 0 0 96 96 0 0 0
11571 234 0 0 0 0 0 0 0 0 96 96 0 0 0
11572 32 0 0 0 0 0 0 0 0 96 96 0 0 0
11573 212 0 0 0 0 0 0 0 0 96 96 0 0 0
11574 32 0 0 0 0 0 0 0 0 96 96 0 0 0
11575 198 0 0 0 0 0 0 0 0 96 96 0 0 0
11576 197 0 0 0 0 0 0 0 0 96 96 0 0 0
11577 10 0 0 0 0 0 0 0 0 0 96 0 0 0
11578 237 0 0 0 0 0 0 0 0 96 96 0 0 0
11579 244 0 0 0 0 0 0 0 0 96 96 0 0 0
11580 194 0 0 0 0 0 0 0 0 96 96 0 0 0
11581 32 0 0 0 0 0 0 0 0 96 96 0 0 0
11582 119 0 0 0 0 0 0 0 0 96 96 0 0 1
11583 111 0 0 0 0 0 0 0 0 96 96 0 0 2
11584 114 0 0 0 0 0 0 0 0 96 96 0 0 3
11585 100 0 0 0 0 0 0 0 0 96 96 0 0 4
11586 51 1 4155777060 0 0 15 0 0 0 96 96 0 0 0
11587 49 1 4155777060 0 0 15 0 0 0 96 96 0 0 0
11588 32 2 107353 131072 0 15 0 0 0 96 96 0 0 0
11589 97 2 107353 131072 0 15 0 0 0 96 96 0 0 1
11590 110 2 107353 131072 0 15 0 0 0 96 96 0 0 2
11591 111 2 107353 131072 0 15 0 0 0 96 96 0 0 3
11592 116 2 107353 131072 0 15 0 0 0 96 96 0 0 4
11593 104 2 107353 131072 0 15 0 0 0 96 96 0 0 5
11594 101 2 107353 131072 0 15 0 0 0 96 96 0 0 6
11595 114 2 107353 131072 0 15 0 0 0 96 96 0 0 7
11596 32 3 91021800 0 0 255 0 0 0 96 96 0 0 0
11597 91 3 91021800 0 0 255 0 0 0 96 91 0 0 0
11598 91 3 91021800 0 0 255 0 0 0 96 91 0 0 0
11599 65 3 91021800 0 0 255 0 0 0 96 91 0 0 0
11600 110 3 91021800 0 0 255 0 0 0 96 91 0 0 1
11601 110 3 91021800 0 0 255 0 0 0 96 91 0 0 2
11602 97 3 91021800 0 0 255 0 0 0 96 91 0 0 3
11603 93 4 2815940769 0 0 4095 0 0 0 96 91 0 0 0
11604 93 4 2815940769 0 0 4095 0 0 0 96 96 0 0 0
11605 32 4 2815940769 0 0 4095 0 0 0 96 96 0 0 0
11606 119 4 2815940769 0 0 4095 0 0 0 96 96 0 0 1
11607 97 4 2815940769 0 0 4095 0 0 0 96 96 0 0 2
11608 115 4 2815940769 0 0 4095 0 0 0 96 96 0 0 3
11609 32 5 3453292883 1 0 65521 3453292883 0 0 96 96 0 0 0
11610 97 5 3453292883 1 0 65521 3453292883 0 0 96 96 0 0 1
11611 32 6 1950627777 16384 0 1048342 3453292883 0 0 96 96 0 0 0
11612 39 6 1950627777 16384 0 1048342 3453292883 0 0 96 96 0 0 1
11613 39 7 1950627719 0 0 16773487 3453292883 0 0 96 96 0 0 0
11614 39 7 1950627719 0 0 16773487 3453292883 0 0 96 96 0 0 0
11615 113 7 1950627719 0 0 16773487 3453292883 0 0 96 96 0 0 1
11616 117 7 1950627719 0 0 16773487 3453292883 0 0 96 96 0 0 2
11617 101 7 1950627719 0 0 16773487 3453292883 0 0 96 96 0 0 3
11618 101 7 1950627719 0 0 16773487 3453292883 0 0 96 96 0 0 4
11619 110 7 1950627719 0 0 16773487 3453292883 0 0 96 96 0 0 5
11620 39 7 1950627719 0 0 16773487 3453292883 0 0 96 96 0 0 6
11621 39 8 3278097614 8 0 268375802 3453292883 0 0 96 96 0 0 0
11622 39 8 3278097614 8 0 268375802 3453292883 0 0 96 96 0 0 0
11623 32 8 3278097614 8 0 268375802 3453292883 0 0 96 96 0 0 0
11624 111 8 3278097614 8 0 268375802 3453292883 0 0 96 96 0 0 1
11625 102 8 3278097614 8 0 268375802 3453292883 0 0 96 96 0 0 2
11626 32 9 1118483846 65536 0 4294012840 3453292883 0 0 96 96 0 0 0
11627 91 9 1118483846 65536 0 4294012840 3453292883 0 0 96 91 0 0 0
11628 91 9 1118483846 65536 0 4294012840 3453292883 0 0 96 91 0 0 0
11629 70 9 1118483846 65536 0 4294012840 3453292883 0 0 96 91 0 0 0
11630 114 9 1118483846 65536 0 4294012840 3453292883 0 0 96 91 0 0 1
11631 97 9 1118483846 65536 0 4294012840 3453292883 0 0 96 91 0 0 2
11632 110 9 1118483846 65536 0 4294012840 3453292883 0 0 96 91 0 0 3
11633 99 9 1118483846 65536 0 4294012840 3453292883 0 0 96 91 0 0 4
11634 101 9 1118483846 65536 0 4294012840 3453292883 0 0 96 91 0 0 5
11635 93 10 3384763555 0 0 4279696015 3453292883 0 0 96 91 0 0 0
11636 93 10 3384763555 0 0 4279696015 3453292883 0 0 96 96 0 0 0
11637 32 10 3384763555 0 0 4279696015 3453292883 0 0 96 96 0 0 0
11638 105 10 3384763555 0 0 4279696015 3453292883 0 0 96 96 0 0 1
11639 110 10 3384763555 0 0 4279696015 3453292883 0 0 96 96 0 0 2
11640 32 11 1118433358 65536 0 4050626808 3453292883 0 0 96 96 0 0 0
11641 49 11 1118433358 65536 0 4050626808 3453292883 0 0 96 96 0 0 0
11642 55 11 1118433358 65536 0 4050626808 3453292883 0 0 96 96 0 0 0
11643 56 11 1118433358 65536 0 4050626808 3453292883 0 0 96 96 0 0 0
11644 57 11 1118433358 65536 0 4050626808 3453292883 0 0 96 96 0 0 0
11645 46 0 0 0 0 385519488 3453292883 0 0 96 96 0 0 0
11646 10 0 0 0 0 0 0 0 0 0 96 0 0 0
11647 61 0 0 0 0 0 0 0 0 61 96 0 0 0
11648 61 0 0 0 0 0 0 0 0 61 96 0 0 0
11649 32 0 0 0 0 0 0 0 0 61 96 0 0 0
11650 72 0 0 0 0 0 0 0 0 61 96 0 0 0
11651 105 0 0 0 0 0 0 0 0 61 96 0 0 1
11652 115 0 0 0 0 0 0 0 0 61 96 0 0 2
11653 116 0 0 0 0 0 0 0 0 61 96 0 0 3
11654 111 0 0 0 0 0 0 0 0 61 96 0 0 4
11655 114 0 0 0 0 0 0 0 0 61 96 0 0 5
11656 121 0 0 0 0 0 0 0 0 61 96 0 0 6
11657 32 1 1469161513 0 0 15 0 0 0 61 96 0 0 0
11658 61 1 1469161513 0 0 15 0 0 0 61 96 0 0 0
11659 61 1 1469161513 0 0 15 0 0 0 61 96 0 0 0
11660 10 0 0 0 0 0 0 0 0 0 96 0 0 0
11661 42 0 0 0 0 0 0 0 0 42 42 0 0 0
11662 32 0 0 0 0 0 0 0 0 42 42 0 0 0
11663 105 0 0 0 0 0 0 0 0 96 42 0 0 1
11664 116 0 0 0 0 0 0 0 0 96 42 0 0 2
11665 101 0 0 0 0 0 0 0 0 96 42 0 0 3
11666 109 0 0 0 0 0 0 0 0 96 42 0 0 4
11667 32 1 4268574925 0 0 15 0 0 0 96 42 0 0 0
11668 111 1 4268574925 0 0 15 0 0 0 96 42 0 0 1
11669 110 1 4268574925 0 0 15 0 0 0 96 42 0 0 2
11670 101 1 4268574925 0 0 15 0 0 0 96 42 0 0 3
11671 32 2 2886769829 131072 0 254 0 0 0 96 42 0 0 0
11672 40 2 2886769829 131072 0 254 0 0 0 96 42 0 0 0
11673 102 2 2886769829 131072 0 254 0 0 0 96 42 0 0 1
11674 105 2 2886769829 131072 0 254 0 0 0 96 42 0 0 2
11675 114 2 2886769829 131072 0 254 0 0 0 96 42 0 0 3
11676 115 2 2886769829 131072 0 254 0 0 0 96 42 0 0 4
11677 116 2 2886769829 131072 0 254 0 0 0 96 42 0 0 5
11678 41 2 2886769829 131072 0 65264 0 0 0 96 42 0 0 0
11679 10 0 0 0 0 0 0 0 0 0 42 0 0 0
11680 42 0 0 0 0 0 0 0 0 42 42 0 0 0
11681 32 0 0 0 0 0 0 0 0 42 42 0 0 0
11682 105 0 0 0 0 0 0 0 0 96 42 0 0 1
11683 116 0 0 0 0 0 0 0 0 96 42 0 0 2
11684 101 0 0 0 0 0 0 0 0 96 42 0 0 3
11685 109 0 0 0 0 0 0 0 0 96 42 0 0 4
11686 32 1 4268574925 0 0 15 0 0 0 96 42 0 0 0
11687 116 1 4268574925 0 0 15 0 0 0 96 42 0 0 1
11688 119 1 4268574925 0 0 15 0 0 0 96 42 0 0 2
11689 111 1 4268574925 0 0 15 0 0 0 96 42 0 0 3
11690 32 2 3240990863 131072 0 254 0 0 0 96 42 0 0 0
11691 91 2 3240990863 131072 0 254 0 0 0 96 91 0 0 0
11692 104 2 3240990863 131072 0 254 0 0 0 96 91 0 0 1
11693 116 2 3240990863 131072 0 254 0 0 0 96 91 0 0 2
11694 116 2 3240990863 131072 0 254 0 0 0 96 91 0 0 3
11695 112 2 3240990863 131072 0 254 0 0 0 96 91 0 0 4
11696 58 3 876852720 0 0 4079 0 0 0 96 91 0 0 0
11697 47 3 876852720 0 0 4079 0 0 0 96 91 0 0 0
11698 47 3 876852720 0 0 4079 0 0 0 96 91 0 0 0
11699 101 3 876852720 0 0 4079 0 0 0 96 91 0 0 1
11700 120 3 876852720 0 0 4079 0 0 0 96 91 0 0 2
11701 97 3 876852720 0 0 4079 0 0 0 96 91 0 0 3
11702 109 3 876852720 0 0 4079 0 0 0 96 91 0 0 4
11703 112 3 876852720 0 0 4079 0 0 0 96 91 0 0 5
11704 108 3 876852720 0 0 4079 0 0 0 96 91 0 0 6
11705 101 3 876852720 0 0 4079 0 0 0 96 91 0 0 7
11706 46 4 3291829868 0 0 1044464 0 0 0 96 91 0 0 0
11707 111 4 3291829868 0 0 1044464 0 0 0 96 91 0 0 1
11708 114 4 3291829868 0 0 1044464 0 0 0 96 91 0 0 2
11709 103 4 3291829868 0 0 1044464 0 0 0 96 91 0 0 3
11710 32 5 2886803495 0 0 16711439 0 0 0 96 91 0 0 0
11711 108 5 2886803495 0 0 16711439 0 0 0 96 91 0 0 1
11712 105 5 2886803495 0 0 16711439 0 0 0 96 91 0 0 2
11713 110 5 2886803495 0 0 16711439 0 0 0 96 91 0 0 3
11714 107 5 2886803495 0 0 16711439 0 0 0 96 91 0 0 4
11715 93 6 780174507 0 0 267383039 0 0 0 96 42 0 0 0
11716 32 6 780174507 0 0 267383039 0 0 1 64 42 0 0 0
11717 116 6 780174507 0 0 267383039 0 0 1 64 42 0 0 1
11718 101 6 780174507 0 0 267383039 0 0 1 64 42 0 0 2
11719 120 6 780174507 0 0 267383039 0 0 1 64 42 0 0 3
11720 116 6 780174507 0 0 267383039 0 0 1 64 42 0 0 4
11721 10 0 0 0 0 0 0 0 0 0 42 0 0 0
11722 84 0 0 0 0 0 0 0 0 84 42 0 0 0
11723 104 0 0 0 0 0 0 0 0 84 42 0 0 1
11724 101 0 0 0 0 0 0 0 0 84 42 0 0 2
11725 32 1 1118424933 2048 0 4 0 0 0 84 42 0 0 0
11726 123 1 1118424933 2048 0 4 0 0 0 84 42 0 0 0
11727 123 1 1118424933 2048 0 4 0 0 0 84 42 0 0 0
11728 99 1 1118424933 2048 0 4 0 0 0 84 42 0 0 1
11729 105 1 1118424933 2048 0 4 0 0 0 84 42 0 0 2
11730 116 1 1118424933 2048 0 4 0 0 0 84 42 0 0 3
11731 101 1 1118424933 2048 0 4 0 0 0 84 42 0 0 4
11732 124 2 318360037 0 0 79 0 0 0 84 42 0 0 0
11733 121 2 318360037 0 0 79 0 0 0 84 42 0 0 1
11734 101 2 318360037 0 0 79 0 0 0 84 42 0 0 2
11735 97 2 318360037 0 0 79 0 0 0 84 42 0 0 3
11736 114 2 318360037 0 0 79 0 0 0 84 42 0 0 4
11737 61 3 1641105746 0 0 1279 0 0 0 84 42 0 0 0
11738 49 3 1641105746 0 0 1279 0 0 0 84 42 0 0 0
11739 56 3 1641105746 0 0 1279 0 0 0 84 42 0 0 0
11740 48 3 1641105746 0 0 1279 0 0 0 84 42 0 0 0
11741 49 3 1641105746 0 0 1279 0 0 0 84 42 0 0 0
11742 125 4 1368491697 131072 0 1279 0 0 0 84 42 0 0 0
11743 125 4 1368491697 131072 0 1279 0 0 0 84 42 0 0 0
11744 32 4 1368491697 131072 0 1279 0 0 0 84 42 0 0 0
11745 115 4 1368491697 131072 0 1279 0 0 0 84 42 0 0 1
11746 97 4 1368491697 131072 0 1279 0 0 0 84 42 0 0 2
11747 105 4 1368491697 131072 0 1279 0 0 0 84 42 0 0 3
11748 100 4 1368491697 131072 0 1279 0 0 0 84 42 0 0 4
11749 58 5 2481602628 0 0 20479 0 0 0 84 42 0 0 0
11750 32 5 2481602628 0 0 20479 0 0 0 84 42 0 0 0
11751 34 5 2481602628 0 0 20479 0 0 0 84 42 0 0 0
11752 104 5 2481602628 0 0 20479 0 0 0 84 42 0 0 1
11753 101 5 2481602628 0 0 20479 0 0 0 84 42 0 0 2
11754 108 5 2481602628 0 0 20479 0 0 0 84 42 0 0 3
11755 108 5 2481602628 0 0 20479 0 0 0 84 42 0 0 4
11756 111 5 2481602628 0 0 20479 0 0 0 84 42 0 0 5
11757 44 6 933891823 0 0 327679 0 0 0 84 42 0 0 0
11758 32 6 933891823 0 0 327679 0 0 0 84 42 0 0 0
11759 119 6 933891823 0 0 327679 0 0 0 84 42 0 0 1
11760 111 6 933891823 0 0 327679 0 0 0 84 42 0 0 2
11761 114 6 933891823 0 0 327679 0 0 0 84 42 0 0 3
11762 108 6 933891823 0 0 327679 0 0 0 84 42 0 0 4
11763 100 6 933891823 0 0 327679 0 0 0 84 42 0 0 5
11764 33 7 1101113060 0 0 5242879 0 0 0 84 42 0 0 0
11765 34 7 1101113060 0 0 5242879 0 0 0 84 42 0 0 0
11766 10 0 0 0 0 0 0 0 0 0 42 0 0 0
11767 60 0 0 0 0 0 0 0 0 60 42 0 0 0
11768 114 0 0 0 0 0 0 0 0 60 42 0 0 1
11769 101 0 0 0 0 0 0 0 0 60 42 0 0 2
11770 102 0 0 0 0 0 0 0 0 60 42 0 0 3
11771 62 1 3099181254 0 0 15 0 0 0 60 42 0 0 0
11772 110 1 3099181254 0 0 15 0 0 0 60 42 0 0 1
11773 111 1 3099181254 0 0 15 0 0 0 60 42 0 0 2
11774 116 1 3099181254 0 0 15 0 0 0 60 42 0 0 3
11775 101 1 3099181254 0 0 15 0 0 0 60 42 0 0 4
11776 32 2 3693928933 0 0 255 0 0 0 60 42 0 0 0
11777 49 2 3693928933 0 0 255 0 0 0 60 42 0 0 0
11778 50 2 3693928933 0 0 255 0 0 0 60 42 0 0 0
11779 44 3 103146 131072 0 255 0 0 0 60 42 0 0 0
11780 51 3 103146 131072 0 255 0 0 0 60 42 0 0 0
11781 52 3 103146 131072 0 255 0 0 0 60 42 0 0 0
11782 53 3 103146 131072 0 255 0 0 0 60 42 0 0 0
11783 46 0 0 0 0 4080 0 0 0 60 42 0 0 0
11784 54 0 0 0 0 4080 0 0 0 60 42 0 0 0
11785 55 0 0 0 0 4080 0 0 0 60 42 0 0 0
11786 32 1 113671 131072 0 4080 0 0 0 60 42 0 0 0
11787 104 1 113671 131072 0 4080 0 0 0 60 42 0 0 1
11788 101 1 113671 131072 0 4080 0 0 0 60 42 0 0 2
11789 114 1 113671 131072 0 4080 0 0 0 60 42 0 0 3
11790 101 1 113671 131072 0 4080 0 0 0 60 42 0 0 4
11791 60 2 4109367333 0 0 65295 0 0 0 60 42 0 0 0
11792 47 2 4109367333 0 0 65295 0 0 0 60 42 0 0 0
11793 114 2 4109367333 0 0 65295 0 0 0 60 42 0 0 1
11794 101 2 4109367333 0 0 65295 0 0 0 60 42 0 0 2
11795 102 2 4109367333 0 0 65295 0 0 0 60 42 0 0 3
11796 62 3 3099181254 0 0 1044735 0 0 0 60 42 0 0 0
11797 10 0 0 0 0 0 0 0 0 0 42 0 0 0
11798 65 0 0 0 0 0 0 0 0 65 42 0 0 0
11799 32 0 0 0 0 0 0 0 0 65 42 0 0 0
11800 108 0 0 0 0 0 0 0 0 65 42 0 0 1
11801 105 0 0 0 0 0 0 0 0 65 42 0 0 2
11802 110 0 0 0 0 0 0 0 0 65 42 0 0 3
11803 101 0 0 0 0 0 0 0 0 65 42 0 0 4
11804 32 1 780174501 0 0 15 0 0 0 65 42 0 0 0
11805 119 1 780174501 0 0 15 0 0 0 65 42 0 0 1
11806 105 1 780174501 0 0 15 0 0 0 65 42 0 0 2
11807 116 1 780174501 0 0 15 0 0 0 65 42 0 0 3
11808 104 1 780174501 0 0 15 0 0 0 65 42 0 0 4
11809 32 2 3730819560 65536 0 248 0 0 0 65 42 0 0 0
11810 110 2 3730819560 65536 0 248 0 0 0 65 42 0 0 1
11811 117 2 3730819560 65536 0 248 0 0 0 65 42 0 0 2
11812 109 2 3730819560 65536 0 248 0 0 0 65 42 0 0 3
11813 98 2 3730819560 65536 0 248 0 0 0 65 42 0 0 4
11814 101 2 3730819560 65536 0 248 0 0 0 65 42 0 0 5
11815 114 2 3730819560 65536 0 248 0 0 0 65 42 0 0 6
11816 115 2 3730819560 65536 0 248 0 0 0 65 42 0 0 7
11817 32 3 3416096978 8 0 3978 0 0 0 65 42 0 0 0
11818 52 3 3416096978 8 0 3978 0 0 0 65 42 0 0 0
11819 50 3 3416096978 8 0 3978 0 0 0 65 42 0 0 0
11820 32 4 109458 131072 0 3978 0 0 0 65 42 0 0 0
11821 97 4 109458 131072 0 3978 0 0 0 65 42 0 0 1
11822 110 4 109458 131072 0 3978 0 0 0 65 42 0 0 2
11823 100 4 109458 131072 0 3978 0 0 0 65 42 0 0 3
11824 32 5 1895163044 32768 0 63655 0 0 0 65 42 0 0 0
11825 51 5 1895163044 32768 0 63655 0 0 0 65 42 0 0 0
11826 46 0 0 0 0 1018480 0 0 0 65 42 0 0 0
11827 49 0 0 0 0 1018480 0 0 0 65 42 0 0 0
11828 52 0 0 0 0 1018480 0 0 0 65 42 0 0 0
11829 32 1 103148 131072 0 1018480 0 0 0 65 42 0 0 0
11830 97 1 103148 131072 0 1018480 0 0 0 65 42 0 0 1
11831 110 1 103148 131072 0 1018480 0 0 0 65 42 0 0 2
11832 100 1 103148 131072 0 1018480 0 0 0 65 42 0 0 3
11833 32 2 1895163044 32768 0 16295687 0 0 0 65 42 0 0 0
11834 49 2 1895163044 32768 0 16295687 0 0 0 65 42 0 0 0
11835 44 3 49 131072 0 16295687 0 0 0 65 42 0 0 0
11836 48 3 49 131072 0 16295687 0 0 0 65 42 0 0 0
11837 48 3 49 131072 0 16295687 0 0 0 65 42 0 0 0
11838 48 3 49 131072 0 16295687 0 0 0 65 42 0 0 0
11839 46 0 0 0 0 260730992 0 0 0 65 42 0 0 0
11840 10 0 0 0 0 0 0 0 0 0 42 0 0 0
11841 38 0 0 0 0 0 0 0 0 38 42 0 0 0
11842 110 0 0 0 0 0 0 0 0 38 42 0 0 1
11843 98 0 0 0 0 0 0 0 0 38 42 0 0 2
11844 115 0 0 0 0 0 0 0 0 38 42 0 0 3
11845 112 0 0 0 0 0 0 0 0 38 42 0 0 4
11846 59 1 2773142800 0 0 15 0 0 0 38 42 0 0 0
11847 32 1 2773142800 0 0 15 0 0 0 38 42 0 0 0
11848 115 1 2773142800 0 0 15 0 0 0 38 42 0 0 1
11849 111 1 2773142800 0 0 15 0 0 0 38 42 0 0 2
11850 109 1 2773142800 0 0 15 0 0 0 38 42 0 0 3
11851 101 1 2773142800 0 0 15 0 0 0 38 42 0 0 4
11852 32 2 3473243077 0 0 255 0 0 0 38 42 0 0 0
11853 38 2 3473243077 0 0 255 0 0 0 38 42 0 0 0
11854 97 2 3473243077 0 0 255 0 0 0 38 42 0 0 1
11855 109 2 3473243077 0 0 255 0 0 0 38 42 0 0 2
11856 112 2 3473243077 0 0 255 0 0 0 38 42 0 0 3
11857 59 3 1895154640 0 0 4095 0 0 0 38 42 0 0 0
11858 32 3 1895154640 0 0 4095 0 0 0 38 42 0 0 0
11859 101 3 1895154640 0 0 4095 0 0 0 38 42 0 0 1
11860 110 3 1895154640 0 0 4095 0 0 0 38 42 0 0 2
11861 116 3 1895154640 0 0 4095 0 0 0 38 42 0 0 3
11862 105 3 1895154640 0 0 4095 0 0 0 38 42 0 0 4
11863 116 3 1895154640 0 0 4095 0 0 0 38 42 0 0 5
11864 105 3 1895154640 0 0 4095 0 0 0 38 42 0 0 6
11865 101 3 1895154640 0 0 4095 0 0 0 38 42 0 0 7
11866 115 3 1895154640 0 0 4095 0 0 0 38 42 0 0 8
11867 32 4 1475168745 8 0 65530 0 0 0 38 42 0 0 0
11868 38 4 1475168745 8 0 65530 0 0 0 38 42 0 0 0
11869 108 4 1475168745 8 0 65530 0 0 0 38 42 0 0 1
11870 116 4 1475168745 8 0 65530 0 0 0 38 42 0 0 2
11871 59 5 1118458612 0 0 1048495 0 0 0 38 42 0 0 0
11872 116 5 1118458612 0 0 1048495 0 0 0 38 42 0 0 1
11873 97 5 1118458612 0 0 1048495 0 0 0 38 42 0 0 2
11874 103 5 1118458612 0 0 1048495 0 0 0 38 42 0 0 3
11875 38 6 3240805703 0 0 16775935 0 0 0 38 42 0 0 0
11876 103 6 3240805703 0 0 16775935 0 0 0 38 42 0 0 1
11877 116 6 3240805703 0 0 16775935 0 0 0 38 42 0 0 2
11878 59 7 1118416532 0 0 268414975 0 0 0 38 42 0 0 0
11879 10 0 0 0 0 0 0 0 0 0 42 0 0 0
11880 100 0 0 0 0 0 0 0 0 96 96 0 0 1
11881 111 0 0 0 0 0 0 0 0 96 96 0 0 2
11882 110 0 0 0 0 0 0 0 0 96 96 0 0 3
11883 39 0 0 0 0 0 0 0 0 96 96 0 0 4
11884 116 0 0 0 0 0 0 0 0 96 96 0 0 5
11885 32 1 1118391279 1024 0 13 0 0 0 96 96 0 0 0
11886 99 1 1118391279 1024 0 13 0 0 0 96 96 0 0 1
11887 97 1 1118391279 1024 0 13 0 0 0 96 96 0 0 2
11888 110 1 1118391279 1024 0 13 0 0 0 96 96 0 0 3
11889 39 1 1118391279 1024 0 13 0 0 0 96 96 0 0 4
11890 116 1 1118391279 1024 0 13 0 0 0 96 96 0 0 5
11891 32 2 2036711758 1024 0 221 0 0 0 96 96 0 0 0
11892 105 2 2036711758 1024 0 221 0 0 0 96 96 0 0 1
11893 116 2 2036711758 1024 0 221 0 0 0 96 96 0 0 2
11894 39 2 2036711758 1024 0 221 0 0 0 96 96 0 0 3
11895 115 2 2036711758 1024 0 221 0 0 0 96 96 0 0 4
11896 32 3 1118433364 1048584 0 3546 0 0 0 96 96 0 0 0
11897 116 3 1118433364 1048584 0 3546 0 0 0 96 96 0 0 1
11898 104 3 1118433364 1048584 0 3546 0 0 0 96 96 0 0 2
11899 101 3 1118433364 1048584 0 3546 0 0 0 96 96 0 0 3
11900 32 4 3240864613 16384 0 56742 0 0 0 96 96 0 0 0
11901 99 4 3240864613 16384 0 56742 0 0 0 96 96 0 0 1
11902 97 4 3240864613 16384 0 56742 0 0 0 96 96 0 0 2
11903 116 4 3240864613 16384 0 56742 0 0 0 96 96 0 0 3
11904 32 4 2036711764 2 0 907874 0 0 0 96 96 0 0 0
11905 115 4 2036711764 2 0 907874 0 0 0 96 96 0 0 1
11906 97 4 2036711764 2 0 907874 0 0 0 96 96 0 0 2
11907 116 4 2036711764 2 0 907874 0 0 0 96 96 0 0 3
11908 32 5 3169976660 0 0 14525999 0 0 0 96 96 0 0 0
11909 111 5 3169976660 0 0 14525999 0 0 0 96 96 0 0 1
11910 110 5 3169976660 0 0 14525999 0 0 0 96 96 0 0 2
11911 32 6 1118483854 65536 0 232415992 0 0 0 96 96 0 0 0
11912 116 6 1118483854 65536 0 232415992 0 0 0 96 96 0 0 1
11913 104 6 1118483854 65536 0 232415992 0 0 0 96 96 0 0 2
11914 101 6 1118483854 65536 0 232415992 0 0 0 96 96 0 0 3
11915 32 7 3240864613 16384 0 3718655878 0 0 0 96 96 0 0 0
11916 109 7 3240864613 16384 0 3718655878 0 0 0 96 96 0 0 1
11917 97 7 3240864613 16384 0 3718655878 0 0 0 96 96 0 0 2
11918 116 7 3240864613 16384 0 3718655878 0 0 0 96 96 0 0 3
11919 46 0 0 0 0 2788132384 0 0 0 96 96 0 0 0
11920 10 0 0 0 0 0 0 0 0 0 96 0 0 0
11921 194 0 0 0 0 0 0 0 0 96 96 0 0 0
11922 193 0 0 0 0 0 0 0 0 96 96 0 0 0
11923 44 0 0 0 0 0 0 0 0 96 96 0 0 0
11924 210 0 0 0 0 0 0 0 0 96 96 0 0 0
11925 44 0 0 0 0 0 0 0 0 96 96 0 0 0
11926 168 0 0 0 0 0 0 0 0 96 96 0 0 0
11927 213 0 0 0 0 0 0 0 0 96 96 0 0 0
11928 10 0 0 0 0 0 0 0 0 0 96 0 0 0
11929 168 0 0 0 0 0 0 0 0 96 96 0 0 0
11930 46 0 0 0 0 0 0 0 0 96 96 0 0 0
11931 220 0 0 0 0 0 0 0 0 96 96 0 0 0
11932 10 0 0 0 0 0 0 0 0 0 96 0 0 0
11933 233 0 0 0 0 0 0 0 0 96 96 0 0 0
11934 10 0 0 0 0 0 0 0 0 0 96 0 0 0
11935 142 0 0 0 0 0 0 0 0 96 96 0 0 0
11936 241 0 0 0 0 0 0 0 0 96 96 0 0 0
11937 46 0 0 0 0 0 0 0 0 96 96 0 0 0
11938 147 0 0 0 0 0 0 0 0 96 96 0 0 0
11939 134 0 0 0 0 0 0 0 0 96 96 0 0 0
11940 255 0 0 0 0 0 0 0 0 96 96 0 0 0
11941 44 0 0 0 0 0 0 0 0 96 96 0 0 0
11942 119 0 0 0 0 0 0 0 0 96 96 0 0 1
11943 111 0 0 0 0 0 0 0 0 96 96 0 0 2
11944 114 0 0 0 0 0 0 0 0 96 96 0 0 3
11945 100 0 0 0 0 0 0 0 0 96 96 0 0 4
11946 51 1 4155777060 0 0 15 0 0 0 96 96 0 0 0
11947 50 1 4155777060 0 0 15 0 0 0 96 96 0 0 0
11948 32 2 107354 131072 0 15 0 0 0 96 96 0 0 0
11949 97 2 107354 131072 0 15 0 0 0 96 96 0 0 1
11950 110 2 107354 131072 0 15 0 0 0 96 96 0 0 2
11951 111 2 107354 131072 0 15 0 0 0 96 96 0 0 3
11952 116 2 107354 131072 0 15 0 0 0 96 96 0 0 4
11953 104 2 107354 131072 0 15 0 0 0 96 96 0 0 5
11954 101 2 107354 131072 0 15 0 0 0 96 96 0 0 6
11955 114 2 107354 131072 0 15 0 0 0 96 96 0 0 7
11956 32 3 91021800 0 0 255 0 0 0 96 96 0 0 0
11957 91 3 91021800 0 0 255 0 0 0 96 91 0 0 0
11958 91 3 91021800 0 0 255 0 0 0 96 91 0 0 0
11959 65 3 91021800 0 0 255 0 0 0 96 91 0 0 0
11960 110 3 91021800 0 0 255 0 0 0 96 91 0 0 1
11961 110 3 91021800 0 0 255 0 0 0 96 91 0 0 2
11962 97 3 91021800 0 0 255 0 0 0 96 91 0 0 3
11963 93 4 2815940769 0 0 4095 0 0 0 96 91 0 0 0
11964 93 4 2815940769 0 0 4095 0 0 0 96 96 0 0 0
11965 32 4 2815940769 0 0 4095 0 0 0 96 96 0 0 0
11966 119 4 2815940769 0 0 4095 0 0 0 96 96 0 0 1
11967 97 4 2815940769 0 0 4095 0 0 0 96 96 0 0 2
11968 115 4 2815940769 0 0 4095 0 0 0 96 96 0 0 3
11969 32 5 3453292883 1 0 65521 3453292883 0 0 96 96 0 0 0
11970 97 5 3453292883 1 0 65521 3453292883 0 0 96 96 0 0 1
11971 32 6 1950627777 16384 0 1048342 3453292883 0 0 96 96 0 0 0
11972 39 6 1950627777 16384 0 1048342 3453292883 0 0 96 96 0 0 1
11973 39 7 1950627719 0 0 16773487 3453292883 0 0 96 96 0 0 0
11974 39 7 1950627719 0 0 16773487 3453292883 0 0 96 96 0 0 0
11975 113 7 1950627719 0 0 16773487 3453292883 0 0 96 96 0 0 1
11976 117 7 1950627719 0 0 16773487 3453292883 0 0 96 96 0 0 2
11977 101 7 1950627719 0 0 16773487 3453292883 0 0 96 96 0 0 3
11978 101 7 1950627719 0 0 16773487 3453292883 0 0 96 96 0 0 4
11979 110 7 1950627719 0 0 16773487 3453292883 0 0 96 96 0 0 5
11980 39 7 1950627719 0 0 16773487 3453292883 0 0 96 96 0 0 6
11981 39 8 3278097614 8 0 268375802 3453292883 0 0 96 96 0 0 0
11982 39 8 3278097614 8 0 268375802 3453292883 0 0 96 96 0 0 0
11983 32 8 3278097614 8 0 268375802 3453292883 0 0 96 96 0 0 0
11984 111 8 3278097614 8 0 268375802 3453292883 0 0 96 96 0 0 1
11985 102 8 3278097614 8 0 268375802 3453292883 0 0 96 96 0 0 2
11986 32 9 1118483846 65536 0 4294012840 3453292883 0 0 96 96 0 0 0
11987 91 9 1118483846 65536 0 4294012840 3453292883 0 0 96 91 0 0 0
11988 91 9 1118483846 65536 0 4294012840 3453292883 0 0 96 91 0 0 0
11989 70 9 1118483846 65536 0 4294012840 3453292883 0 0 96 91 0 0 0
11990 114 9 1118483846 65536 0 4294012840 3453292883 0 0 96 91 0 0 1
11991 97 9 1118483846 65536 0 4294012840 3453292883 0 0 96 91 0 0 2
11992 110 9 1118483846 65536 0 4294012840 3453292883 0 0 96 91 0 0 3
11993 99 9 1118483846 65536 0 4294012840 3453292883 0 0 96 91 0 0 4
11994 101 9 1118483846 65536 0 4294012840 3453292883 0 0 96 91 0 0 5
11995 93 10 3384763555 0 0 4279696015 3453292883 0 0 96 91 0 0 0
11996 93 10 3384763555 0 0 4279696015 3453292883 0 0 96 96 0 0 0
11997 32 10 3384763555 0 0 4279696015 3453292883 0 0 96 96 0 0 0
11998 105 10 3384763555 0 0 4279696015 3453292883 0 0 96 96 0 0 1
11999 110 10 3384763555 0 0 4279696015 3453292883 0 0 96 96 0 0 2
12000 32 11 1118433358 65536 0 4050626808 3453292883 0 0 96 96 0 0 0
12001 49 11 1118433358 65536 0 4050626808 3453292883 0 0 96 96 0 0 0
12002 55 11 1118433358 65536 0 4050626808 3453292883 0 0 96 96 0 0 0
12003 56 11 1118433358 65536 0 4050626808 3453292883 0 0 96 96 0 0 0
12004 57 11 1118433358 65536 0 4050626808 3453292883 0 0 96 96 0 0 0
12005 46 0 0 0 0 385519488 3453292883 0 0 96 96 0 0 0
12006 10 0 0 0 0 0 0 0 0 0 96 0 0 0
12007 61 0 0 0 0 0 0 0 0 61 96 0 0 0
12008 61 0 0 0 0 0 0 0 0 61 96 0 0 0
12009 32 0 0 0 0 0 0 0 0 61 96 0 0 0
12010 72 0 0 0 0 0 0 0 0 61 96 0 0 0
12011 105 0 0 0 0 0 0 0 0 61 96 0 0 1
12012 115 0 0 0 0 0 0 0 0 61 96 0 0 2
12013 116 0 0 0 0 0 0 0 0 61 96 0 0 3
12014 111 0 0 0 0 0 0 0 0 61 96 0 0 4
12015 114 0 0 0 0 0 0 0 0 61 96 0 0 5
12016 121 0 0 0 0 0 0 0 0 61 96 0 0 6
12017 32 1 1469161513 0 0 15 0 0 0 61 96 0 0 0
12018 61 1 1469161513 0 0 15 0 0 0 61 96 0 0 0
12019 61 1 1469161513 0 0 15 0 0 0 61 96 0 0 0
12020 10 0 0 0 0 0 0 0 0 0 96 0 0 0
12021 42 0 0 0 0 0 0 0 0 42 42 0 0 0
12022 32 0 0 0 0 0 0 0 0 42 42 0 0 0
12023 105 0 0 0 0 0 0 0 0 96 42 0 0 1
12024 116 0 0 0 0 0 0 0 0 96 42 0 0 2
12025 101 0 0 0 0 0 0 0 0 96 42 0 0 3
12026 109 0 0 0 0 0 0 0 0 96 42 0 0 4
12027 32 1 4268574925 0 0 15 0 0 0 96 42 0 0 0
12028 111 1 4268574925 0 0 15 0 0 0 96 42 0 0 1
12029 110 1 4268574925 0 0 15 0 0 0 96 42 0 0 2
12030 101 1 4268574925 0 0 15 0 0 0 96 42 0 0 3
12031 32 2 2886769829 131072 0 254 0 0 0 96 42 0 0 0
12032 40 2 2886769829 131072 0 254 0 0 0 96 42 0 0 0
12033 102 2 2886769829 131072 0 254 0 0 0 96 42 0 0 1
12034 105 2 2886769829 131072 0 254 0 0 0 96 42 0 0 2
12035 114 2 2886769829 131072 0 254 0 0 0 96 42 0 0 3
12036 115 2 2886769829 131072 0 254 0 0 0 96 42 0 0 4
12037 116 2 2886769829 131072 0 254 0 0 0 96 42 0 0 5
12038 41 2 2886769829 131072 0 65264 0 0 0 96 42 0 0 0
12039 10 0 0 0 0 0 0 0 0 0 42 0 0 0
12040 42 0 0 0 0 0 0 0 0 42 42 0 0 0
12041 32 0 0 0 0 0 0 0 0 42 42 0 0 0
12042 105 0 0 0 0 0 0 0 0 96 42 0 0 1
12043 116 0 0 0 0 0 0 0 0 96 42 0 0 2
12044 101 0 0 0 0 0 0 0 0 96 42 0 0 3
12045 109 0 0 0 0 0 0 0 0 96 42 0 0 4
12046 32 1 4268574925 0 0 15 0 0 0 96 42 0 0 0
12047 116 1 4268574925 0 0 15 0 0 0 96 42 0 0 1
12048 119 1 4268574925 0 0 15 0 0 0 96 42 0 0 2
12049 111 1 4268574925 0 0 15 0 0 0 96 42 0 0 3
12050 32 2 3240990863 131072 0 254 0 0 0 96 42 0 0 0
12051 91 2 3240990863 131072 0 254 0 0 0 96 91 0 0 0
12052 104 2 3240990863 131072 0 254 0 0 0 96 91 0 0 1
12053 116 2 3240990863 131072 0 254 0 0 0 96 91 0 0 2
12054 116 2 3240990863 131072 0 254 0 0 0 96 91 0 0 3
12055 112 2 3240990863 131072 0 254 0 0 0 96 91 0 0 4
12056 58 3 876852720 0 0 4079 0 0 0 96 91 0 0 0
12057 47 3 876852720 0 0 4079 0 0 0 96 91 0 0 0
12058 47 3 876852720 0 0 4079 0 0 0 96 91 0 0 0
12059 101 3 876852720 0 0 4079 0 0 0 96 91 0 0 1
12060 120 3 876852720 0 0 4079 0 0 0 96 91 0 0 2
12061 97 3 876852720 0 0 4079 0 0 0 96 91 0 0 3
12062 109 3 876852720 0 0 4079 0 0 0 96 91 0 0 4
12063 112 3 876852720 0 0 4079 0 0 0 96 91 0 0 5
12064 108 3 876852720 0 0 4079 0 0 0 96 91 0 0 6
12065 101 3 876852720 0 0 4079 0 0 0 96 91 0 0 7
12066 46 4 3291829868 0 0 1044464 0 0 0 96 91 0 0 0
12067 111 4 3291829868 0 0 1044464 0 0 0 96 91 0 0 1
12068 114 4 3291829868 0 0 1044464 0 0 0 96 91 0 0 2
12069 103 4 3291829868 0 0 1044464 0 0 0 96 91 0 0 3
12070 32 5 2886803495 0 0 16711439 0 0 0 96 91 0 0 0
12071 108 5 2886803495 0 0 16711439 0 0 0 96 91 0 0 1
12072 105 5 2886803495 0 0 16711439 0 0 0 96 91 0 0 2
12073 110 5 2886803495 0 0 16711439 0 0 0 96 91 0 0 3
12074 107 5 2886803495 0 0 16711439 0 0 0 96 91 0 0 4
12075 93 6 780174507 0 0 267383039 0 0 0 96 42 0 0 0
12076 32 6 780174507 0 0 267383039 0 0 1 64 42 0 0 0
12077 116 6 780174507 0 0 267383039 0 0 1 64 42 0 0 1
12078 101 6 780174507 0 0 267383039 0 0 1 64 42 0 0 2
12079 120 6 780174507 0 0 267383039 0 0 1 64 42 0 0 3
12080 116 6 780174507 0 0 267383039 0 0 1 64 42 0 0 4
12081 10 0 0 0 0 0 0 0 0 0 42 0 0 0
12082 84 0 0 0 0 0 0 0 0 84 42 0 0 0
12083 104 0 0 0 0 0 0 0 0 84 42 0 0 1
12084 101 0 0 0 0 0 0 0 0 84 42 0 0 2
12085 32 1 1118424933 2048 0 4 0 0 0 84 42 0 0 0
12086 123 1 1118424933 2048 0 4 0 0 0 84 42 0 0 0
12087 123 1 1118424933 2048 0 4 0 0 0 84 42 0 0 0
12088 99 1 1118424933 2048 0 4 0 0 0 84 42 0 0 1
12089 105 1 1118424933 2048 0 4 0 0 0 84 42 0 0 2
12090 116 1 1118424933 2048 0 4 0 0 0 84 42 0 0 3
12091 101 1 1118424933 2048 0 4 0 0 0 84 42 0 0 4
12092 124 2 318360037 0 0 79 0 0 0 84 42 0 0 0
12093 121 2 318360037 0 0 79 0 0 0 84 42 0 0 1
12094 101 2 318360037 0 0 79 0 0 0 84 42 0 0 2
12095 97 2 318360037 0 0 79 0 0 0 84 42 0 0 3
12096 114 2 318360037 0 0 79 0 0 0 84 42 0 0 4
12097 61 3 1641105746 0 0 1279 0 0 0 84 42 0 0 0
12098 49 3 1641105746 0 0 1279 0 0 0 84 42 0 0 0
12099 56 3 1641105746 0 0 1279 0 0 0 84 42 0 0 0
12100 48 3 1641105746 0 0 1279 0 0 0 84 42 0 0 0
12101 49 3 1641105746 0 0 1279 0 0 0 84 42 0 0 0
12102 125 4 1368491697 131072 0 1279 0 0 0 84 42 0 0 0
12103 125 4 1368491697 131072 0 1279 0 0 0 84 42 0 0 0
12104 32 4 1368491697 131072 0 1279 0 0 0 84 42 0 0 0
12105 115 4 1368491697 131072 0 1279 0 0 0 84 42 0 0 1
12106 97 4 1368491697 131072 0 1279 0 0 0 84 42 0 0 2
12107 105 4 1368491697 131072 0 1279 0 0 0 84 42 0 0 3
12108 100 4 1368491697 131072 0 1279 0 0 0 84 42 0 0 4
12109 58 5 2481602628 0 0 20479 0 0 0 84 42 0 0 0
12110 32 5 2481602628 0 0 20479 0 0 0 84 42 0 0 0
12111 34 5 2481602628 0 0 20479 0 0 0 84 42 0 0 0
12112 104 5 2481602628 0 0 20479 0 0 0 84 42 0 0 1
12113 101 5 2481602628 0 0 20479 0 0 0 84 42 0 0 2
12114 108 5 2481602628 0 0 20479 0 0 0 84 42 0 0 3
12115 108 5 2481602628 0 0 20479 0 0 0 84 42 0 0 4
12116 111 5 2481602628 0 0 20479 0 0 0 84 42 0 0 5
12117 44 6 933891823 0 0 327679 0 0 0 84 42 0 0 0
12118 32 6 933891823 0 0 327679 0 0 0 84 42 0 0 0
12119 119 6 933891823 0 0 327679 0 0 0 84 42 0 0 1
12120 111 6 933891823 0 0 327679 0 0 0 84 42 0 0 2
12121 114 6 933891823 0 0 327679 0 0 0 84 42 0 0 3
12122 108 6 933891823 0 0 327679 0 0 0 84 42 0 0 4
12123 100 6 933891823 0 0 327679 0 0 0 84 42 0 0 5
12124 33 7 1101113060 0 0 5242879 0 0 0 84 42 0 0 0
12125 34 7 1101113060 0 0 5242879 0 0 0 84 42 0 0 0
12126 10 0 0 0 0 0 0 0 0 0 42 0 0 0
12127 60 0 0 0 0 0 0 0 0 60 42 0 0 0
12128 114 0 0 0 0 0 0 0 0 60 42 0 0 1
12129 101 0 0 0 0 0 0 0 0 60 42 0 0 2
12130 102 0 0 0 0 0 0 0 0 60 42 0 0 3
12131 62 1 3099181254 0 0 15 0 0 0 60 42 0 0 0
12132 110 1 3099181254 0 0 15 0 0 0 60 42 0 0 1
12133 111 1 3099181254 0 0 15 0 0 0 60 42 0 0 2
12134 116 1 3099181254 0 0 15 0 0 0 60 42 0 0 3
12135 101 1 3099181254 0 0 15 0 0 0 60 42 0 0 4
12136 32 2 3693928933 0 0 255 0 0 0 60 42 0 0 0
12137 49 2 3693928933 0 0 255 0 0 0 60 42 0 0 0
12138 50 2 3693928933 0 0 255 0 0 0 60 42 0 0 0
12139 44 3 103146 131072 0 255 0 0 0 60 42 0 0 0
12140 51 3 103146 131072 0 255 0 0 0 60 42 0 0 0
12141 52 3 103146 131072 0 255 0 0 0 60 42 0 0 0
12142 53 3 103146 131072 0 255 0 0 0 60 42 0 0 0
12143 46 0 0 0 0 4080 0 0 0 60 42 0 0 0
12144 54 0 0 0 0 4080 0 0 0 60 42 0 0 0
12145 55 0 0 0 0 4080 0 0 0 60 42 0 0 0
12146 32 1 113671 131072 0 4080 0 0 0 60 42 0 0 0
12147 104 1 113671 131072 0 4080 0 0 0 60 42 0 0 1
12148 101 1 113671 131072 0 4080 0 0 0 60 42 0 0 2
12149 114 1 113671 131072 0 4080 0 0 0 60 42 0 0 3
12150 101 1 113671 131072 0 4080 0 0 0 60 42 0 0 4
12151 60 2 4109367333 0 0 65295 0 0 0 60 42 0 0 0
12152 47 2 4109367333 0 0 65295 0 0 0 60 42 0 0 0
12153 114 2 4109367333 0 0 65295 0 0 0 60 42 0 0 1
12154 101 2 4109367333 0 0 65295 0 0 0 60 42 0 0 2
12155 102 2 4109367333 0 0 65295 0 0 0 60 42 0 0 3
12156 62 3 3099181254 0 0 1044735 0 0 0 60 42 0 0 0
12157 10 0 0 0 0 0 0 0 0 0 42 0 0 0
12158 65 0 0 0 0 0 0 0 0 65 42 0 0 0
12159 32 0 0 0 0 0 0 0 0 65 42 0 0 0
12160 108 0 0 0 0 0 0 0 0 65 42 0 0 1
12161 105 0 0 0 0 0 0 0 0 65 42 0 0 2
12162 110 0 0 0 0 0 0 0 0 65 42 0 0 3
12163 101 0 0 0 0 0 0 0 0 65 42 0 0 4
12164 32 1 780174501 0 0 15 0 0 0 65 42 0 0 0
12165 119 1 780174501 0 0 15 0 0 0 65 42 0 0 1
12166 105 1 780174501 0 0 15 0 0 0 65 42 0 0 2
12167 116 1 780174501 0 0 15 0 0 0 65 42 0 0 3
12168 104 1 780174501 0 0 15 0 0 0 65 42 0 0 4
12169 32 2 3730819560 65536 0 248 0 0 0 65 42 0 0 0
12170 110 2 3730819560 65536 0 248 0 0 0 65 42 0 0 1
12171 117 2 3730819560 65536 0 248 0 0 0 65 42 0 0 2
12172 109 2 3730819560 65536 0 248 0 0 0 65 42 0 0 3
12173 98 2 3730819560 65536 0 248 0 0 0 65 42 0 0 4
12174 101 2 3730819560 65536 0 248 0 0 0 65 42 0 0 5
12175 114 2 3730819560 65536 0 248 0 0 0 65 42 0 0 6
12176 115 2 3730819560 65536 0 248 0 0 0 65 42 0 0 7
12177 32 3 3416096978 8 0 3978 0 0 0 65 42 0 0 0
12178 52 3 3416096978 8 0 3978 0 0 0 65 42 0 0 0
12179 50 3 3416096978 8 0 3978 0 0 0 65 42 0 0 0
12180 32 4 109458 131072 0 3978 0 0 0 65 42 0 0 0
12181 97 4 109458 131072 0 3978 0 0 0 65 42 0 0 1
12182 110 4 109458 131072 0 3978 0 0 0 65 42 0 0 2
12183 100 4 109458 131072 0 3978 0 0 0 65 42 0 0 3
12184 32 5 1895163044 32768 0 63655 0 0 0 65 42 0 0 0
12185 51 5 1895163044 32768 0 63655 0 0 0 65 42 0 0 0
12186 46 0 0 0 0 1018480 0 0 0 65 42 0 0 0
12187 49 0 0 0 0 1018480 0 0 0 65 42 0 0 0
12188 52 0 0 0 0 1018480 0 0 0 65 42 0 0 0
12189 32 1 103148 131072 0 1018480 0 0 0 65 42 0 0 0
12190 97 1 103148 131072 0 1018480 0 0 0 65 42 0 0 1
12191 110 1 103148 131072 0 1018480 0 0 0 65 42 0 0 2
12192 100 1 103148 131072 0 1018480 0 0 0 65 42 0 0 3
12193 32 2 1895163044 32768 0 16295687 0 0 0 65 42 0 0 0
12194 49 2 1895163044 32768 0 16295687 0 0 0 65 42 0 0 0
12195 44 3 49 131072 0 16295687 0 0 0 65 42 0 0 0
12196 48 3 49 131072 0 16295687 0 0 0 65 42 0 0 0
12197 48 3 49 131072 0 16295687 0 0 0 65 42 0 0 0
12198 48 3 49 131072 0 16295687 0 0 0 65 42 0 0 0
12199 46 0 0 0 0 260730992 0 0 0 65 42 0 0 0
12200 10 0 0 0 0 0 0 0 0 0 42 0 0 0
12201 38 0 0 0 0 0 0 0 0 38 42 0 0 0
12202 110 0 0 0 0 0 0 0 0 38 42 0 0 1
12203 98 0 0 0 0 0 0 0 0 38 42 0 0 2
12204 115 0 0 0 0 0 0 0 0 38 42 0 0 3
12205 112 0 0 0 0 0 0 0 0 38 42 0 0 4
12206 59 1 2773142800 0 0 15 0 0 0 38 42 0 0 0
12207 32 1 2773142800 0 0 15 0 0 0 38 42 0 0 0
12208 115 1 2773142800 0 0 15 0 0 0 38 42 0 0 1
12209 111 1 2773142800 0 0 15 0 0 0 38 42 0 0 2
12210 109 1 2773142800 0 0 15 0 0 0 38 42 0 0 3
12211 101 1 2773142800 0 0 15 0 0 0 38 42 0 0 4
12212 32 2 3473243077 0 0 255 0 0 0 38 42 0 0 0
12213 38 2 3473243077 0 0 255 0 0 0 38 42 0 0 0
12214 97 2 3473243077 0 0 255 0 0 0 38 42 0 0 1
12215 109 2 3473243077 0 0 255 0 0 0 38 42 0 0 2
12216 112 2 3473243077 0 0 255 0 0 0 38 42 0 0 3
12217 59 3 1895154640 0 0 4095 0 0 0 38 42 0 0 0
12218 32 3 1895154640 0 0 4095 0 0 0 38 42 0 0 0
12219 101 3 1895154640 0 0 4095 0 0 0 38 42 0 0 1
12220 110 3 1895154640 0 0 4095 0 0 0 38 42 0 0 2
12221 116 3 1895154640 0 0 4095 0 0 0 38 42 0 0 3
12222 105 3 1895154640 0 0 4095 0 0 0 38 42 0 0 4
12223 116 3 1895154640 0 0 4095 0 0 0 38 42 0 0 5
12224 105 3 1895154640 0 0 4095 0 0 0 38 42 0 0 6
12225 101 3 1895154640 0 0 4095 0 0 0 38 42 0 0 7
12226 115 3 1895154640 0 0 4095 0 0 0 38 42 0 0 8
12227 32 4 1475168745 8 0 65530 0 0 0 38 42 0 0 0
12228 38 4 1475168745 8 0 65530 0 0 0 38 42 0 0 0
12229 108 4 1475168745 8 0 65530 0 0 0 38 42 0 0 1
12230 116 4 1475168745 8 0 65530 0 0 0 38 42 0 0 2
12231 59 5 1118458612 0 0 1048495 0 0 0 38 42 0 0 0
12232 116 5 1118458612 0 0 1048495 0 0 0 38 42 0 0 1
12233 97 5 1118458612 0 0 1048495 0 0 0 38 42 0 0 2
12234 103 5 1118458612 0 0 1048495 0 0 0 38 42 0 0 3
12235 38 6 3240805703 0 0 16775935 0 0 0 38 42 0 0 0
12236 103 6 3240805703 0 0 16775935 0 0 0 38 42 0 0 1
12237 116 6 3240805703 0 0 16775935 0 0 0 38 42 0 0 2
12238 59 7 1118416532 0 0 268414975 0 0 0 38 42 0 0 0
12239 10 0 0 0 0 0 0 0 0 0 42 0 0 0
12240 100 0 0 0 0 0 0 0 0 96 96 0 0 1
12241 111 0 0 0 0 0 0 0 0 96 96 0 0 2
12242 110 0 0 0 0 0 0 0 0 96 96 0 0 3
12243 39 0 0 0 0 0 0 0 0 96 96 0 0 4
12244 116 0 0 0 0 0 0 0 0 96 96 0 0 5
12245 32 1 1118391279 1024 0 13 0 0 0 96 96 0 0 0
12246 99 1 1118391279 1024 0 13 0 0 0 96 96 0 0 1
12247 97 1 1118391279 1024 0 13 0 0 0 96 96 0 0 2
12248 110 1 1118391279 1024 0 13 0 0 0 96 96 0 0 3
12249 39 1 1118391279 1024 0 13 0 0 0 96 96 0 0 4
12250 116 1 1118391279 1024 0 13 0 0 0 96 96 0 0 5
12251 32 2 2036711758 1024 0 221 0 0 0 96 96 0 0 0
12252 105 2 2036711758 1024 0 221 0 0 0 96 96 0 0 1
12253 116 2 2036711758 1024 0 221 0 0 0 96 96 0 0 2
12254 39 2 2036711758 1024 0 221 0 0 0 96 96 0 0 3
12255 115 2 2036711758 1024 0 221 0 0 0 96 96 0 0 4
12256 32 3 1118433364 1048584 0 3546 0 0 0 96 96 0 0 0
12257 116 3 1118433364 1048584 0 3546 0 0 0 96 96 0 0 1
12258 104 3 1118433364 1048584 0 3546 0 0 0 96 96 0 0 2
12259 101 3 1118433364 1048584 0 3546 0 0 0 96 96 0 0 3
12260 32 4 3240864613 16384 0 56742 0 0 0 96 96 0 0 0
12261 99 4 3240864613 16384 0 56742 0 0 0 96 96 0 0 1
12262 97 4 3240864613 16384 0 56742 0 0 0 96 96 0 0 2
12263 116 4 3240864613 16384 0 56742 0 0 0 96 96 0 0 3
12264 32 4 2036711764 2 0 907874 0 0 0 96 96 0 0 0
12265 115 4 2036711764 2 0 907874 0 0 0 96 96 0 0 1
12266 97 4 2036711764 2 0 907874 0 0 0 96 96 0 0 2
12267 116 4 2036711764 2 0 907874 0 0 0 96 96 0 0 3
12268 32 5 3169976660 0 0 14525999 0 0 0 96 96 0 0 0
12269 111 5 3169976660 0 0 14525999 0 0 0 96 96 0 0 1
12270 110 5 3169976660 0 0 14525999 0 0 0 96 96 0 0 2
12271 32 6 1118483854 65536 0 232415992 0 0 0 96 96 0 0 0
12272 116 6 1118483854 65536 0 232415992 0 0 0 96 96 0 0 1
12273 104 6 1118483854 65536 0 232415992 0 0 0 96 96 0 0 2
12274 101 6 1118483854 65536 0 232415992 0 0 0 96 96 0 0 3
12275 32 7 3240864613 16384 0 3718655878 0 0 0 96 96 0 0 0
12276 109 7 3240864613 16384 0 3718655878 0 0 0 96 96 0 0 1
12277 97 7 3240864613 16384 0 3718655878 0 0 0 96 96 0 0 2
12278 116 7 3240864613 16384 0 3718655878 0 0 0 96 96 0 0 3
12279 46 0 0 0 0 2788132384 0 0 0 96 96 0 0 0
12280 10 0 0 0 0 0 0 0 0 0 96 0 0 0
12281 168 0 0 0 0 0 0 0 0 96 96 0 0 0
12282 46 0 0 0 0 0 0 0 0 96 96 0 0 0
12283 177 0 0 0 0 0 0 0 0 96 96 0 0 0
12284 204 0 0 0 0 0 0 0 0 96 96 0 0 0
12285 184 0 0 0 0 0 0 0 0 96 96 0 0 0
12286 46 0 0 0 0 0 0 0 0 96 96 0 0 0
12287 240 0 0 0 0 0 0 0 0 96 96 0 0 0
12288 10 0 0 0 0 0 0 0 0 0 96 0 0 0
12289 219 0 0 0 0 0 0 0 0 96 96 0 0 0
12290 32 0 0 0 0 0 0 0 0 96 96 0 0 0
12291 173 0 0 0 0 0 0 0 0 96 96 0 0 0
12292 10 0 0 0 0 0 0 0 0 0 96 0 0 0
12293 150 0 0 0 0 0 0 0 0 96 96 0 0 0
12294 10 0 0 0 0 0 0 0 0 0 96 0 0 0
12295 210 0 0 0 0 0 0 0 0 96 96 0 0 0
12296 149 0 0 0 0 0 0 0 0 96 96 0 0 0
12297 32 0 0 0 0 0 0 0 0 96 96 0 0 0
12298 203 0 0 0 0 0 0 0 0 96 96 0 0 0
12299 44 0 0 0 0 0 0 0 0 96 96 0 0 0
12300 119 0 0 0 0 0 0 0 0 96 96 0 0 1
12301 111 0 0 0 0 0 0 0 0 96 96 0 0 2
12302 114 0 0 0 0 0 0 0 0 96 96 0 0 3
12303 100 0 0 0 0 0 0 0 0 96 96 0 0 4
12304 51 1 4155777060 0 0 15 0 0 0 96 96 0 0 0
12305 51 1 4155777060 0 0 15 0 0 0 96 96 0 0 0
12306 32 2 107355 131072 0 15 0 0 0 96 96 0 0 0
12307 97 2 107355 131072 0 15 0 0 0 96 96 0 0 1
12308 110 2 107355 131072 0 15 0 0 0 96 96 0 0 2
12309 111 2 107355 131072 0 15 0 0 0 96 96 0 0 3
12310 116 2 107355 131072 0 15 0 0 0 96 96 0 0 4
12311 104 2 107355 131072 0 15 0 0 0 96 96 0 0 5
12312 101 2 107355 131072 0 15 0 0 0 96 96 0 0 6
12313 114 2 107355 131072 0 15 0 0 0 96 96 0 0 7
12314 32 3 91021800 0 0 255 0 0 0 96 96 0 0 0
12315 91 3 91021800 0 0 255 0 0 0 96 91 0 0 0
12316 91 3 91021800 0 0 255 0 0 0 96 91 0 0 0
12317 65 3 91021800 0 0 255 0 0 0 96 91 0 0 0
12318 110 3 91021800 0 0 255 0 0 0 96 91 0 0 1
12319 110 3 91021800 0 0 255 0 0 0 96 91 0 0 2
12320 97 3 91021800 0 0 255 0 0 0 96 91 0 0 3
12321 93 4 2815940769 0 0 4095 0 0 0 96 91 0 0 0
12322 93 4 2815940769 0 0 4095 0 0 0 96 96 0 0 0
12323 32 4 2815940769 0 0 4095 0 0 0 96 96 0 0 0
12324 119 4 2815940769 0 0 4095 0 0 0 96 96 0 0 1
12325 97 4 2815940769 0 0 4095 0 0 0 96 96 0 0 2
12326 115 4 2815940769 0 0 4095 0 0 0 96 96 0 0 3
12327 32 5 3453292883 1 0 65521 3453292883 0 0 96 96 0 0 0
12328 97 5 3453292883 1 0 65521 3453292883 0 0 96 96 0 0 1
12329 32 6 1950627777 16384 0 1048342 3453292883 0 0 96 96 0 0 0
12330 39 6 1950627777 16384 0 1048342 3453292883 0 0 96 96 0 0 1
12331 39 7 1950627719 0 0 16773487 3453292883 0 0 96 96 0 0 0
12332 39 7 1950627719 0 0 16773487 3453292883 0 0 96 96 0 0 0
12333 113 7 1950627719 0 0 16773487 3453292883 0 0 96 96 0 0 1
12334 117 7 1950627719 0 0 16773487 3453292883 0 0 96 96 0 0 2
12335 101 7 1950627719 0 0 16773487 3453292883 0 0 96 96 0 0 3
12336 101 7 1950627719 0 0 16773487 3453292883 0 0 96 96 0 0 4
12337 110 7 1950627719 0 0 16773487 3453292883 0 0 96 96 0 0 5
12338 39 7 1950627719 0 0 16773487 3453292883 0 0 96 96 0 0 6
12339 39 8 3278097614 8 0 268375802 3453292883 0 0 96 96 0 0 0
12340 39 8 3278097614 8 0 268375802 3453292883 0 0 96 96 0 0 0
12341 32 8 3278097614 8 0 268375802 3453292883 0 0 96 96 0 0 0
12342 111 8 3278097614 8 0 268375802 3453292883 0 0 96 96 0 0 1
12343 102 8 3278097614 8 0 268375802 3453292883 0 0 96 96 0 0 2
12344 32 9 1118483846 65536 0 4294012840 3453292883 0 0 96 96 0 0 0
12345 91 9 1118483846 65536 0 4294012840 3453292883 0 0 96 91 0 0 0
12346 91 9 1118483846 65536 0 4294012840 3453292883 0 0 96 91 0 0 0
12347 70 9 1118483846 65536 0 4294012840 3453292883 0 0 96 91 0 0 0
12348 114 9 1118483846 65536 0 4294012840 3453292883 0 0 96 91 0 0 1
12349 97 9 1118483846 65536 0 4294012840 3453292883 0 0 96 91 0 0 2
12350 110 9 1118483846 65536 0 4294012840 3453292883 0 0 96 91 0 0 3
12351 99 9 1118483846 65536 0 4294012840 3453292883 0 0 96 91 0 0 4
12352 101 9 1118483846 65536 0 4294012840 3453292883 0 0 96 91 0 0 5
12353 93 10 3384763555 0 0 4279696015 3453292883 0 0 96 91 0 0 0
12354 93 10 3384763555 0 0 4279696015 3453292883 0 0 96 96 0 0 0
12355 32 10 3384763555 0 0 4279696015 3453292883 0 0 96 96 0 0 0
12356 105 10 3384763555 0 0 4279696015 3453292883 0 0 96 96 0 0 1
12357 110 10 3384763555 0 0 4279696015 3453292883 0 0 96 96 0 0 2
12358 32 11 1118433358 65536 0 4050626808 3453292883 0 0 96 96 0 0 0
12359 49 11 1118433358 65536 0 4050626808 3453292883 0 0 96 96 0 0 0
12360 55 11 1118433358 65536 0 4050626808 3453292883 0 0 96 96 0 0 0
12361 56 11 1118433358 65536 0 4050626808 3453292883 0 0 96 96 0 0 0
12362 57 11 1118433358 65536 0 4050626808 3453292883 0 0 96 96 0 0 0
12363 46 0 0 0 0 385519488 3453292883 0 0 96 96 0 0 0
12364 10 0 0 0 0 0 0 0 0 0 96 0 0 0
12365 61 0 0 0 0 0 0 0 0 61 96 0 0 0
12366 61 0 0 0 0 0 0 0 0 61 96 0 0 0
12367 32 0 0 0 0 0 0 0 0 61 96 0 0 0
12368 72 0 0 0 0 0 0 0 0 61 96 0 0 0
12369 105 0 0 0 0 0 0 0 0 61 96 0 0 1
12370 115 0 0 0 0 0 0 0 0 61 96 0 0 2
12371 116 0 0 0 0 0 0 0 0 61 96 0 0 3
12372 111 0 0 0 0 0 0 0 0 61 96 0 0 4
12373 114 0 0 0 0 0 0 0 0 61 96 0 0 5
12374 121 0 0 0 0 0 0 0 0 61 96 0 0 6
12375 32 1 1469161513 0 0 15 0 0 0 61 96 0 0 0
12376 61 1 1469161513 0 0 15 0 0 0 61 96 0 0 0
12377 61 1 1469161513 0 0 15 0 0 0 61 96 0 0 0
12378 10 0 0 0 0 0 0 0 0 0 96 0 0 0
12379 42 0 0 0 0 0 0 0 0 42 42 0 0 0
12380 32 0 0 0 0 0 0 0 0 42 42 0 0 0
12381 105 0 0 0 0 0 0 0 0 96 42 0 0 1
12382 116 0 0 0 0 0 0 0 0 96 42 0 0 2
12383 101 0 0 0 0 0 0 0 0 96 42 0 0 3
12384 109 0 0 0 0 0 0 0 0 96 42 0 0 4
12385 32 1 4268574925 0 0 15 0 0 0 96 42 0 0 0
12386 111 1 4268574925 0 0 15 0 0 0 96 42 0 0 1
12387 110 1 4268574925 0 0 15 0 0 0 96 42 0 0 2
12388 101 1 4268574925 0 0 15 0 0 0 96 42 0 0 3
12389 32 2 2886769829 131072 0 254 0 0 0 96 42 0 0 0
12390 40 2 2886769829 131072 0 254 0 0 0 96 42 0 0 0
12391 102 2 2886769829 131072 0 254 0 0 0 96 42 0 0 1
12392 105 2 2886769829 131072 0 254 0 0 0 96 42 0 0 2
12393 114 2 2886769829 131072 0 254 0 0 0 96 42 0 0 3
12394 115 2 2886769829 131072 0 254 0 0 0 96 42 0 0 4
12395 116 2 2886769829 131072 0 254 0 0 0 96 42 0 0 5
12396 41 2 2886769829 131072 0 65264 0 0 0 96 42 0 0 0
12397 10 0 0 0 0 0 0 0 0 0 42 0 0 0
12398 42 0 0 0 0 0 0 0 0 42 42 0 0 0
12399 32 0 0 0 0 0 0 0 0 42 42 0 0 0
12400 105 0 0 0 0 0 0 0 0 96 42 0 0 1
12401 116 0 0 0 0 0 0 0 0 96 42 0 0 2
12402 101 0 0 0 0 0 0 0 0 96 42 0 0 3
12403 109 0 0 0 0 0 0 0 0 96 42 0 0 4
12404 32 1 4268574925 0 0 15 0 0 0 96 42 0 0 0
12405 116 1 4268574925 0 0 15 0 0 0 96 42 0 0 1
12406 119 1 4268574925 0 0 15 0 0 0 96 42 0 0 2
12407 111 1 4268574925 0 0 15 0 0 0 96 42 0 0 3
12408 32 2 3240990863 131072 0 254 0 0 0 96 42 0 0 0
12409 91 2 3240990863 131072 0 254 0 0 0 96 91 0 0 0
12410 104 2 3240990863 131072 0 254 0 0 0 96 91 0 0 1
12411 116 2 3240990863 131072 0 254 0 0 0 96 91 0 0 2
12412 116 2 3240990863 131072 0 254 0 0 0 96 91 0 0 3
12413 112 2 3240990863 131072 0 254 0 0 0 96 91 0 0 4
12414 58 3 876852720 0 0 4079 0 0 0 96 91 0 0 0
12415 47 3 876852720 0 0 4079 0 0 0 96 91 0 0 0
12416 47 3 876852720 0 0 4079 0 0 0 96 91 0 0 0
12417 101 3 876852720 0 0 4079 0 0 0 96 91 0 0 1
12418 120 3 876852720 0 0 4079 0 0 0 96 91 0 0 2
12419 97 3 876852720 0 0 4079 0 0 0 96 91 0 0 3
12420 109 3 876852720 0 0 4079 0 0 0 96 91 0 0 4
12421 112 3 876852720 0 0 4079 0 0 0 96 91 0 0 5
12422 108 3 876852720 0 0 4079 0 0 0 96 91 0 0 6
12423 101 3 876852720 0 0 4079 0 0 0 96 91 0 0 7
12424 46 4 3291829868 0 0 1044464 0 0 0 96 91 0 0 0
12425 111 4 3291829868 0 0 1044464 0 0 0 96 91 0 0 1
12426 114 4 3291829868 0 0 1044464 0 0 0 96 91 0 0 2
12427 103 4 3291829868 0 0 1044464 0 0 0 96 91 0 0 3
12428 32 5 2886803495 0 0 16711439 0 0 0 96 91 0 0 0
12429 108 5 2886803495 0 0 16711439 0 0 0 96 91 0 0 1
12430 105 5 2886803495 0 0 16711439 0 0 0 96 91 0 0 2
12431 110 5 2886803495 0 0 16711439 0 0 0 96 91 0 0 3
12432 107 5 2886803495 0 0 16711439 0 0 0 96 91 0 0 4
12433 93 6 780174507 0 0 267383039 0 0 0 96 42 0 0 0
12434 32 6 780174507 0 0 267383039 0 0 1 64 42 0 0 0
12435 116 6 780174507 0 0 267383039 0 0 1 64 42 0 0 1
12436 101 6 780174507 0 0 267383039 0 0 1 64 42 0 0 2
12437 120 6 780174507 0 0 267383039 0 0 1 64 42 0 0 3
12438 116 6 780174507 0 0 267383039 0 0 1 64 42 0 0 4
12439 10 0 0 0 0 0 0 0 0 0 42 0 0 0
12440 84 0 0 0 0 0 0 0 0 84 42 0 0 0
12441 104 0 0 0 0 0 0 0 0 84 42 0 0 1
12442 101 0 0 0 0 0 0 0 0 84 42 0 0 2
12443 32 1 1118424933 2048 0 4 0 0 0 84 42 0 0 0
12444 123 1 1118424933 2048 0 4 0 0 0 84 42 0 0 0
12445 123 1 1118424933 2048 0 4 0 0 0 84 42 0 0 0
12446 99 1 1118424933 2048 0 4 0 0 0 84 42 0 0 1
12447 105 1 1118424933 2048 0 4 0 0 0 84 42 0 0 2
12448 116 1 1118424933 2048 0 4 0 0 0 84 42 0 0 3
12449 101 1 1118424933 2048 0 4 0 0 0 84 42 0 0 4
12450 124 2 318360037 0 0 79 0 0 0 84 42 0 0 0
12451 121 2 318360037 0 0 79 0 0 0 84 42 0 0 1
12452 101 2 318360037 0 0 79 0 0 0 84 42 0 0 2
12453 97 2 318360037 0 0 79 0 0 0 84 42 0 0 3
12454 114 2 318360037 0 0 79 0 0 0 84 42 0 0 4
12455 61 3 1641105746 0 0 1279 0 0 0 84 42 0 0 0
12456 49 3 1641105746 0 0 1279 0 0 0 84 42 0 0 0
12457 56 3 1641105746 0 0 1279 0 0 0 84 42 0 0 0
12458 48 3 1641105746 0 0 1279 0 0 0 84 42 0 0 0
12459 49 3 1641105746 0 0 1279 0 0 0 84 42 0 0 0
12460 125 4 1368491697 131072 0 1279 0 0 0 84 42 0 0 0
12461 125 4 1368491697 131072 0 1279 0 0 0 84 42 0 0 0
12462 32 4 1368491697 131072 0 1279 0 0 0 84 42 0 0 0
12463 115 4 1368491697 131072 0 1279 0 0 0 84 42 0 0 1
12464 97 4 1368491697 131072 0 1279 0 0 0 84 42 0 0 2
12465 105 4 1368491697 131072 0 1279 0 0 0 84 42 0 0 3
12466 100 4 1368491697 131072 0 1279 0 0 0 84 42 0 0 4
12467 58 5 2481602628 0 0 20479 0 0 0 84 42 0 0 0
12468 32 5 2481602628 0 0 20479 0 0 0 84 42 0 0 0
12469 34 5 2481602628 0 0 20479 0 0 0 84 42 0 0 0
12470 104 5 2481602628 0 0 20479 0 0 0 84 42 0 0 1
12471 101 5 2481602628 0 0 20479 0 0 0 84 42 0 0 2
12472 108 5 2481602628 0 0 20479 0 0 0 84 42 0 0 3
12473 108 5 2481602628 0 0 20479 0 0 0 84 42 0 0 4
12474 111 5 2481602628 0 0 20479 0 0 0 84 42 0 0 5
12475 44 6 933891823 0 0 327679 0 0 0 84 42 0 0 0
12476 32 6 933891823 0 0 327679 0 0 0 84 42 0 0 0
12477 119 6 933891823 0 0 327679 0 0 0 84 42 0 0 1
12478 111 6 933891823 0 0 327679 0 0 0 84 42 0 0 2
12479 114 6 933891823 0 0 327679 0 0 0 84 42 0 0 3
12480 108 6 933891823 0 0 327679 0 0 0 84 42 0 0 4
12481 100 6 933891823 0 0 327679 0 0 0 84 42 0 0 5
12482 33 7 1101113060 0 0 5242879 0 0 0 84 42 0 0 0
12483 34 7 1101113060 0 0 5242879 0 0 0 84 42 0 0 0
12484 10 0 0 0 0 0 0 0 0 0 42 0 0 0
12485 60 0 0 0 0 0 0 0 0 60 42 0 0 0
12486 114 0 0 0 0 0 0 0 0 60 42 0 0 1
12487 101 0 0 0 0 0 0 0 0 60 42 0 0 2
12488 102 0 0 0 0 0 0 0 0 60 42 0 0 3
12489 62 1 3099181254 0 0 15 0 0 0 60 42 0 0 0
12490 110 1 3099181254 0 0 15 0 0 0 60 42 0 0 1
12491 111 1 3099181254 0 0 15 0 0 0 60 42 0 0 2
12492 116 1 3099181254 0 0 15 0 0 0 60 42 0 0 3
12493 101 1 3099181254 0 0 15 0 0 0 60 42 0 0 4
12494 32 2 3693928933 0 0 255 0 0 0 60 42 0 0 0
12495 49 2 3693928933 0 0 255 0 0 0 60 42 0 0 0
12496 50 2 3693928933 0 0 255 0 0 0 60 42 0 0 0
12497 44 3 103146 131072 0 255 0 0 0 60 42 0 0 0
12498 51 3 103146 131072 0 255 0 0 0 60 42 0 0 0
12499 52 3 103146 131072 0 255 0 0 0 60 42 0 0 0
12500 53 3 103146 131072 0 255 0 0 0 60 42 0 0 0
12501 46 0 0 0 0 4080 0 0 0 60 42 0 0 0
12502 54 0 0 0 0 4080 0 0 0 60 42 0 0 0
12503 55 0 0 0 0 4080 0 0 0 60 42 0 0 0
12504 32 1 113671 131072 0 4080 0 0 0 60 42 0 0 0
12505 104 1 113671 131072 0 4080 0 0 0 60 42 0 0 1
12506 101 1 113671 131072 0 4080 0 0 0 60 42 0 0 2
12507 114 1 113671 131072 0 4080 0 0 0 60 42 0 0 3
12508 101 1 113671 131072 0 4080 0 0 0 60 42 0 0 4
12509 60 2 4109367333 0 0 65295 0 0 0 60 42 0 0 0
12510 47 2 4109367333 0 0 65295 0 0 0 60 42 0 0 0
12511 114 2 4109367333 0 0 65295 0 0 0 60 42 0 0 1
12512 101 2 4109367333 0 0 65295 0 0 0 60 42 0 0 2
12513 102 2 4109367333 0 0 65295 0 0 0 60 42 0 0 3
12514 62 3 3099181254 0 0 1044735 0 0 0 60 42 0 0 0
12515 10 0 0 0 0 0 0 0 0 0 42 0 0 0
12516 65 0 0 0 0 0 0 0 0 65 42 0 0 0
12517 32 0 0 0 0 0 0 0 0 65 42 0 0 0
12518 108 0 0 0 0 0 0 0 0 65 42 0 0 1
12519 105 0 0 0 0 0 0 0 0 65 42 0 0 2
12520 110 0 0 0 0 0 0 0 0 65 42 0 0 3
12521 101 0 0 0 0 0 0 0 0 65 42 0 0 4
12522 32 1 780174501 0 0 15 0 0 0 65 42 0 0 0
12523 119 1 780174501 0 0 15 0 0 0 65 42 0 0 1
12524 105 1 780174501 0 0 15 0 0 0 65 42 0 0 2
12525 116 1 780174501 0 0 15 0 0 0 65 42 0 0 3
12526 104 1 780174501 0 0 15 0 0 0 65 42 0 0 4
12527 32 2 3730819560 65536 0 248 0 0 0 65 42 0 0 0
12528 110 2 3730819560 65536 0 248 0 0 0 65 42 0 0 1
12529 117 2 3730819560 65536 0 248 0 0 0 65 42 0 0 2
12530 109 2 3730819560 65536 0 248 0 0 0 65 42 0 0 3
12531 98 2 3730819560 65536 0 248 0 0 0 65 42 0 0 4
12532 101 2 3730819560 65536 0 248 0 0 0 65 42 0 0 5
12533 114 2 3730819560 65536 0 248 0 0 0 65 42 0 0 6
12534 115 2 3730819560 65536 0 248 0 0 0 65 42 0 0 7
12535 32 3 3416096978 8 0 3978 0 0 0 65 42 0 0 0
12536 52 3 3416096978 8 0 3978 0 0 0 65 42 0 0 0
12537 50 3 3416096978 8 0 3978 0 0 0 65 42 0 0 0
12538 32 4 109458 131072 0 3978 0 0 0 65 42 0 0 0
12539 97 4 109458 131072 0 3978 0 0 0 65 42 0 0 1
12540 110 4 109458 131072 0 3978 0 0 0 65 42 0 0 2
12541 100 4 109458 131072 0 3978 0 0 0 65 42 0 0 3
12542 32 5 1895163044 32768 0 63655 0 0 0 65 42 0 0 0
12543 51 5 1895163044 32768 0 63655 0 0 0 65 42 0 0 0
12544 46 0 0 0 0 1018480 0 0 0 65 42 0 0 0
12545 49 0 0 0 0 1018480 0 0 0 65 42 0 0 0
12546 52 0 0 0 0 1018480 0 0 0 65 42 0 0 0
12547 32 1 103148 131072 0 1018480 0 0 0 65 42 0 0 0
12548 97 1 103148 131072 0 1018480 0 0 0 65 42 0 0 1
12549 110 1 103148 131072 0 1018480 0 0 0 65 42 0 0 2
12550 100 1 103148 131072 0 1018480 0 0 0 65 42 0 0 3
12551 32 2 1895163044 32768 0 16295687 0 0 0 65 42 0 0 0
12552 49 2 1895163044 32768 0 16295687 0 0 0 65 42 0 0 0
12553 44 3 49 131072 0 16295687 0 0 0 65 42 0 0 0
12554 48 3 49 131072 0 16295687 0 0 0 65 42 0 0 0
12555 48 3 49 131072 0 16295687 0 0 0 65 42 0 0 0
12556 48 3 49 131072 0 16295687 0 0 0 65 42 0 0 0
12557 46 0 0 0 0 260730992 0 0 0 65 42 0 0 0
12558 10 0 0 0 0 0 0 0 0 0 42 0 0 0
12559 38 0 0 0 0 0 0 0 0 38 42 0 0 0
12560 110 0 0 0 0 0 0 0 0 38 42 0 0 1
12561 98 0 0 0 0 0 0 0 0 38 42 0 0 2
12562 115 0 0 0 0 0 0 0 0 38 42 0 0 3
12563 112 0 0 0 0 0 0 0 0 38 42 0 0 4
12564 59 1 2773142800 0 0 15 0 0 0 38 42 0 0 0
12565 32 1 2773142800 0 0 15 0 0 0 38 42 0 0 0
12566 115 1 2773142800 0 0 15 0 0 0 38 42 0 0 1
12567 111 1 2773142800 0 0 15 0 0 0 38 42 0 0 2
12568 109 1 2773142800 0 0 15 0 0 0 38 42 0 0 3
12569 101 1 2773142800 0 0 15 0 0 0 38 42 0 0 4
12570 32 2 3473243077 0 0 255 0 0 0 38 42 0 0 0
12571 38 2 3473243077 0 0 255 0 0 0 38 42 0 0 0
12572 97 2 3473243077 0 0 255 0 0 0 38 42 0 0 1
12573 109 2 3473243077 0 0 255 0 0 0 38 42 0 0 2
12574 112 2 3473243077 0 0 255 0 0 0 38 42 0 0 3
12575 59 3 1895154640 0 0 4095 0 0 0 38 42 0 0 0
12576 32 3 1895154640 0 0 4095 0 0 0 38 42 0 0 0
12577 101 3 1895154640 0 0 4095 0 0 0 38 42 0 0 1
12578 110 3 1895154640 0 0 4095 0 0 0 38 42 0 0 2
12579 116 3 1895154640 0 0 4095 0 0 0 38 42 0 0 3
12580 105 3 1895154640 0 0 4095 0 0 0 38 42 0 0 4
12581 116 3 1895154640 0 0 4095 0 0 0 38 42 0 0 5
12582 105 3 1895154640 0 0 4095 0 0 0 38 42 0 0 6
12583 101 3 1895154640 0 0 4095 0 0 0 38 42 0 0 7
12584 115 3 1895154640 0 0 4095 0 0 0 38 42 0 0 8
12585 32 4 1475168745 8 0 65530 0 0 0 38 42 0 0 0
12586 38 4 1475168745 8 0 65530 0 0 0 38 42 0 0 0
12587 108 4 1475168745 8 0 65530 0 0 0 38 42 0 0 1
12588 116 4 1475168745 8 0 65530 0 0 0 38 42 0 0 2
12589 59 5 1118458612 0 0 1048495 0 0 0 38 42 0 0 0
12590 116 5 1118458612 0 0 1048495 0 0 0 38 42 0 0 1
12591 97 5 1118458612 0 0 1048495 0 0 0 38 42 0 0 2
12592 103 5 1118458612 0 0 1048495 0 0 0 38 42 0 0 3
12593 38 6 3240805703 0 0 16775935 0 0 0 38 42 0 0 0
12594 103 6 3240805703 0 0 16775935 0 0 0 38 42 0 0 1
12595 116 6 3240805703 0 0 16775935 0 0 0 38 42 0 0 2
12596 59 7 1118416532 0 0 268414975 0 0 0 38 42 0 0 0
12597 10 0 0 0 0 0 0 0 0 0 42 0 0 0
12598 100 0 0 0 0 0 0 0 0 96 96 0 0 1
12599 111 0 0 0 0 0 0 0 0 96 96 0 0 2
12600 110 0 0 0 0 0 0 0 0 96 96 0 0 3
12601 39 0 0 0 0 0 0 0 0 96 96 0 0 4
12602 116 0 0 0 0 0 0 0 0 96 96 0 0 5
12603 32 1 1118391279 1024 0 13 0 0 0 96 96 0 0 0
12604 99 1 1118391279 1024 0 13 0 0 0 96 96 0 0 1
12605 97 1 1118391279 1024 0 13 0 0 0 96 96 0 0 2
12606 110 1 1118391279 1024 0 13 0 0 0 96 96 0 0 3
12607 39 1 1118391279 1024 0 13 0 0 0 96 96 0 0 4
12608 116 1 1118391279 1024 0 13 0 0 0 96 96 0 0 5
12609 32 2 2036711758 1024 0 221 0 0 0 96 96 0 0 0
12610 105 2 2036711758 1024 0 221 0 0 0 96 96 0 0 1
12611 116 2 2036711758 1024 0 221 0 0 0 96 96 0 0 2
12612 39 2 2036711758 1024 0 221 0 0 0 96 96 0 0 3
12613 115 2 2036711758 1024 0 221 0 0 0 96 96 0 0 4
12614 32 3 1118433364 1048584 0 3546 0 0 0 96 96 0 0 0
12615 116 3 1118433364 1048584 0 3546 0 0 0 96 96 0 0 1
12616 104 3 1118433364 1048584 0 3546 0 0 0 96 96 0 0 2
12617 101 3 1118433364 1048584 0 3546 0 0 0 96 96 0 0 3
12618 32 4 3240864613 16384 0 56742 0 0 0 96 96 0 0 0
12619 99 4 3240864613 16384 0 56742 0 0 0 96 96 0 0 1
12620 97 4 3240864613 16384 0 56742 0 0 0 96 96 0 0 2
12621 116 4 3240864613 16384 0 56742 0 0 0 96 96 0 0 3
12622 32 4 2036711764 2 0 907874 0 0 0 96 96 0 0 0
12623 115 4 2036711764 2 0 907874 0 0 0 96 96 0 0 1
12624 97 4 2036711764 2 0 907874 0 0 0 96 96 0 0 2
12625 116 4 2036711764 2 0 907874 0 0 0 96 96 0 0 3
12626 32 5 3169976660 0 0 14525999 0 0 0 96 96 0 0 0
12627 111 5 3169976660 0 0 14525999 0 0 0 96 96 0 0 1
12628 110 5 3169976660 0 0 14525999 0 0 0 96 96 0 0 2
12629 32 6 1118483854 65536 0 232415992 0 0 0 96 96 0 0 0
12630 116 6 1118483854 65536 0 232415992 0 0 0 96 96 0 0 1
12631 104 6 1118483854 65536 0 232415992 0 0 0 96 96 0 0 2
12632 101 6 1118483854 65536 0 232415992 0 0 0 96 96 0 0 3
12633 32 7 3240864613 16384 0 3718655878 0 0 0 96 96 0 0 0
12634 109 7 3240864613 16384 0 3718655878 0 0 0 96 96 0 0 1
12635 97 7 3240864613 16384 0 3718655878 0 0 0 96 96 0 0 2
12636 116 7 3240864613 16384 0 3718655878 0 0 0 96 96 0 0 3
12637 46 0 0 0 0 2788132384 0 0 0 96 96 0 0 0
12638 10 0 0 0 0 0 0 0 0 0 96 0 0 0
12639 240 0 0 0 0 0 0 0 0 96 96 0 0 0
12640 46 0 0 0 0 0 0 0 0 96 96 0 0 0
12641 237 0 0 0 0 0 0 0 0 96 96 0 0 0
12642 193 0 0 0 0 0 0 0 0 96 96 0 0 0
12643 44 0 0 0 0 0 0 0 0 96 96 0 0 0
12644 160 0 0 0 0 0 0 0 0 96 96 0 0 0
12645 32 0 0 0 0 0 0 0 0 96 96 0 0 0
12646 230 0 0 0 0 0 0 0 0 96 96 0 0 0
12647 226 0 0 0 0 0 0 0 0 96 96 0 0 0
12648 215 0 0 0 0 0 0 0 0 96 96 0 0 0
12649 44 0 0 0 0 0 0 0 0 96 96 0 0 0
12650 227 0 0 0 0 0 0 0 0 96 96 0 0 0
12651 142 0 0 0 0 0 0 0 0 96 96 0 0 0
12652 128 0 0 0 0 0 0 0 0 96 96 0 0 0
12653 46 0 0 0 0 0 0 0 0 96 96 0 0 0
12654 199 0 0 0 0 0 0 0 0 96 96 0 0 0
12655 192 0 0 0 0 0 0 0 0 96 96 0 0 0
12656 130 0 0 0 0 0 0 0 0 96 96 0 0 0
12657 10 0 0 0 0 0 0 0 0 0 96 0 0 0
12658 239 0 0 0 0 0 0 0 0 96 96 0 0 0
12659 234 0 0 0 0 0 0 0 0 96 96 0 0 0
12660 10 0 0 0 0 0 0 0 0 0 96 0 0 0
12661 139 0 0 0 0 0 0 0 0 96 96 0 0 0
12662 46 0 0 0 0 0 0 0 0 96 96 0 0 0
12663 119 0 0 0 0 0 0 0 0 96 96 0 0 1
12664 111 0 0 0 0 0 0 0 0 96 96 0 0 2
12665 114 0 0 0 0 0 0 0 0 96 96 0 0 3
12666 100 0 0 0 0 0 0 0 0 96 96 0 0 4
12667 51 1 4155777060 0 0 15 0 0 0 96 96 0 0 0
12668 52 1 4155777060 0 0 15 0 0 0 96 96 0 0 0
12669 32 2 107356 131072 0 15 0 0 0 96 96 0 0 0
12670 97 2 107356 131072 0 15 0 0 0 96 96 0 0 1
12671 110 2 107356 131072 0 15 0 0 0 96 96 0 0 2
12672 111 2 107356 131072 0 15 0 0 0 96 96 0 0 3
12673 116 2 107356 131072 0 15 0 0 0 96 96 0 0 4
12674 104 2 107356 131072 0 15 0 0 0 96 96 0 0 5
12675 101 2 107356 131072 0 15 0 0 0 96 96 0 0 6
12676 114 2 107356 131072 0 15 0 0 0 96 96 0 0 7
12677 32 3 91021800 0 0 255 0 0 0 96 96 0 0 0
12678 91 3 91021800 0 0 255 0 0 0 96 91 0 0 0
12679 91 3 91021800 0 0 255 0 0 0 96 91 0 0 0
12680 65 3 91021800 0 0 255 0 0 0 96 91 0 0 0
12681 110 3 91021800 0 0 255 0 0 0 96 91 0 0 1
12682 110 3 91021800 0 0 255 0 0 0 96 91 0 0 2
12683 97 3 91021800 0 0 255 0 0 0 96 91 0 0 3
12684 93 4 2815940769 0 0 4095 0 0 0 96 91 0 0 0
12685 93 4 2815940769 0 0 4095 0 0 0 96 96 0 0 0
12686 32 4 2815940769 0 0 4095 0 0 0 96 96 0 0 0
12687 119 4 2815940769 0 0 4095 0 0 0 96 96 0 0 1
12688 97 4 2815940769 0 0 4095 0 0 0 96 96 0 0 2
12689 115 4 2815940769 0 0 4095 0 0 0 96 96 0 0 3
12690 32 5 3453292883 1 0 65521 3453292883 0 0 96 96 0 0 0
12691 97 5 3453292883 1 0 65521 3453292883 0 0 96 96 0 0 1
12692 32 6 1950627777 16384 0 1048342 3453292883 0 0 96 96 0 0 0
12693 39 6 1950627777 16384 0 1048342 3453292883 0 0 96 96 0 0 1
12694 39 7 1950627719 0 0 16773487 3453292883 0 0 96 96 0 0 0
12695 39 7 1950627719 0 0 16773487 3453292883 0 0 96 96 0 0 0
12696 113 7 1950627719 0 0 16773487 3453292883 0 0 96 96 0 0 1
12697 117 7 1950627719 0 0 16773487 3453292883 0 0 96 96 0 0 2
12698 101 7 1950627719 0 0 16773487 3453292883 0 0 96 96 0 0 3
12699 101 7 1950627719 0 0 16773487 3453292883 0 0 96 96 0 0 4
12700 110 7 1950627719 0 0 16773487 3453292883 0 0 96 96 0 0 5
12701 39 7 1950627719 0 0 16773487 3453292883 0 0 96 96 0 0 6
12702 39 8 3278097614 8 0 268375802 3453292883 0 0 96 96 0 0 0
12703 39 8 3278097614 8 0 268375802 3453292883 0 0 96 96 0 0 0
12704 32 8 3278097614 8 0 268375802 3453292883 0 0 96 96 0 0 0
12705 111 8 3278097614 8 0 268375802 3453292883 0 0 96 96 0 0 1
12706 102 8 3278097614 8 0 268375802 3453292883 0 0 96 96 0 0 2
12707 32 9 1118483846 65536 0 4294012840 3453292883 0 0 96 96 0 0 0
12708 91 9 1118483846 65536 0 4294012840 3453292883 0 0 96 91 0 0 0
12709 91 9 1118483846 65536 0 4294012840 3453292883 0 0 96 91 0 0 0
12710 70 9 1118483846 65536 0 4294012840 3453292883 0 0 96 91 0 0 0
12711 114 9 1118483846 65536 0 4294012840 3453292883 0 0 96 91 0 0 1
12712 97 9 1118483846 65536 0 4294012840 3453292883 0 0 96 91 0 0 2
12713 110 9 1118483846 65536 0 4294012840 3453292883 0 0 96 91 0 0 3
12714 99 9 1118483846 65536 0 4294012840 3453292883 0 0 96 91 0 0 4
12715 101 9 1118483846 65536 0 4294012840 3453292883 0 0 96 91 0 0 5
12716 93 10 3384763555 0 0 4279696015 3453292883 0 0 96 91 0 0 0
12717 93 10 3384763555 0 0 4279696015 3453292883 0 0 96 96 0 0 0
12718 32 10 3384763555 0 0 4279696015 3453292883 0 0 96 96 0 0 0
12719 105 10 3384763555 0 0 4279696015 3453292883 0 0 96 96 0 0 1
12720 110 10 3384763555 0 0 4279696015 3453292883 0 0 96 96 0 0 2
12721 32 11 1118433358 65536 0 4050626808 3453292883 0 0 96 96 0 0 0
12722 49 11 1118433358 65536 0 4050626808 3453292883 0 0 96 96 0 0 0
12723 55 11 1118433358 65536 0 4050626808 3453292883 0 0 96 96 0 0 0
12724 56 11 1118433358 65536 0 4050626808 3453292883 0 0 96 96 0 0 0
12725 57 11 1118433358 65536 0 4050626808 3453292883 0 0 96 96 0 0 0
12726 46 0 0 0 0 385519488 3453292883 0 0 96 96 0 0 0
12727 10 0 0 0 0 0 0 0 0 0 96 0 0 0
12728 61 0 0 0 0 0 0 0 0 61 96 0 0 0
12729 61 0 0 0 0 0 0 0 0 61 96 0 0 0
12730 32 0 0 0 0 0 0 0 0 61 96 0 0 0
12731 72 0 0 0 0 0 0 0 0 61 96 0 0 0
12732 105 0 0 0 0 0 0 0 0 61 96 0 0 1
12733 115 0 0 0 0 0 0 0 0 61 96 0 0 2
12734 116 0 0 0 0 0 0 0 0 61 96 0 0 3
12735 111 0 0 0 0 0 0 0 0 61 96 0 0 4
12736 114 0 0 0 0 0 0 0 0 61 96 0 0 5
12737 121 0 0 0 0 0 0 0 0 61 96 0 0 6
12738 32 1 1469161513 0 0 15 0 0 0 61 96 0 0 0
12739 61 1 1469161513 0 0 15 0 0 0 61 96 0 0 0
12740 61 1 1469161513 0 0 15 0 0 0 61 96 0 0 0
12741 10 0 0 0 0 0 0 0 0 0 96 0 0 0
12742 42 0 0 0 0 0 0 0 0 42 42 0 0 0
12743 32 0 0 0 0 0 0 0 0 42 42 0 0 0
12744 105 0 0 0 0 0 0 0 0 96 42 0 0 1
12745 116 0 0 0 0 0 0 0 0 96 42 0 0 2
12746 101 0 0 0 0 0 0 0 0 96 42 0 0 3
12747 109 0 0 0 0 0 0 0 0 96 42 0 0 4
12748 32 1 4268574925 0 0 15 0 0 0 96 42 0 0 0
12749 111 1 4268574925 0 0 15 0 0 0 96 42 0 0 1
12750 110 1 4268574925 0 0 15 0 0 0 96 42 0 0 2
12751 101 1 4268574925 0 0 15 0 0 0 96 42 0 0 3
12752 32 2 2886769829 131072 0 254 0 0 0 96 42 0 0 0
12753 40 2 2886769829 131072 0 254 0 0 0 96 42 0 0 0
12754 102 2 2886769829 131072 0 254 0 0 0 96 42 0 0 1
12755 105 2 2886769829 131072 0 254 0 0 0 96 42 0 0 2
12756 114 2 2886769829 131072 0 254 0 0 0 96 42 0 0 3
12757 115 2 2886769829 131072 0 254 0 0 0 96 42 0 0 4
12758 116 2 2886769829 131072 0 254 0 0 0 96 42 0 0 5
12759 41 2 2886769829 131072 0 65264 0 0 0 96 42 0 0 0
12760 10 0 0 0 0 0 0 0 0 0 42 0 0 0
12761 42 0 0 0 0 0 0 0 0 42 42 0 0 0
12762 32 0 0 0 0 0 0 0 0 42 42 0 0 0
12763 105 0 0 0 0 0 0 0 0 96 42 0 0 1
12764 116 0 0 0 0 0 0 0 0 96 42 0 0 2
12765 101 0 0 0 0 0 0 0 0 96 42 0 0 3
12766 109 0 0 0 0 0 0 0 0 96 42 0 0 4
12767 32 1 4268574925 0 0 15 0 0 0 96 42 0 0 0
12768 116 1 4268574925 0 0 15 0 0 0 96 42 0 0 1
12769 119 1 4268574925 0 0 15 0 0 0 96 42 0 0 2
12770 111 1 4268574925 0 0 15 0 0 0 96 42 0 0 3
12771 32 2 3240990863 131072 0 254 0 0 0 96 42 0 0 0
12772 91 2 3240990863 131072 0 254 0 0 0 96 91 0 0 0
12773 104 2 3240990863 131072 0 254 0 0 0 96 91 0 0 1
12774 116 2 3240990863 131072 0 254 0 0 0 96 91 0 0 2
12775 116 2 3240990863 131072 0 254 0 0 0 96 91 0 0 3
12776 112 2 3240990863 131072 0 254 0 0 0 96 91 0 0 4
12777 58 3 876852720 0 0 4079 0 0 0 96 91 0 0 0
12778 47 3 876852720 0 0 4079 0 0 0 96 91 0 0 0
12779 47 3 876852720 0 0 4079 0 0 0 96 91 0 0 0
12780 101 3 876852720 0 0 4079 0 0 0 96 91 0 0 1
12781 120 3 876852720 0 0 4079 0 0 0 96 91 0 0 2
12782 97 3 876852720 0 0 4079 0 0 0 96 91 0 0 3
12783 109 3 876852720 0 0 4079 0 0 0 96 91 0 0 4
12784 112 3 876852720 0 0 4079 0 0 0 96 91 0 0 5
12785 108 3 876852720 0 0 4079 0 0 0 96 91 0 0 6
12786 101 3 876852720 0 0 4079 0 0 0 96 91 0 0 7
12787 46 4 3291829868 0 0 1044464 0 0 0 96 91 0 0 0
12788 111 4 3291829868 0 0 1044464 0 0 0 96 91 0 0 1
12789 114 4 3291829868 0 0 1044464 0 0 0 96 91 0 0 2
12790 103 4 3291829868 0 0 1044464 0 0 0 96 91 0 0 3
12791 32 5 2886803495 0 0 16711439 0 0 0 96 91 0 0 0
12792 108 5 2886803495 0 0 16711439 0 0 0 96 91 0 0 1
12793 105 5 2886803495 0 0 16711439 0 0 0 96 91 0 0 2
12794 110 5 2886803495 0 0 16711439 0 0 0 96 91 0 0 3
12795 107 5 2886803495 0 0 16711439 0 0 0 96 91 0 0 4
12796 93 6 780174507 0 0 267383039 0 0 0 96 42 0 0 0
12797 32 6 780174507 0 0 267383039 0 0 1 64 42 0 0 0
12798 116 6 780174507 0 0 267383039 0 0 1 64 42 0 0 1
12799 101 6 780174507 0 0 267383039 0 0 1 64 42 0 0 2
12800 120 6 780174507 0 0 267383039 0 0 1 64 42 0 0 3
12801 116 6 780174507 0 0 267383039 0 0 1 64 42 0 0 4
12802 10 0 0 0 0 0 0 0 0 0 42 0 0 0
12803 84 0 0 0 0 0 0 0 0 84 42 0 0 0
12804 104 0 0 0 0 0 0 0 0 84 42 0 0 1
12805 101 0 0 0 0 0 0 0 0 84 42 0 0 2
12806 32 1 1118424933 2048 0 4 0 0 0 84 42 0 0 0
12807 123 1 1118424933 2048 0 4 0 0 0 84 42 0 0 0
12808 123 1 1118424933 2048 0 4 0 0 0 84 42 0 0 0
12809 99 1 1118424933 2048 0 4 0 0 0 84 42 0 0 1
12810 105 1 1118424933 2048 0 4 0 0 0 84 42 0 0 2
12811 116 1 1118424933 2048 0 4 0 0 0 84 42 0 0 3
12812 101 1 1118424933 2048 0 4 0 0 0 84 42 0 0 4
12813 124 2 318360037 0 0 79 0 0 0 84 42 0 0 0
12814 121 2 318360037 0 0 79 0 0 0 84 42 0 0 1
12815 101 2 318360037 0 0 79 0 0 0 84 42 0 0 2
12816 97 2 318360037 0 0 79 0 0 0 84 42 0 0 3
12817 114 2 318360037 0 0 79 0 0 0 84 42 0 0 4
12818 61 3 1641105746 0 0 1279 0 0 0 84 42 0 0 0
12819 49 3 1641105746 0 0 1279 0 0 0 84 42 0 0 0
12820 56 3 1641105746 0 0 1279 0 0 0 84 42 0 0 0
12821 48 3 1641105746 0 0 1279 0 0 0 84 42 0 0 0
12822 49 3 1641105746 0 0 1279 0 0 0 84 42 0 0 0
12823 125 4 1368491697 131072 0 1279 0 0 0 84 42 0 0 0
12824 125 4 1368491697 131072 0 1279 0 0 0 84 42 0 0 0
12825 32 4 1368491697 131072 0 1279 0 0 0 84 42 0 0 0
12826 115 4 1368491697 131072 0 1279 0 0 0 84 42 0 0 1
12827 97 4 1368491697 131072 0 1279 0 0 0 84 42 0 0 2
12828 105 4 1368491697 131072 0 1279 0 0 0 84 42 0 0 3
12829 100 4 1368491697 131072 0 1279 0 0 0 84 42 0 0 4
12830 58 5 2481602628 0 0 20479 0 0 0 84 42 0 0 0
12831 32 5 2481602628 0 0 20479 0 0 0 84 42 0 0 0
12832 34 5 2481602628 0 0 20479 0 0 0 84 42 0 0 0
12833 104 5 2481602628 0 0 20479 0 0 0 84 42 0 0 1
12834 101 5 2481602628 0 0 20479 0 0 0 84 42 0 0 2
12835 108 5 2481602628 0 0 20479 0 0 0 84 42 0 0 3
12836 108 5 2481602628 0 0 20479 0 0 0 84 42 0 0 4
12837 111 5 2481602628 0 0 20479 0 0 0 84 42 0 0 5
12838 44 6 933891823 0 0 327679 0 0 0 84 42 0 0 0
12839 32 6 933891823 0 0 327679 0 0 0 84 42 0 0 0
12840 119 6 933891823 0 0 327679 0 0 0 84 42 0 0 1
12841 111 6 933891823 0 0 327679 0 0 0 84 42 0 0 2
12842 114 6 933891823 0 0 327679 0 0 0 84 42 0 0 3
12843 108 6 933891823 0 0 327679 0 0 0 84 42 0 0 4
12844 100 6 933891823 0 0 327679 0 0 0 84 42 0 0 5
12845 33 7 1101113060 0 0 5242879 0 0 0 84 42 0 0 0
12846 34 7 1101113060 0 0 5242879 0 0 0 84 42 0 0 0
12847 10 0 0 0 0 0 0 0 0 0 42 0 0 0
12848 60 0 0 0 0 0 0 0 0 60 42 0 0 0
12849 114 0 0 0 0 0 0 0 0 60 42 0 0 1
12850 101 0 0 0 0 0 0 0 0 60 42 0 0 2
12851 102 0 0 0 0 0 0 0 0 60 42 0 0 3
12852 62 1 3099181254 0 0 15 0 0 0 60 42 0 0 0
12853 110 1 3099181254 0 0 15 0 0 0 60 42 0 0 1
12854 111 1 3099181254 0 0 15 0 0 0 60 42 0 0 2
12855 116 1 3099181254 0 0 15 0 0 0 60 42 0 0 3
12856 101 1 3099181254 0 0 15 0 0 0 60 42 0 0 4
12857 32 2 3693928933 0 0 255 0 0 0 60 42 0 0 0
12858 49 2 3693928933 0 0 255 0 0 0 60 42 0 0 0
12859 50 2 3693928933 0 0 255 0 0 0 60 42 0 0 0
12860 44 3 103146 131072 0 255 0 0 0 60 42 0 0 0
12861 51 3 103146 131072 0 255 0 0 0 60 42 0 0 0
12862 52 3 103146 131072 0 255 0 0 0 60 42 0 0 0
12863 53 3 103146 131072 0 255 0 0 0 60 42 0 0 0
12864 46 0 0 0 0 4080 0 0 0 60 42 0 0 0
12865 54 0 0 0 0 4080 0 0 0 60 42 0 0 0
12866 55 0 0 0 0 4080 0 0 0 60 42 0 0 0
12867 32 1 113671 131072 0 4080 0 0 0 60 42 0 0 0
12868 104 1 113671 131072 0 4080 0 0 0 60 42 0 0 1
12869 101 1 113671 131072 0 4080 0 0 0 60 42 0 0 2
12870 114 1 113671 131072 0 4080 0 0 0 60 42 0 0 3
12871 101 1 113671 131072 0 4080 0 0 0 60 42 0 0 4
12872 60 2 4109367333 0 0 65295 0 0 0 60 42 0 0 0
12873 47 2 4109367333 0 0 65295 0 0 0 60 42 0 0 0
12874 114 2 4109367333 0 0 65295 0 0 0 60 42 0 0 1
12875 101 2 4109367333 0 0 65295 0 0 0 60 42 0 0 2
12876 102 2 4109367333 0 0 65295 0 0 0 60 42 0 0 3
12877 62 3 3099181254 0 0 1044735 0 0 0 60 42 0 0 0
12878 10 0 0 0 0 0 0 0 0 0 42 0 0 0
12879 65 0 0 0 0 0 0 0 0 65 42 0 0 0
12880 32 0 0 0 0 0 0 0 0 65 42 0 0 0
12881 108 0 0 0 0 0 0 0 0 65 42 0 0 1
12882 105 0 0 0 0 0 0 0 0 65 42 0 0 2
12883 110 0 0 0 0 0 0 0 0 65 42 0 0 3
12884 101 0 0 0 0 0 0 0 0 65 42 0 0 4
12885 32 1 780174501 0 0 15 0 0 0 65 42 0 0 0
12886 119 1 780174501 0 0 15 0 0 0 65 42 0 0 1
12887 105 1 780174501 0 0 15 0 0 0 65 42 0 0 2
12888 116 1 780174501 0 0 15 0 0 0 65 42 0 0 3
12889 104 1 780174501 0 0 15 0 0 0 65 42 0 0 4
12890 32 2 3730819560 65536 0 248 0 0 0 65 42 0 0 0
12891 110 2 3730819560 65536 0 248 0 0 0 65 42 0 0 1
12892 117 2 3730819560 65536 0 248 0 0 0 65 42 0 0 2
12893 109 2 3730819560 65536 0 248 0 0 0 65 42 0 0 3
12894 98 2 3730819560 65536 0 248 0 0 0 65 42 0 0 4
12895 101 2 3730819560 65536 0 248 0 0 0 65 42 0 0 5
12896 114 2 3730819560 65536 0 248 0 0 0 65 42 0 0 6
12897 115 2 3730819560 65536 0 248 0 0 0 65 42 0 0 7
12898 32 3 3416096978 8 0 3978 0 0 0 65 42 0 0 0
12899 52 3 3416096978 8 0 3978 0 0 0 65 42 0 0 0
12900 50 3 3416096978 8 0 3978 0 0 0 65 42 0 0 0
12901 32 4 109458 131072 0 3978 0 0 0 65 42 0 0 0
12902 97 4 109458 131072 0 3978 0 0 0 65 42 0 0 1
12903 110 4 109458 131072 0 3978 0 0 0 65 42 0 0 2
12904 100 4 109458 131072 0 3978 0 0 0 65 42 0 0 3
12905 32 5 1895163044 32768 0 63655 0 0 0 65 42 0 0 0
12906 51 5 1895163044 32768 0 63655 0 0 0 65 42 0 0 0
12907 46 0 0 0 0 1018480 0 0 0 65 42 0 0 0
12908 49 0 0 0 0 1018480 0 0 0 65 42 0 0 0
12909 52 0 0 0 0 1018480 0 0 0 65 42 0 0 0
12910 32 1 103148 131072 0 1018480 0 0 0 65 42 0 0 0
12911 97 1 103148 131072 0 1018480 0 0 0 65 42 0 0 1
12912 110 1 103148 131072 0 1018480 0 0 0 65 42 0 0 2
12913 100 1 103148 131072 0 1018480 0 0 0 65 42 0 0 3
12914 32 2 1895163044 32768 0 16295687 0 0 0 65 42 0 0 0
12915 49 2 1895163044 32768 0 16295687 0 0 0 65 42 0 0 0
12916 44 3 49 131072 0 16295687 0 0 0 65 42 0 0 0
12917 48 3 49 131072 0 16295687 0 0 0 65 42 0 0 0
12918 48 3 49 131072 0 16295687 0 0 0 65 42 0 0 0
12919 48 3 49 131072 0 16295687 0 0 0 65 42 0 0 0
12920 46 0 0 0 0 260730992 0 0 0 65 42 0 0 0
12921 10 0 0 0 0 0 0 0 0 0 42 0 0 0
12922 38 0 0 0 0 0 0 0 0 38 42 0 0 0
12923 110 0 0 0 0 0 0 0 0 38 42 0 0 1
12924 98 0 0 0 0 0 0 0 0 38 42 0 0 2
12925 115 0 0 0 0 0 0 0 0 38 42 0 0 3
12926 112 0 0 0 0 0 0 0 0 38 42 0 0 4
12927 59 1 2773142800 0 0 15 0 0 0 38 42 0 0 0
12928 32 1 2773142800 0 0 15 0 0 0 38 42 0 0 0
12929 115 1 2773142800 0 0 15 0 0 0 38 42 0 0 1
12930 111 1 2773142800 0 0 15 0 0 0 38 42 0 0 2
12931 109 1 2773142800 0 0 15 0 0 0 38 42 0 0 3
12932 101 1 2773142800 0 0 15 0 0 0 38 42 0 0 4
12933 32 2 3473243077 0 0 255 0 0 0 38 42 0 0 0
12934 38 2 3473243077 0 0 255 0 0 0 38 42 0 0 0
12935 97 2 3473243077 0 0 255 0 0 0 38 42 0 0 1
12936 109 2 3473243077 0 0 255 0 0 0 38 42 0 0 2
12937 112 2 3473243077 0 0 255 0 0 0 38 42 0 0 3
12938 59 3 1895154640 0 0 4095 0 0 0 38 42 0 0 0
12939 32 3 1895154640 0 0 4095 0 0 0 38 42 0 0 0
12940 101 3 1895154640 0 0 4095 0 0 0 38 42 0 0 1
12941 110 3 1895154640 0 0 4095 0 0 0 38 42 0 0 2
12942 116 3 1895154640 0 0 4095 0 0 0 38 42 0 0 3
12943 105 3 1895154640 0 0 4095 0 0 0 38 42 0 0 4
12944 116 3 1895154640 0 0 4095 0 0 0 38 42 0 0 5
12945 105 3 1895154640 0 0 4095 0 0 0 38 42 0 0 6
12946 101 3 1895154640 0 0 4095 0 0 0 38 42 0 0 7
12947 115 3 1895154640 0 0 4095 0 0 0 38 42 0 0 8
12948 32 4 1475168745 8 0 65530 0 0 0 38 42 0 0 0
12949 38 4 1475168745 8 0 65530 0 0 0 38 42 0 0 0
12950 108 4 1475168745 8 0 65530 0 0 0 38 42 0 0 1
12951 116 4 1475168745 8 0 65530 0 0 0 38 42 0 0 2
12952 59 5 1118458612 0 0 1048495 0 0 0 38 42 0 0 0
12953 116 5 1118458612 0 0 1048495 0 0 0 38 42 0 0 1
12954 97 5 1118458612 0 0 1048495 0 0 0 38 42 0 0 2
12955 103 5 1118458612 0 0 1048495 0 0 0 38 42 0 0 3
12956 38 6 3240805703 0 0 16775935 0 0 0 38 42 0 0 0
12957 103 6 3240805703 0 0 16775935 0 0 0 38 42 0 0 1
12958 116 6 3240805703 0 0 16775935 0 0 0 38 42 0 0 2
12959 59 7 1118416532 0 0 268414975 0 0 0 38 42 0 0 0
12960 10 0 0 0 0 0 0 0 0 0 42 0 0 0
12961 100 0 0 0 0 0 0 0 0 96 96 0 0 1
12962 111 0 0 0 0 0 0 0 0 96 96 0 0 2
12963 110 0 0 0 0 0 0 0 0 96 96 0 0 3
12964 39 0 0 0 0 0 0 0 0 96 96 0 0 4
12965 116 0 0 0 0 0 0 0 0 96 96 0 0 5
12966 32 1 1118391279 1024 0 13 0 0 0 96 96 0 0 0
12967 99 1 1118391279 1024 0 13 0 0 0 96 96 0 0 1
12968 97 1 1118391279 1024 0 13 0 0 0 96 96 0 0 2
12969 110 1 1118391279 1024 0 13 0 0 0 96 96 0 0 3
12970 39 1 1118391279 1024 0 13 0 0 0 96 96 0 0 4
12971 116 1 1118391279 1024 0 13 0 0 0 96 96 0 0 5
12972 32 2 2036711758 1024 0 221 0 0 0 96 96 0 0 0
12973 105 2 2036711758 1024 0 221 0 0 0 96 96 0 0 1
12974 116 2 2036711758 1024 0 221 0 0 0 96 96 0 0 2
12975 39 2 2036711758 1024 0 221 0 0 0 96 96 0 0 3
12976 115 2 2036711758 1024 0 221 0 0 0 96 96 0 0 4
12977 32 3 1118433364 1048584 0 3546 0 0 0 96 96 0 0 0
12978 116 3 1118433364 1048584 0 3546 0 0 0 96 96 0 0 1
12979 104 3 1118433364 1048584 0 3546 0 0 0 96 96 0 0 2
12980 101 3 1118433364 1048584 0 3546 0 0 0 96 96 0 0 3
12981 32 4 3240864613 16384 0 56742 0 0 0 96 96 0 0 0
12982 99 4 3240864613 16384 0 56742 0 0 0 96 96 0 0 1
12983 97 4 3240864613 16384 0 56742 0 0 0 96 96 0 0 2
12984 116 4 3240864613 16384 0 56742 0 0 0 96 96 0 0 3
12985 32 4 2036711764 2 0 907874 0 0 0 96 96 0 0 0
12986 115 4 2036711764 2 0 907874 0 0 0 96 96 0 0 1
12987 97 4 2036711764 2 0 907874 0 0 0 96 96 0 0 2
12988 116 4 2036711764 2 0 907874 0 0 0 96 96 0 0 3
12989 32 5 3169976660 0 0 14525999 0 0 0 96 96 0 0 0
12990 111 5 3169976660 0 0 14525999 0 0 0 96 96 0 0 1
12991 110 5 3169976660 0 0 14525999 0 0 0 96 96 0 0 2
12992 32 6 1118483854 65536 0 232415992 0 0 0 96 96 0 0 0
12993 116 6 1118483854 65536 0 232415992 0 0 0 96 96 0 0 1
12994 104 6 1118483854 65536 0 232415992 0 0 0 96 96 0 0 2
12995 101 6 1118483854 65536 0 232415992 0 0 0 96 96 0 0 3
12996 32 7 3240864613 16384 0 3718655878 0 0 0 96 96 0 0 0
12997 109 7 3240864613 16384 0 3718655878 0 0 0 96 96 0 0 1
12998 97 7 3240864613 16384 0 3718655878 0 0 0 96 96 0 0 2
12999 116 7 3240864613 16384 0 3718655878 0 0 0 96 96 0 0 3
13000 46 0 0 0 0 2788132384 0 0 0 96 96 0 0 0
13001 10 0 0 0 0 0 0 0 0 0 96 0 0 0
13002 236 0 0 0 0 0 0 0 0 96 96 0 0 0
13003 253 0 0 0 0 0 0 0 0 96 96 0 0 0
13004 248 0 0 0 0 0 0 0 0 96 96 0 0 0
13005 10 0 0 0 0 0 0 0 0 0 96 0 0 0
13006 196 0 0 0 0 0 0 0 0 96 96 0 0 0
13007 44 0 0 0 0 0 0 0 0 96 96 0 0 0
13008 200 0 0 0 0 0 0 0 0 96 96 0 0 0
13009 152 0 0 0 0 0 0 0 0 96 96 0 0 0
13010 232 0 0 0 0 0 0 0 0 96 96 0 0 0
13011 32 0 0 0 0 0 0 0 0 96 96 0 0 0
13012 156 0 0 0 0 0 0 0 0 96 96 0 0 0
13013 167 0 0 0 0 0 0 0 0 96 96 0 0 0
13014 44 0 0 0 0 0 0 0 0 96 96 0 0 0
13015 144 0 0 0 0 0 0 0 0 96 96 0 0 0
13016 193 0 0 0 0 0 0 0 0 96 96 0 0 0
13017 161 0 0 0 0 0 0 0 0 96 96 0 0 0
13018 46 0 0 0 0 0 0 0 0 96 96 0 0 0
13019 140 0 0 0 0 0 0 0 0 96 96 0 0 0
13020 32 0 0 0 0 0 0 0 0 96 96 0 0 0
13021 195 0 0 0 0 0 0 0 0 96 96 0 0 0
13022 181 0 0 0 0 0 0 0 0 96 96 0 0 0
13023 44 0 0 0 0 0 0 0 0 96 96 0 0 0
13024 141 0 0 0 0 0 0 0 0 96 96 0 0 0
13025 201 0 0 0 0 0 0 0 0 96 96 0 0 0
13026 216 0 0 0 0 0 0 0 0 96 96 0 0 0
13027 10 0 0 0 0 0 0 0 0 0 96 0 0 0
13028 119 0 0 0 0 0 0 0 0 96 96 0 0 1
13029 111 0 0 0 0 0 0 0 0 96 96 0 0 2
13030 114 0 0 0 0 0 0 0 0 96 96 0 0 3
13031 100 0 0 0 0 0 0 0 0 96 96 0 0 4
13032 51 1 4155777060 0 0 15 0 0 0 96 96 0 0 0
13033 53 1 4155777060 0 0 15 0 0 0 96 96 0 0 0
13034 32 2 107357 131072 0 15 0 0 0 96 96 0 0 0
13035 97 2 107357 131072 0 15 0 0 0 96 96 0 0 1
13036 110 2 107357 131072 0 15 0 0 0 96 96 0 0 2
13037 111 2 107357 131072 0 15 0 0 0 96 96 0 0 3
13038 116 2 107357 131072 0 15 0 0 0 96 96 0 0 4
13039 104 2 107357 131072 0 15 0 0 0 96 96 0 0 5
13040 101 2 107357 131072 0 15 0 0 0 96 96 0 0 6
13041 114 2 107357 131072 0 15 0 0 0 96 96 0 0 7
13042 32 3 91021800 0 0 255 0 0 0 96 96 0 0 0
13043 91 3 91021800 0 0 255 0 0 0 96 91 0 0 0
13044 91 3 91021800 0 0 255 0 0 0 96 91 0 0 0
13045 65 3 91021800 0 0 255 0 0 0 96 91 0 0 0
13046 110 3 91021800 0 0 255 0 0 0 96 91 0 0 1
13047 110 3 91021800 0 0 255 0 0 0 96 91 0 0 2
13048 97 3 91021800 0 0 255 0 0 0 96 91 0 0 3
13049 93 4 2815940769 0 0 4095 0 0 0 96 91 0 0 0
13050 93 4 2815940769 0 0 4095 0 0 0 96 96 0 0 0
13051 32 4 2815940769 0 0 4095 0 0 0 96 96 0 0 0
13052 119 4 2815940769 0 0 4095 0 0 0 96 96 0 0 1
13053 97 4 2815940769 0 0 4095 0 0 0 96 96 0 0 2
13054 115 4 2815940769 0 0 4095 0 0 0 96 96 0 0 3
13055 32 5 3453292883 1 0 65521 3453292883 0 0 96 96 0 0 0
13056 97 5 3453292883 1 0 65521 3453292883 0 0 96 96 0 0 1
13057 32 6 1950627777 16384 0 1048342 3453292883 0 0 96 96 0 0 0
13058 39 6 1950627777 16384 0 1048342 3453292883 0 0 96 96 0 0 1
13059 39 7 1950627719 0 0 16773487 3453292883 0 0 96 96 0 0 0
13060 39 7 1950627719 0 0 16773487 3453292883 0 0 96 96 0 0 0
13061 113 7 1950627719 0 0 16773487 3453292883 0 0 96 96 0 0 1
13062 117 7 1950627719 0 0 16773487 3453292883 0 0 96 96 0 0 2
13063 101 7 1950627719 0 0 16773487 3453292883 0 0 96 96 0 0 3
13064 101 7 1950627719 0 0 16773487 3453292883 0 0 96 96 0 0 4
13065 110 7 1950627719 0 0 16773487 3453292883 0 0 96 96 0 0 5
13066 39 7 1950627719 0 0 16773487 3453292883 0 0 96 96 0 0 6
13067 39 8 3278097614 8 0 268375802 3453292883 0 0 96 96 0 0 0
13068 39 8 3278097614 8 0 268375802 3453292883 0 0 96 96 0 0 0
13069 32 8 3278097614 8 0 268375802 3453292883 0 0 96 96 0 0 0
13070 111 8 3278097614 8 0 268375802 3453292883 0 0 96 96 0 0 1
13071 102 8 3278097614 8 0 268375802 3453292883 0 0 96 96 0 0 2
13072 32 9 1118483846 65536 0 4294012840 3453292883 0 0 96 96 0 0 0
13073 91 9 1118483846 65536 0 4294012840 3453292883 0 0 96 91 0 0 0
13074 91 9 1118483846 65536 0 4294012840 3453292883 0 0 96 91 0 0 0
13075 70 9 1118483846 65536 0 4294012840 3453292883 0 0 96 91 0 0 0
13076 114 9 1118483846 65536 0 4294012840 3453292883 0 0 96 91 0 0 1
13077 97 9 1118483846 65536 0 4294012840 3453292883 0 0 96 91 0 0 2
13078 110 9 1118483846 65536 0 4294012840 3453292883 0 0 96 91 0 0 3
13079 99 9 1118483846 65536 0 4294012840 3453292883 0 0 96 91 0 0 4
13080 101 9 1118483846 65536 0 4294012840 3453292883 0 0 96 91 0 0 5
13081 93 10 3384763555 0 0 4279696015 3453292883 0 0 96 91 0 0 0
13082 93 10 3384763555 0 0 4279696015 3453292883 0 0 96 96 0 0 0
13083 32 10 3384763555 0 0 4279696015 3453292883 0 0 96 96 0 0 0
13084 105 10 3384763555 0 0 4279696015 3453292883 0 0 96 96 0 0 1
13085 110 10 3384763555 0 0 4279696015 3453292883 0 0 96 96 0 0 2
13086 32 11 1118433358 65536 0 4050626808 3453292883 0 0 96 96 0 0 0
13087 49 11 1118433358 65536 0 4050626808 3453292883 0 0 96 96 0 0 0
13088 55 11 1118433358 65536 0 4050626808 3453292883 0 0 96 96 0 0 0
13089 56 11 1118433358 65536 0 4050626808 3453292883 0 0 96 96 0 0 0
13090 57 11 1118433358 65536 0 4050626808 3453292883 0 0 96 96 0 0 0
13091 46 0 0 0 0 385519488 3453292883 0 0 96 96 0 0 0
13092 10 0 0 0 0 0 0 0 0 0 96 0 0 0
13093 61 0 0 0 0 0 0 0 0 61 96 0 0 0
13094 61 0 0 0 0 0 0 0 0 61 96 0 0 0
13095 32 0 0 0 0 0 0 0 0 61 96 0 0 0
13096 72 0 0 0 0 0 0 0 0 61 96 0 0 0
13097 105 0 0 0 0 0 0 0 0 61 96 0 0 1
13098 115 0 0 0 0 0 0 0 0 61 96 0 0 2
13099 116 0 0 0 0 0 0 0 0 61 96 0 0 3
13100 111 0 0 0 0 0 0 0 0 61 96 0 0 4
13101 114 0 0 0 0 0 0 0 0 61 96 0 0 5
13102 121 0 0 0 0 0 0 0 0 61 96 0 0 6
13103 32 1 1469161513 0 0 15 0 0 0 61 96 0 0 0
13104 61 1 1469161513 0 0 15 0 0 0 61 96 0 0 0
13105 61 1 1469161513 0 0 15 0 0 0 61 96 0 0 0
13106 10 0 0 0 0 0 0 0 0 0 96 0 0 0
13107 42 0 0 0 0 0 0 0 0 42 42 0 0 0
13108 32 0 0 0 0 0 0 0 0 42 42 0 0 0
13109 105 0 0 0 0 0 0 0 0 96 42 0 0 1
13110 116 0 0 0 0 0 0 0 0 96 42 0 0 2
13111 101 0 0 0 0 0 0 0 0 96 42 0 0 3
13112 109 0 0 0 0 0 0 0 0 96 42 0 0 4
13113 32 1 4268574925 0 0 15 0 0 0 96 42 0 0 0
13114 111 1 4268574925 0 0 15 0 0 0 96 42 0 0 1
13115 110 1 4268574925 0 0 15 0 0 0 96 42 0 0 2
13116 101 1 4268574925 0 0 15 0 0 0 96 42 0 0 3
13117 32 2 2886769829 131072 0 254 0 0 0 96 42 0 0 0
13118 40 2 2886769829 131072 0 254 0 0 0 96 42 0 0 0
13119 102 2 2886769829 131072 0 254 0 0 0 96 42 0 0 1
13120 105 2 2886769829 131072 0 254 0 0 0 96 42 0 0 2
13121 114 2 2886769829 131072 0 254 0 0 0 96 42 0 0 3
13122 115 2 2886769829 131072 0 254 0 0 0 96 42 0 0 4
13123 116 2 2886769829 131072 0 254 0 0 0 96 42 0 0 5
13124 41 2 2886769829 131072 0 65264 0 0 0 96 42 0 0 0
13125 10 0 0 0 0 0 0 0 0 0 42 0 0 0
13126 42 0 0 0 0 0 0 0 0 42 42 0 0 0
13127 32 0 0 0 0 0 0 0 0 42 42 0 0 0
13128 105 0 0 0 0 0 0 0 0 96 42 0 0 1
13129 116 0 0 0 0 0 0 0 0 96 42 0 0 2
13130 101 0 0 0 0 0 0 0 0 96 42 0 0 3
13131 109 0 0 0 0 0 0 0 0 96 42 0 0 4
13132 32 1 4268574925 0 0 15 0 0 0 96 42 0 0 0
13133 116 1 4268574925 0 0 15 0 0 0 96 42 0 0 1
13134 119 1 4268574925 0 0 15 0 0 0 96 42 0 0 2
13135 111 1 4268574925 0 0 15 0 0 0 96 42 0 0 3
13136 32 2 3240990863 131072 0 254 0 0 0 96 42 0 0 0
13137 91 2 3240990863 131072 0 254 0 0 0 96 91 0 0 0
13138 104 2 3240990863 131072 0 254 0 0 0 96 91 0 0 1
13139 116 2 3240990863 131072 0 254 0 0 0 96 91 0 0 2
13140 116 2 3240990863 131072 0 254 0 0 0 96 91 0 0 3
13141 112 2 3240990863 131072 0 254 0 0 0 96 91 0 0 4
13142 58 3 876852720 0 0 4079 0 0 0 96 91 0 0 0
13143 47 3 876852720 0 0 4079 0 0 0 96 91 0 0 0
13144 47 3 876852720 0 0 4079 0 0 0 96 91 0 0 0
13145 101 3 876852720 0 0 4079 0 0 0 96 91 0 0 1
13146 120 3 876852720 0 0 4079 0 0 0 96 91 0 0 2
13147 97 3 876852720 0 0 4079 0 0 0 96 91 0 0 3
13148 109 3 876852720 0 0 4079 0 0 0 96 91 0 0 4
13149 112 3 876852720 0 0 4079 0 0 0 96 91 0 0 5
13150 108 3 876852720 0 0 4079 0 0 0 96 91 0 0 6
13151 101 3 876852720 0 0 4079 0 0 0 96 91 0 0 7
13152 46 4 3291829868 0 0 1044464 0 0 0 96 91 0 0 0
13153 111 4 3291829868 0 0 1044464 0 0 0 96 91 0 0 1
13154 114 4 3291829868 0 0 1044464 0 0 0 96 91 0 0 2
13155 103 4 3291829868 0 0 1044464 0 0 0 96 91 0 0 3
13156 32 5 2886803495 0 0 16711439 0 0 0 96 91 0 0 0
13157 108 5 2886803495 0 0 16711439 0 0 0 96 91 0 0 1
13158 105 5 2886803495 0 0 16711439 0 0 0 96 91 0 0 2
13159 110 5 2886803495 0 0 16711439 0 0 0 96 91 0 0 3
13160 107 5 2886803495 0 0 16711439 0 0 0 96 91 0 0 4
13161 93 6 780174507 0 0 267383039 0 0 0 96 42 0 0 0
13162 32 6 780174507 0 0 267383039 0 0 1 64 42 0 0 0
13163 116 6 780174507 0 0 267383039 0 0 1 64 42 0 0 1
13164 101 6 780174507 0 0 267383039 0 0 1 64 42 0 0 2
13165 120 6 780174507 0 0 267383039 0 0 1 64 42 0 0 3
13166 116 6 780174507 0 0 267383039 0 0 1 64 42 0 0 4
13167 10 0 0 0 0 0 0 0 0 0 42 0 0 0
13168 84 0 0 0 0 0 0 0 0 84 42 0 0 0
13169 104 0 0 0 0 0 0 0 0 84 42 0 0 1
13170 101 0 0 0 0 0 0 0 0 84 42 0 0 2
13171 32 1 1118424933 2048 0 4 0 0 0 84 42 0 0 0
13172 123 1 1118424933 2048 0 4 0 0 0 84 42 0 0 0
13173 123 1 1118424933 2048 0 4 0 0 0 84 42 0 0 0
13174 99 1 1118424933 2048 0 4 0 0 0 84 42 0 0 1
13175 105 1 1118424933 2048 0 4 0 0 0 84 42 0 0 2
13176 116 1 1118424933 2048 0 4 0 0 0 84 42 0 0 3
13177 101 1 1118424933 2048 0 4 0 0 0 84 42 0 0 4
13178 124 2 318360037 0 0 79 0 0 0 84 42 0 0 0
13179 121 2 318360037 0 0 79 0 0 0 84 42 0 0 1
13180 101 2 318360037 0 0 79 0 0 0 84 42 0 0 2
13181 97 2 318360037 0 0 79 0 0 0 84 42 0 0 3
13182 114 2 318360037 0 0 79 0 0 0 84 42 0 0 4
13183 61 3 1641105746 0 0 1279 0 0 0 84 42 0 0 0
13184 49 3 1641105746 0 0 1279 0 0 0 84 42 0 0 0
13185 56 3 1641105746 0 0 1279 0 0 0 84 42 0 0 0
13186 48 3 1641105746 0 0 1279 0 0 0 84 42 0 0 0
13187 49 3 1641105746 0 0 1279 0 0 0 84 42 0 0 0
13188 125 4 1368491697 131072 0 1279 0 0 0 84 42 0 0 0
13189 125 4 1368491697 131072 0 1279 0 0 0 84 42 0 0 0
13190 32 4 1368491697 131072 0 1279 0 0 0 84 42 0 0 0
13191 115 4 1368491697 131072 0 1279 0 0 0 84 42 0 0 1
13192 97 4 1368491697 131072 0 1279 0 0 0 84 42 0 0 2
13193 105 4 1368491697 131072 0 1279 0 0 0 84 42 0 0 3
13194 100 4 1368491697 131072 0 1279 0 0 0 84 42 0 0 4
13195 58 5 2481602628 0 0 20479 0 0 0 84 42 0 0 0
13196 32 5 2481602628 0 0 20479 0 0 0 84 42 0 0 0
13197 34 5 2481602628 0 0 20479 0 0 0 84 42 0 0 0
13198 104 5 2481602628 0 0 20479 0 0 0 84 42 0 0 1
13199 101 5 2481602628 0 0 20479 0 0 0 84 42 0 0 2
13200 108 5 2481602628 0 0 20479 0 0 0 84 42 0 0 3
13201 108 5 2481602628 0 0 20479 0 0 0 84 42 0 0 4
13202 111 5 2481602628 0 0 20479 0 0 0 84 42 0 0 5
13203 44 6 933891823 0 0 327679 0 0 0 84 42 0 0 0
13204 32 6 933891823 0 0 327679 0 0 0 84 42 0 0 0
13205 119 6 933891823 0 0 327679 0 0 0 84 42 0 0 1
13206 111 6 933891823 0 0 327679 0 0 0 84 42 0 0 2
13207 114 6 933891823 0 0 327679 0 0 0 84 42 0 0 3
13208 108 6 933891823 0 0 327679 0 0 0 84 42 0 0 4
13209 100 6 933891823 0 0 327679 0 0 0 84 42 0 0 5
13210 33 7 1101113060 0 0 5242879 0 0 0 84 42 0 0 0
13211 34 7 1101113060 0 0 5242879 0 0 0 84 42 0 0 0
13212 10 0 0 0 0 0 0 0 0 0 42 0 0 0
13213 60 0 0 0 0 0 0 0 0 60 42 0 0 0
13214 114 0 0 0 0 0 0 0 0 60 42 0 0 1
13215 101 0 0 0 0 0 0 0 0 60 42 0 0 2
13216 102 0 0 0 0 0 0 0 0 60 42 0 0 3
13217 62 1 3099181254 0 0 15 0 0 0 60 42 0 0 0
13218 110 1 3099181254 0 0 15 0 0 0 60 42 0 0 1
13219 111 1 3099181254 0 0 15 0 0 0 60 42 0 0 2
13220 116 1 3099181254 0 0 15 0 0 0 60 42 0 0 3
13221 101 1 3099181254 0 0 15 0 0 0 60 42 0 0 4
13222 32 2 3693928933 0 0 255 0 0 0 60 42 0 0 0
13223 49 2 3693928933 0 0 255 0 0 0 60 42 0 0 0
13224 50 2 3693928933 0 0 255 0 0 0 60 42 0 0 0
13225 44 3 103146 131072 0 255 0 0 0 60 42 0 0 0
13226 51 3 103146 131072 0 255 0 0 0 60 42 0 0 0
13227 52 3 103146 131072 0 255 0 0 0 60 42 0 0 0
13228 53 3 103146 131072 0 255 0 0 0 60 42 0 0 0
13229 46 0 0 0 0 4080 0 0 0 60 42 0 0 0
13230 54 0 0 0 0 4080 0 0 0 60 42 0 0 0
13231 55 0 0 0 0 4080 0 0 0 60 42 0 0 0
13232 32 1 113671 131072 0 4080 0 0 0 60 42 0 0 0
13233 104 1 113671 131072 0 4080 0 0 0 60 42 0 0 1
13234 101 1 113671 131072 0 4080 0 0 0 60 42 0 0 2
13235 114 1 113671 131072 0 4080 0 0 0 60 42 0 0 3
13236 101 1 113671 131072 0 4080 0 0 0 60 42 0 0 4
13237 60 2 4109367333 0 0 65295 0 0 0 60 42 0 0 0
13238 47 2 4109367333 0 0 65295 0 0 0 60 42 0 0 0
13239 114 2 4109367333 0 0 65295 0 0 0 60 42 0 0 1
13240 101 2 4109367333 0 0 65295 0 0 0 60 42 0 0 2
13241 102 2 4109367333 0 0 65295 0 0 0 60 42 0 0 3
13242 62 3 3099181254 0 0 1044735 0 0 0 60 42 0 0 0
13243 10 0 0 0 0 0 0 0 0 0 42 0 0 0
13244 65 0 0 0 0 0 0 0 0 65 42 0 0 0
13245 32 0 0 0 0 0 0 0 0 65 42 0 0 0
13246 108 0 0 0 0 0 0 0 0 65 42 0 0 1
13247 105 0 0 0 0 0 0 0 0 65 42 0 0 2
13248 110 0 0 0 0 0 0 0 0 65 42 0 0 3
13249 101 0 0 0 0 0 0 0 0 65 42 0 0 4
13250 32 1 780174501 0 0 15 0 0 0 65 42 0 0 0
13251 119 1 780174501 0 0 15 0 0 0 65 42 0 0 1
13252 105 1 780174501 0 0 15 0 0 0 65 42 0 0 2
13253 116 1 780174501 0 0 15 0 0 0 65 42 0 0 3
13254 104 1 780174501 0 0 15 0 0 0 65 42 0 0 4
13255 32 2 3730819560 65536 0 248 0 0 0 65 42 0 0 0
13256 110 2 3730819560 65536 0 248 0 0 0 65 42 0 0 1
13257 117 2 3730819560 65536 0 248 0 0 0 65 42 0 0 2
13258 109 2 3730819560 65536 0 248 0 0 0 65 42 0 0 3
13259 98 2 3730819560 65536 0 248 0 0 0 65 42 0 0 4
13260 101 2 3730819560 65536 0 248 0 0 0 65 42 0 0 5
13261 114 2 3730819560 65536 0 248 0 0 0 65 42 0 0 6
13262 115 2 3730819560 65536 0 248 0 0 0 65 42 0 0 7
13263 32 3 3416096978 8 0 3978 0 0 0 65 42 0 0 0
13264 52 3 3416096978 8 0 3978 0 0 0 65 42 0 0 0
13265 50 3 3416096978 8 0 3978 0 0 0 65 42 0 0 0
13266 32 4 109458 131072 0 3978 0 0 0 65 42 0 0 0
13267 97 4 109458 131072 0 3978 0 0 0 65 42 0 0 1
13268 110 4 109458 131072 0 3978 0 0 0 65 42 0 0 2
13269 100 4 109458 131072 0 3978 0 0 0 65 42 0 0 3
13270 32 5 1895163044 32768 0 63655 0 0 0 65 42 0 0 0
13271 51 5 1895163044 32768 0 63655 0 0 0 65 42 0 0 0
13272 46 0 0 0 0 1018480 0 0 0 65 42 0 0 0
13273 49 0 0 0 0 1018480 0 0 0 65 42 0 0 0
13274 52 0 0 0 0 1018480 0 0 0 65 42 0 0 0
13275 32 1 103148 131072 0 1018480 0 0 0 65 42 0 0 0
13276 97 1 103148 131072 0 1018480 0 0 0 65 42 0 0 1
13277 110 1 103148 131072 0 1018480 0 0 0 65 42 0 0 2
13278 100 1 103148 131072 0 1018480 0 0 0 65 42 0 0 3
13279 32 2 1895163044 32768 0 16295687 0 0 0 65 42 0 0 0
13280 49 2 1895163044 32768 0 16295687 0 0 0 65 42 0 0 0
13281 44 3 49 131072 0 16295687 0 0 0 65 42 0 0 0
13282 48 3 49 131072 0 16295687 0 0 0 65 42 0 0 0
13283 48 3 49 131072 0 16295687 0 0 0 65 42 0 0 0
13284 48 3 49 131072 0 16295687 0 0 0 65 42 0 0 0
13285 46 0 0 0 0 260730992 0 0 0 65 42 0 0 0
13286 10 0 0 0 0 0 0 0 0 0 42 0 0 0
13287 38 0 0 0 0 0 0 0 0 38 42 0 0 0
13288 110 0 0 0 0 0 0 0 0 38 42 0 0 1
13289 98 0 0 0 0 0 0 0 0 38 42 0 0 2
13290 115 0 0 0 0 0 0 0 0 38 42 0 0 3
13291 112 0 0 0 0 0 0 0 0 38 42 0 0 4
13292 59 1 2773142800 0 0 15 0 0 0 38 42 0 0 0
13293 32 1 2773142800 0 0 15 0 0 0 38 42 0 0 0
13294 115 1 2773142800 0 0 15 0 0 0 38 42 0 0 1
13295 111 1 2773142800 0 0 15 0 0 0 38 42 0 0 2
13296 109 1 2773142800 0 0 15 0 0 0 38 42 0 0 3
13297 101 1 2773142800 0 0 15 0 0 0 38 42 0 0 4
13298 32 2 3473243077 0 0 255 0 0 0 38 42 0 0 0
13299 38 2 3473243077 0 0 255 0 0 0 38 42 0 0 0
13300 97 2 3473243077 0 0 255 0 0 0 38 42 0 0 1
13301 109 2 3473243077 0 0 255 0 0 0 38 42 0 0 2
13302 112 2 3473243077 0 0 255 0 0 0 38 42 0 0 3
13303 59 3 1895154640 0 0 4095 0 0 0 38 42 0 0 0
13304 32 3 1895154640 0 0 4095 0 0 0 38 42 0 0 0
13305 101 3 1895154640 0 0 4095 0 0 0 38 42 0 0 1
13306 110 3 1895154640 0 0 4095 0 0 0 38 42 0 0 2
13307 116 3 1895154640 0 0 4095 0 0 0 38 42 0 0 3
13308 105 3 1895154640 0 0 4095 0 0 0 38 42 0 0 4
13309 116 3 1895154640 0 0 4095 0 0 0 38 42 0 0 5
13310 105 3 1895154640 0 0 4095 0 0 0 38 42 0 0 6
13311 101 3 1895154640 0 0 4095 0 0 0 38 42 0 0 7
13312 115 3 1895154640 0 0 4095 0 0 0 38 42 0 0 8
13313 32 4 1475168745 8 0 65530 0 0 0 38 42 0 0 0
13314 38 4 1475168745 8 0 65530 0 0 0 38 42 0 0 0
13315 108 4 1475168745 8 0 65530 0 0 0 38 42 0 0 1
13316 116 4 1475168745 8 0 65530 0 0 0 38 42 0 0 2
13317 59 5 1118458612 0 0 1048495 0 0 0 38 42 0 0 0
13318 116 5 1118458612 0 0 1048495 0 0 0 38 42 0 0 1
13319 97 5 1118458612 0 0 1048495 0 0 0 38 42 0 0 2
13320 103 5 1118458612 0 0 1048495 0 0 0 38 42 0 0 3
13321 38 6 3240805703 0 0 16775935 0 0 0 38 42 0 0 0
13322 103 6 3240805703 0 0 16775935 0 0 0 38 42 0 0 1
13323 116 6 3240805703 0 0 16775935 0 0 0 38 42 0 0 2
13324 59 7 1118416532 0 0 268414975 0 0 0 38 42 0 0 0
13325 10 0 0 0 0 0 0 0 0 0 42 0 0 0
13326 100 0 0 0 0 0 0 0 0 96 96 0 0 1
13327 111 0 0 0 0 0 0 0 0 96 96 0 0 2
13328 110 0 0 0 0 0 0 0 0 96 96 0 0 3
13329 39 0 0 0 0 0 0 0 0 96 96 0 0 4
13330 116 0 0 0 0 0 0 0 0 96 96 0 0 5
13331 32 1 1118391279 1024 0 13 0 0 0 96 96 0 0 0
13332 99 1 1118391279 1024 0 13 0 0 0 96 96 0 0 1
13333 97 1 1118391279 1024 0 13 0 0 0 96 96 0 0 2
13334 110 1 1118391279 1024 0 13 0 0 0 96 96 0 0 3
13335 39 1 1118391279 1024 0 13 0 0 0 96 96 0 0 4
13336 116 1 1118391279 1024 0 13 0 0 0 96 96 0 0 5
13337 32 2 2036711758 1024 0 221 0 0 0 96 96 0 0 0
13338 105 2 2036711758 1024 0 221 0 0 0 96 96 0 0 1
13339 116 2 2036711758 1024 0 221 0 0 0 96 96 0 0 2
13340 39 2 2036711758 1024 0 221 0 0 0 96 96 0 0 3
13341 115 2 2036711758 1024 0 221 0 0 0 96 96 0 0 4
13342 32 3 1118433364 1048584 0 3546 0 0 0 96 96 0 0 0
13343 116 3 1118433364 1048584 0 3546 0 0 0 96 96 0 0 1
13344 104 3 1118433364 1048584 0 3546 0 0 0 96 96 0 0 2
13345 101 3 1118433364 1048584 0 3546 0 0 0 96 96 0 0 3
13346 32 4 3240864613 16384 0 56742 0 0 0 96 96 0 0 0
13347 99 4 3240864613 16384 0 56742 0 0 0 96 96 0 0 1
13348 97 4 3240864613 16384 0 56742 0 0 0 96 96 0 0 2
13349 116 4 3240864613 16384 0 56742 0 0 0 96 96 0 0 3
13350 32 4 2036711764 2 0 907874 0 0 0 96 96 0 0 0
13351 115 4 2036711764 2 0 907874 0 0 0 96 96 0 0 1
13352 97 4 2036711764 2 0 907874 0 0 0 96 96 0 0 2
13353 116 4 2036711764 2 0 907874 0 0 0 96 96 0 0 3
13354 32 5 3169976660 0 0 14525999 0 0 0 96 96 0 0 0
13355 111 5 3169976660 0 0 14525999 0 0 0 96 96 0 0 1
13356 110 5 3169976660 0 0 14525999 0 0 0 96 96 0 0 2
13357 32 6 1118483854 65536 0 232415992 0 0 0 96 96 0 0 0
13358 116 6 1118483854 65536 0 232415992 0 0 0 96 96 0 0 1
13359 104 6 1118483854 65536 0 232415992 0 0 0 96 96 0 0 2
13360 101 6 1118483854 65536 0 232415992 0 0 0 96 96 0 0 3
13361 32 7 3240864613 16384 0 3718655878 0 0 0 96 96 0 0 0
13362 109 7 3240864613 16384 0 3718655878 0 0 0 96 96 0 0 1
13363 97 7 3240864613 16384 0 3718655878 0 0 0 96 96 0 0 2
13364 116 7 3240864613 16384 0 3718655878 0 0 0 96 96 0 0 3
13365 46 0 0 0 0 2788132384 0 0 0 96 96 0 0 0
13366 10 0 0 0 0 0 0 0 0 0 96 0 0 0
13367 182 0 0 0 0 0 0 0 0 96 96 0 0 0
13368 205 0 0 0 0 0 0 0 0 96 96 0 0 0
13369 248 0 0 0 0 0 0 0 0 96 96 0 0 0
13370 10 0 0 0 0 0 0 0 0 0 96 0 0 0
13371 223 0 0 0 0 0 0 0 0 96 96 0 0 0
13372 176 0 0 0 0 0 0 0 0 96 96 0 0 0
13373 32 0 0 0 0 0 0 0 0 96 96 0 0 0
13374 139 0 0 0 0 0 0 0 0 96 96 0 0 0
13375 133 0 0 0 0 0 0 0 0 96 96 0 0 0
13376 32 0 0 0 0 0 0 0 0 96 96 0 0 0
13377 198 0 0 0 0 0 0 0 0 96 96 0 0 0
13378 44 0 0 0 0 0 0 0 0 96 96 0 0 0
13379 192 0 0 0 0 0 0 0 0 96 96 0 0 0
13380 194 0 0 0 0 0 0 0 0 96 96 0 0 0
13381 207 0 0 0 0 0 0 0 0 96 96 0 0 0
13382 32 0 0 0 0 0 0 0 0 96 96 0 0 0
13383 229 0 0 0 0 0 0 0 0 96 96 0 0 0
13384 181 0 0 0 0 0 0 0 0 96 96 0 0 0
13385 10 0 0 0 0 0 0 0 0 0 96 0 0 0
13386 192 0 0 0 0 0 0 0 0 96 96 0 0 0
13387 32 0 0 0 0 0 0 0 0 96 96 0 0 0
13388 166 0 0 0 0 0 0 0 0 96 96 0 0 0
13389 210 0 0 0 0 0 0 0 0 96 96 0 0 0
13390 241 0 0 0 0 0 0 0 0 96 96 0 0 0
13391 44 0 0 0 0 0 0 0 0 96 96 0 0 0
13392 119 0 0 0 0 0 0 0 0 96 96 0 0 1
13393 111 0 0 0 0 0 0 0 0 96 96 0 0 2
13394 114 0 0 0 0 0 0 0 0 96 96 0 0 3
13395 100 0 0 0 0 0 0 0 0 96 96 0 0 4
13396 51 1 4155777060 0 0 15 0 0 0 96 96 0 0 0
13397 54 1 4155777060 0 0 15 0 0 0 96 96 0 0 0
13398 32 2 107358 131072 0 15 0 0 0 96 96 0 0 0
13399 97 2 107358 131072 0 15 0 0 0 96 96 0 0 1
13400 110 2 107358 131072 0 15 0 0 0 96 96 0 0 2
13401 111 2 107358 131072 0 15 0 0 0 96 96 0 0 3
13402 116 2 107358 131072 0 15 0 0 0 96 96 0 0 4
13403 104 2 107358 131072 0 15 0 0 0 96 96 0 0 5
13404 101 2 107358 131072 0 15 0 0 0 96 96 0 0 6
13405 114 2 107358 131072 0 15 0 0 0 96 96 0 0 7
13406 32 3 91021800 0 0 255 0 0 0 96 96 0 0 0
13407 91 3 91021800 0 0 255 0 0 0 96 91 0 0 0
13408 91 3 91021800 0 0 255 0 0 0 96 91 0 0 0
13409 65 3 91021800 0 0 255 0 0 0 96 91 0 0 0
13410 110 3 91021800 0 0 255 0 0 0 96 91 0 0 1
13411 110 3 91021800 0 0 255 0 0 0 96 91 0 0 2
13412 97 3 91021800 0 0 255 0 0 0 96 91 0 0 3
13413 93 4 2815940769 0 0 4095 0 0 0 96 91 0 0 0
13414 93 4 2815940769 0 0 4095 0 0 0 96 96 0 0 0
13415 32 4 2815940769 0 0 4095 0 0 0 96 96 0 0 0
13416 119 4 2815940769 0 0 4095 0 0 0 96 96 0 0 1
13417 97 4 2815940769 0 0 4095 0 0 0 96 96 0 0 2
13418 115 4 2815940769 0 0 4095 0 0 0 96 96 0 0 3
13419 32 5 3453292883 1 0 65521 3453292883 0 0 96 96 0 0 0
13420 97 5 3453292883 1 0 65521 3453292883 0 0 96 96 0 0 1
13421 32 6 1950627777 16384 0 1048342 3453292883 0 0 96 96 0 0 0
13422 39 6 1950627777 16384 0 1048342 3453292883 0 0 96 96 0 0 1
13423 39 7 1950627719 0 0 16773487 3453292883 0 0 96 96 0 0 0
13424 39 7 1950627719 0 0 16773487 3453292883 0 0 96 96 0 0 0
13425 113 7 1950627719 0 0 16773487 3453292883 0 0 96 96 0 0 1
13426 117 7 1950627719 0 0 16773487 3453292883 0 0 96 96 0 0 2
13427 101 7 1950627719 0 0 16773487 3453292883 0 0 96 96 0 0 3
13428 101 7 1950627719 0 0 16773487 3453292883 0 0 96 96 0 0 4
13429 110 7 1950627719 0 0 16773487 3453292883 0 0 96 96 0 0 5
13430 39 7 1950627719 0 0 16773487 3453292883 0 0 96 96 0 0 6
13431 39 8 3278097614 8 0 268375802 3453292883 0 0 96 96 0 0 0
13432 39 8 3278097614 8 0 268375802 3453292883 0 0 96 96 0 0 0
13433 32 8 3278097614 8 0 268375802 3453292883 0 0 96 96 0 0 0
13434 111 8 3278097614 8 0 268375802 3453292883 0 0 96 96 0 0 1
13435 102 8 3278097614 8 0 268375802 3453292883 0 0 96 96 0 0 2
13436 32 9 1118483846 65536 0 4294012840 3453292883 0 0 96 96 0 0 0
13437 91 9 1118483846 65536 0 4294012840 3453292883 0 0 96 91 0 0 0
13438 91 9 1118483846 65536 0 4294012840 3453292883 0 0 96 91 0 0 0
13439 70 9 1118483846 65536 0 4294012840 3453292883 0 0 96 91 0 0 0
13440 114 9 1118483846 65536 0 4294012840 3453292883 0 0 96 91 0 0 1
13441 97 9 1118483846 65536 0 4294012840 3453292883 0 0 96 91 0 0 2
13442 110 9 1118483846 65536 0 4294012840 3453292883 0 0 96 91 0 0 3
13443 99 9 1118483846 65536 0 4294012840 3453292883 0 0 96 91 0 0 4
13444 101 9 1118483846 65536 0 4294012840 3453292883 0 0 96 91 0 0 5
13445 93 10 3384763555 0 0 4279696015 3453292883 0 0 96 91 0 0 0
13446 93 10 3384763555 0 0 4279696015 3453292883 0 0 96 96 0 0 0
13447 32 10 3384763555 0 0 4279696015 3453292883 0 0 96 96 0 0 0
13448 105 10 3384763555 0 0 4279696015 3453292883 0 0 96 96 0 0 1
13449 110 10 3384763555 0 0 4279696015 3453292883 0 0 96 96 0 0 2
13450 32 11 1118433358 65536 0 4050626808 3453292883 0 0 96 96 0 0 0
13451 49 11 1118433358 65536 0 4050626808 3453292883 0 0 96 96 0 0 0
13452 55 11 1118433358 65536 0 4050626808 3453292883 0 0 96 96 0 0 0
13453 56 11 1118433358 65536 0 4050626808 3453292883 0 0 96 96 0 0 0
13454 57 11 1118433358 65536 0 4050626808 3453292883 0 0 96 96 0 0 0
13455 46 0 0 0 0 385519488 3453292883 0 0 96 96 0 0 0
13456 10 0 0 0 0 0 0 0 0 0 96 0 0 0
13457 61 0 0 0 0 0 0 0 0 61 96 0 0 0
13458 61 0 0 0 0 0 0 0 0 61 96 0 0 0
13459 32 0 0 0 0 0 0 0 0 61 96 0 0 0
13460 72 0 0 0 0 0 0 0 0 61 96 0 0 0
13461 105 0 0 0 0 0 0 0 0 61 96 0 0 1
13462 115 0 0 0 0 0 0 0 0 61 96 0 0 2
13463 116 0 0 0 0 0 0 0 0 61 96 0 0 3
13464 111 0 0 0 0 0 0 0 0 61 96 0 0 4
13465 114 0 0 0 0 0 0 0 0 61 96 0 0 5
13466 121 0 0 0 0 0 0 0 0 61 96 0 0 6
13467 32 1 1469161513 0 0 15 0 0 0 61 96 0 0 0
13468 61 1 1469161513 0 0 15 0 0 0 61 96 0 0 0
13469 61 1 1469161513 0 0 15 0 0 0 61 96 0 0 0
13470 10 0 0 0 0 0 0 0 0 0 96 0 0 0
13471 42 0 0 0 0 0 0 0 0 42 42 0 0 0
13472 32 0 0 0 0 0 0 0 0 42 42 0 0 0
13473 105 0 0 0 0 0 0 0 0 96 42 0 0 1
13474 116 0 0 0 0 0 0 0 0 96 42 0 0 2
13475 101 0 0 0 0 0 0 0 0 96 42 0 0 3
13476 109 0 0 0 0 0 0 0 0 96 42 0 0 4
13477 32 1 4268574925 0 0 15 0 0 0 96 42 0 0 0
13478 111 1 4268574925 0 0 15 0 0 0 96 42 0 0 1
13479 110 1 4268574925 0 0 15 0 0 0 96 42 0 0 2
13480 101 1 4268574925 0 0 15 0 0 0 96 42 0 0 3
13481 32 2 2886769829 131072 0 254 0 0 0 96 42 0 0 0
13482 40 2 2886769829 131072 0 254 0 0 0 96 42 0 0 0
13483 102 2 2886769829 131072 0 254 0 0 0 96 42 0 0 1
13484 105 2 2886769829 131072 0 254 0 0 0 96 42 0 0 2
13485 114 2 2886769829 131072 0 254 0 0 0 96 42 0 0 3
13486 115 2 2886769829 131072 0 254 0 0 0 96 42 0 0 4
13487 116 2 2886769829 131072 0 254 0 0 0 96 42 0 0 5
13488 41 2 2886769829 131072 0 65264 0 0 0 96 42 0 0 0
13489 10 0 0 0 0 0 0 0 0 0 42 0 0 0
13490 42 0 0 0 0 0 0 0 0 42 42 0 0 0
13491 32 0 0 0 0 0 0 0 0 42 42 0 0 0
13492 105 0 0 0 0 0 0 0 0 96 42 0 0 1
13493 116 0 0 0 0 0 0 0 0 96 42 0 0 2
13494 101 0 0 0 0 0 0 0 0 96 42 0 0 3
13495 109 0 0 0 0 0 0 0 0 96 42 0 0 4
13496 32 1 4268574925 0 0 15 0 0 0 96 42 0 0 0
13497 116 1 4268574925 0 0 15 0 0 0 96 42 0 0 1
13498 119 1 4268574925 0 0 15 0 0 0 96 42 0 0 2
13499 111 1 4268574925 0 0 15 0 0 0 96 42 0 0 3
13500 32 2 3240990863 131072 0 254 0 0 0 96 42 0 0 0
13501 91 2 3240990863 131072 0 254 0 0 0 96 91 0 0 0
13502 104 2 3240990863 131072 0 254 0 0 0 96 91 0 0 1
13503 116 2 3240990863 131072 0 254 0 0 0 96 91 0 0 2
13504 116 2 3240990863 131072 0 254 0 0 0 96 91 0 0 3
13505 112 2 3240990863 131072 0 254 0 0 0 96 91 0 0 4
13506 58 3 876852720 0 0 4079 0 0 0 96 91 0 0 0
13507 47 3 876852720 0 0 4079 0 0 0 96 91 0 0 0
13508 47 3 876852720 0 0 4079 0 0 0 96 91 0 0 0
13509 101 3 876852720 0 0 4079 0 0 0 96 91 0 0 1
13510 120 3 876852720 0 0 4079 0 0 0 96 91 0 0 2
13511 97 3 876852720 0 0 4079 0 0 0 96 91 0 0 3
13512 109 3 876852720 0 0 4079 0 0 0 96 91 0 0 4
13513 112 3 876852720 0 0 4079 0 0 0 96 91 0 0 5
13514 108 3 876852720 0 0 4079 0 0 0 96 91 0 0 6
13515 101 3 876852720 0 0 4079 0 0 0 96 91 0 0 7
13516 46 4 3291829868 0 0 1044464 0 0 0 96 91 0 0 0
13517 111 4 3291829868 0 0 1044464 0 0 0 96 91 0 0 1
13518 114 4 3291829868 0 0 1044464 0 0 0 96 91 0 0 2
13519 103 4 3291829868 0 0 1044464 0 0 0 96 91 0 0 3
13520 32 5 2886803495 0 0 16711439 0 0 0 96 91 0 0 0
13521 108 5 2886803495 0 0 16711439 0 0 0 96 91 0 0 1
13522 105 5 2886803495 0 0 16711439 0 0 0 96 91 0 0 2
13523 110 5 2886803495 0 0 16711439 0 0 0 96 91 0 0 3
13524 107 5 2886803495 0 0 16711439 0 0 0 96 91 0 0 4
13525 93 6 780174507 0 0 267383039 0 0 0 96 42 0 0 0
13526 32 6 780174507 0 0 267383039 0 0 1 64 42 0 0 0
13527 116 6 780174507 0 0 267383039 0 0 1 64 42 0 0 1
13528 101 6 780174507 0 0 267383039 0 0 1 64 42 0 0 2
13529 120 6 780174507 0 0 267383039 0 0 1 64 42 0 0 3
13530 116 6 780174507 0 0 267383039 0 0 1 64 42 0 0 4
13531 10 0 0 0 0 0 0 0 0 0 42 0 0 0
13532 84 0 0 0 0 0 0 0 0 84 42 0 0 0
13533 104 0 0 0 0 0 0 0 0 84 42 0 0 1
13534 101 0 0 0 0 0 0 0 0 84 42 0 0 2
13535 32 1 1118424933 2048 0 4 0 0 0 84 42 0 0 0
13536 123 1 1118424933 2048 0 4 0 0 0 84 42 0 0 0
13537 123 1 1118424933 2048 0 4 0 0 0 84 42 0 0 0
13538 99 1 1118424933 2048 0 4 0 0 0 84 42 0 0 1
13539 105 1 1118424933 2048 0 4 0 0 0 84 42 0 0 2
13540 116 1 1118424933 2048 0 4 0 0 0 84 42 0 0 3
13541 101 1 1118424933 2048 0 4 0 0 0 84 42 0 0 4
13542 124 2 318360037 0 0 79 0 0 0 84 42 0 0 0
13543 121 2 318360037 0 0 79 0 0 0 84 42 0 0 1
13544 101 2 318360037 0 0 79 0 0 0 84 42 0 0 2
13545 97 2 318360037 0 0 79 0 0 0 84 42 0 0 3
13546 114 2 318360037 0 0 79 0 0 0 84 42 0 0 4
13547 61 3 1641105746 0 0 1279 0 0 0 84 42 0 0 0
13548 49 3 1641105746 0 0 1279 0 0 0 84 42 0 0 0
13549 56 3 1641105746 0 0 1279 0 0 0 84 42 0 0 0
13550 48 3 1641105746 0 0 1279 0 0 0 84 42 0 0 0
13551 49 3 1641105746 0 0 1279 0 0 0 84 42 0 0 0
13552 125 4 1368491697 131072 0 1279 0 0 0 84 42 0 0 0
13553 125 4 1368491697 131072 0 1279 0 0 0 84 42 0 0 0
13554 32 4 1368491697 131072 0 1279 0 0 0 84 42 0 0 0
13555 115 4 1368491697 131072 0 1279 0 0 0 84 42 0 0 1
13556 97 4 1368491697 131072 0 1279 0 0 0 84 42 0 0 2
13557 105 4 1368491697 131072 0 1279 0 0 0 84 42 0 0 3
13558 100 4 1368491697 131072 0 1279 0 0 0 84 42 0 0 4
13559 58 5 2481602628 0 0 20479 0 0 0 84 42 0 0 0
13560 32 5 2481602628 0 0 20479 0 0 0 84 42 0 0 0
13561 34 5 2481602628 0 0 20479 0 0 0 84 42 0 0 0
13562 104 5 2481602628 0 0 20479 0 0 0 84 42 0 0 1
13563 101 5 2481602628 0 0 20479 0 0 0 84 42 0 0 2
13564 108 5 2481602628 0 0 20479 0 0 0 84 42 0 0 3
13565 108 5 2481602628 0 0 20479 0 0 0 84 42 0 0 4
13566 111 5 2481602628 0 0 20479 0 0 0 84 42 0 0 5
13567 44 6 933891823 0 0 327679 0 0 0 84 42 0 0 0
13568 32 6 933891823 0 0 327679 0 0 0 84 42 0 0 0
13569 119 6 933891823 0 0 327679 0 0 0 84 42 0 0 1
13570 111 6 933891823 0 0 327679 0 0 0 84 42 0 0 2
13571 114 6 933891823 0 0 327679 0 0 0 84 42 0 0 3
13572 108 6 933891823 0 0 327679 0 0 0 84 42 0 0 4
13573 100 6 933891823 0 0 327679 0 0 0 84 42 0 0 5
13574 33 7 1101113060 0 0 5242879 0 0 0 84 42 0 0 0
13575 34 7 1101113060 0 0 5242879 0 0 0 84 42 0 0 0
13576 10 0 0 0 0 0 0 0 0 0 42 0 0 0
13577 60 0 0 0 0 0 0 0 0 60 42 0 0 0
13578 114 0 0 0 0 0 0 0 0 60 42 0 0 1
13579 101 0 0 0 0 0 0 0 0 60 42 0 0 2
13580 102 0 0 0 0 0 0 0 0 60 42 0 0 3
13581 62 1 3099181254 0 0 15 0 0 0 60 42 0 0 0
13582 110 1 3099181254 0 0 15 0 0 0 60 42 0 0 1
13583 111 1 3099181254 0 0 15 0 0 0 60 42 0 0 2
13584 116 1 3099181254 0 0 15 0 0 0 60 42 0 0 3
13585 101 1 3099181254 0 0 15 0 0 0 60 42 0 0 4
13586 32 2 3693928933 0 0 255 0 0 0 60 42 0 0 0
13587 49 2 3693928933 0 0 255 0 0 0 60 42 0 0 0
13588 50 2 3693928933 0 0 255 0 0 0 60 42 0 0 0
13589 44 3 103146 131072 0 255 0 0 0 60 42 0 0 0
13590 51 3 103146 131072 0 255 0 0 0 60 42 0 0 0
13591 52 3 103146 131072 0 255 0 0 0 60 42 0 0 0
13592 53 3 103146 131072 0 255 0 0 0 60 42 0 0 0
13593 46 0 0 0 0 4080 0 0 0 60 42 0 0 0
13594 54 0 0 0 0 4080 0 0 0 60 42 0 0 0
13595 55 0 0 0 0 4080 0 0 0 60 42 0 0 0
13596 32 1 113671 131072 0 4080 0 0 0 60 42 0 0 0
13597 104 1 113671 131072 0 4080 0 0 0 60 42 0 0 1
13598 101 1 113671 131072 0 4080 0 0 0 60 42 0 0 2
13599 114 1 113671 131072 0 4080 0 0 0 60 42 0 0 3
13600 101 1 113671 131072 0 4080 0 0 0 60 42 0 0 4
13601 60 2 4109367333 0 0 65295 0 0 0 60 42 0 0 0
13602 47 2 4109367333 0 0 65295 0 0 0 60 42 0 0 0
13603 114 2 4109367333 0 0 65295 0 0 0 60 42 0 0 1
13604 101 2 4109367333 0 0 65295 0 0 0 60 42 0 0 2
13605 102 2 4109367333 0 0 65295 0 0 0 60 42 0 0 3
13606 62 3 3099181254 0 0 1044735 0 0 0 60 42 0 0 0
13607 10 0 0 0 0 0 0 0 0 0 42 0 0 0
13608 65 0 0 0 0 0 0 0 0 65 42 0 0 0
13609 32 0 0 0 0 0 0 0 0 65 42 0 0 0
13610 108 0 0 0 0 0 0 0 0 65 42 0 0 1
13611 105 0 0 0 0 0 0 0 0 65 42 0 0 2
13612 110 0 0 0 0 0 0 0 0 65 42 0 0 3
13613 101 0 0 0 0 0 0 0 0 65 42 0 0 4
13614 32 1 780174501 0 0 15 0 0 0 65 42 0 0 0
13615 119 1 780174501 0 0 15 0 0 0 65 42 0 0 1
13616 105 1 780174501 0 0 15 0 0 0 65 42 0 0 2
13617 116 1 780174501 0 0 15 0 0 0 65 42 0 0 3
13618 104 1 780174501 0 0 15 0 0 0 65 42 0 0 4
13619 32 2 3730819560 65536 0 248 0 0 0 65 42 0 0 0
13620 110 2 3730819560 65536 0 248 0 0 0 65 42 0 0 1
13621 117 2 3730819560 65536 0 248 0 0 0 65 42 0 0 2
13622 109 2 3730819560 65536 0 248 0 0 0 65 42 0 0 3
13623 98 2 3730819560 65536 0 248 0 0 0 65 42 0 0 4
13624 101 2 3730819560 65536 0 248 0 0 0 65 42 0 0 5
13625 114 2 3730819560 65536 0 248 0 0 0 65 42 0 0 6
13626 115 2 3730819560 65536 0 248 0 0 0 65 42 0 0 7
13627 32 3 3416096978 8 0 3978 0 0 0 65 42 0 0 0
13628 52 3 3416096978 8 0 3978 0 0 0 65 42 0 0 0
13629 50 3 3416096978 8 0 3978 0 0 0 65 42 0 0 0
13630 32 4 109458 131072 0 3978 0 0 0 65 42 0 0 0
13631 97 4 109458 131072 0 3978 0 0 0 65 42 0 0 1
13632 110 4 109458 131072 0 3978 0 0 0 65 42 0 0 2
13633 100 4 109458 131072 0 3978 0 0 0 65 42 0 0 3
13634 32 5 1895163044 32768 0 63655 0 0 0 65 42 0 0 0
13635 51 5 1895163044 32768 0 63655 0 0 0 65 42 0 0 0
13636 46 0 0 0 0 1018480 0 0 0 65 42 0 0 0
13637 49 0 0 0 0 1018480 0 0 0 65 42 0 0 0
13638 52 0 0 0 0 1018480 0 0 0 65 42 0 0 0
13639 32 1 103148 131072 0 1018480 0 0 0 65 42 0 0 0
13640 97 1 103148 131072 0 1018480 0 0 0 65 42 0 0 1
13641 110 1 103148 131072 0 1018480 0 0 0 65 42 0 0 2
13642 100 1 103148 131072 0 1018480 0 0 0 65 42 0 0 3
13643 32 2 1895163044 32768 0 16295687 0 0 0 65 42 0 0 0
13644 49 2 1895163044 32768 0 16295687 0 0 0 65 42 0 0 0
13645 44 3 49 131072 0 16295687 0 0 0 65 42 0 0 0
13646 48 3 49 131072 0 16295687 0 0 0 65 42 0 0 0
13647 48 3 49 131072 0 16295687 0 0 0 65 42 0 0 0
13648 48 3 49 131072 0 16295687 0 0 0 65 42 0 0 0
13649 46 0 0 0 0 260730992 0 0 0 65 42 0 0 0
13650 10 0 0 0 0 0 0 0 0 0 42 0 0 0
13651 38 0 0 0 0 0 0 0 0 38 42 0 0 0
13652 110 0 0 0 0 0 0 0 0 38 42 0 0 1
13653 98 0 0 0 0 0 0 0 0 38 42 0 0 2
13654 115 0 0 0 0 0 0 0 0 38 42 0 0 3
13655 112 0 0 0 0 0 0 0 0 38 42 0 0 4
13656 59 1 2773142800 0 0 15 0 0 0 38 42 0 0 0
13657 32 1 2773142800 0 0 15 0 0 0 38 42 0 0 0
13658 115 1 2773142800 0 0 15 0 0 0 38 42 0 0 1
13659 111 1 2773142800 0 0 15 0 0 0 38 42 0 0 2
13660 109 1 2773142800 0 0 15 0 0 0 38 42 0 0 3
13661 101 1 2773142800 0 0 15 0 0 0 38 42 0 0 4
13662 32 2 3473243077 0 0 255 0 0 0 38 42 0 0 0
13663 38 2 3473243077 0 0 255 0 0 0 38 42 0 0 0
13664 97 2 3473243077 0 0 255 0 0 0 38 42 0 0 1
13665 109 2 3473243077 0 0 255 0 0 0 38 42 0 0 2
13666 112 2 3473243077 0 0 255 0 0 0 38 42 0 0 3
13667 59 3 1895154640 0 0 4095 0 0 0 38 42 0 0 0
13668 32 3 1895154640 0 0 4095 0 0 0 38 42 0 0 0
13669 101 3 1895154640 0 0 4095 0 0 0 38 42 0 0 1
13670 110 3 1895154640 0 0 4095 0 0 0 38 42 0 0 2
13671 116 3 1895154640 0 0 4095 0 0 0 38 42 0 0 3
13672 105 3 1895154640 0 0 4095 0 0 0 38 42 0 0 4
13673 116 3 1895154640 0 0 4095 0 0 0 38 42 0 0 5
13674 105 3 1895154640 0 0 4095 0 0 0 38 42 0 0 6
13675 101 3 1895154640 0 0 4095 0 0 0 38 42 0 0 7
13676 115 3 1895154640 0 0 4095 0 0 0 38 42 0 0 8
13677 32 4 1475168745 8 0 65530 0 0 0 38 42 0 0 0
13678 38 4 1475168745 8 0 65530 0 0 0 38 42 0 0 0
13679 108 4 1475168745 8 0 65530 0 0 0 38 42 0 0 1
13680 116 4 1475168745 8 0 65530 0 0 0 38 42 0 0 2
13681 59 5 1118458612 0 0 1048495 0 0 0 38 42 0 0 0
13682 116 5 1118458612 0 0 1048495 0 0 0 38 42 0 0 1
13683 97 5 1118458612 0 0 1048495 0 0 0 38 42 0 0 2
13684 103 5 1118458612 0 0 1048495 0 0 0 38 42 0 0 3
13685 38 6 3240805703 0 0 16775935 0 0 0 38 42 0 0 0
13686 103 6 3240805703 0 0 16775935 0 0 0 38 42 0 0 1
13687 116 6 3240805703 0 0 16775935 0 0 0 38 42 0 0 2
13688 59 7 1118416532 0 0 268414975 0 0 0 38 42 0 0 0
13689 10 0 0 0 0 0 0 0 0 0 42 0 0 0
13690 100 0 0 0 0 0 0 0 0 96 96 0 0 1
13691 111 0 0 0 0 0 0 0 0 96 96 0 0 2
13692 110 0 0 0 0 0 0 0 0 96 96 0 0 3
13693 39 0 0 0 0 0 0 0 0 96 96 0 0 4
13694 116 0 0 0 0 0 0 0 0 96 96 0 0 5
13695 32 1 1118391279 1024 0 13 0 0 0 96 96 0 0 0
13696 99 1 1118391279 1024 0 13 0 0 0 96 96 0 0 1
13697 97 1 1118391279 1024 0 13 0 0 0 96 96 0 0 2
13698 110 1 1118391279 1024 0 13 0 0 0 96 96 0 0 3
13699 39 1 1118391279 1024 0 13 0 0 0 96 96 0 0 4
13700 116 1 1118391279 1024 0 13 0 0 0 96 96 0 0 5
13701 32 2 2036711758 1024 0 221 0 0 0 96 96 0 0 0
13702 105 2 2036711758 1024 0 221 0 0 0 96 96 0 0 1
13703 116 2 2036711758 1024 0 221 0 0 0 96 96 0 0 2
13704 39 2 2036711758 1024 0 221 0 0 0 96 96 0 0 3
13705 115 2 2036711758 1024 0 221 0 0 0 96 96 0 0 4
13706 32 3 1118433364 1048584 0 3546 0 0 0 96 96 0 0 0
13707 116 3 1118433364 1048584 0 3546 0 0 0 96 96 0 0 1
13708 104 3 1118433364 1048584 0 3546 0 0 0 96 96 0 0 2
13709 101 3 1118433364 1048584 0 3546 0 0 0 96 96 0 0 3
13710 32 4 3240864613 16384 0 56742 0 0 0 96 96 0 0 0
13711 99 4 3240864613 16384 0 56742 0 0 0 96 96 0 0 1
13712 97 4 3240864613 16384 0 56742 0 0 0 96 96 0 0 2
13713 116 4 3240864613 16384 0 56742 0 0 0 96 96 0 0 3
13714 32 4 2036711764 2 0 907874 0 0 0 96 96 0 0 0
13715 115 4 2036711764 2 0 907874 0 0 0 96 96 0 0 1
13716 97 4 2036711764 2 0 907874 0 0 0 96 96 0 0 2
13717 116 4 2036711764 2 0 907874 0 0 0 96 96 0 0 3
13718 32 5 3169976660 0 0 14525999 0 0 0 96 96 0 0 0
13719 111 5 3169976660 0 0 14525999 0 0 0 96 96 0 0 1
13720 110 5 3169976660 0 0 14525999 0 0 0 96 96 0 0 2
13721 32 6 1118483854 65536 0 232415992 0 0 0 96 96 0 0 0
13722 116 6 1118483854 65536 0 232415992 0 0 0 96 96 0 0 1
13723 104 6 1118483854 65536 0 232415992 0 0 0 96 96 0 0 2
13724 101 6 1118483854 65536 0 232415992 0 0 0 96 96 0 0 3
13725 32 7 3240864613 16384 0 3718655878 0 0 0 96 96 0 0 0
13726 109 7 3240864613 16384 0 3718655878 0 0 0 96 96 0 0 1
13727 97 7 3240864613 16384 0 3718655878 0 0 0 96 96 0 0 2
13728 116 7 3240864613 16384 0 3718655878 0 0 0 96 96 0 0 3
13729 46 0 0 0 0 2788132384 0 0 0 96 96 0 0 0
13730 10 0 0 0 0 0 0 0 0 0 96 0 0 0
13731 140 0 0 0 0 0 0 0 0 96 96 0 0 0
13732 140 0 0 0 0 0 0 0 0 96 96 0 0 0
13733 177 0 0 0 0 0 0 0 0 96 96 0 0 0
13734 32 0 0 0 0 0 0 0 0 96 96 0 0 0
13735 200 0 0 0 0 0 0 0 0 96 96 0 0 0
13736 241 0 0 0 0 0 0 0 0 96 96 0 0 0
13737 131 0 0 0 0 0 0 0 0 96 96 0 0 0
13738 10 0 0 0 0 0 0 0 0 0 96 0 0 0
13739 140 0 0 0 0 0 0 0 0 96 96 0 0 0
13740 148 0 0 0 0 0 0 0 0 96 96 0 0 0
13741 32 0 0 0 0 0 0 0 0 96 96 0 0 0
13742 140 0 0 0 0 0 0 0 0 96 96 0 0 0
13743 44 0 0 0 0 0 0 0 0 96 96 0 0 0
13744 195 0 0 0 0 0 0 0 0 96 96 0 0 0
13745 46 0 0 0 0 0 0 0 0 96 96 0 0 0
13746 210 0 0 0 0 0 0 0 0 96 96 0 0 0
13747 32 0 0 0 0 0 0 0 0 96 96 0 0 0
13748 137 0 0 0 0 0 0 0 0 96 96 0 0 0
13749 32 0 0 0 0 0 0 0 0 96 96 0 0 0
13750 226 0 0 0 0 0 0 0 0 96 96 0 0 0
13751 234 0 0 0 0 0 0 0 0 96 96 0 0 0
13752 171 0 0 0 0 0 0 0 0 96 96 0 0 0
13753 32 0 0 0 0 0 0 0 0 96 96 0 0 0
13754 119 0 0 0 0 0 0 0 0 96 96 0 0 1
13755 111 0 0 0 0 0 0 0 0 96 96 0 0 2
13756 114 0 0 0 0 0 0 0 0 96 96 0 0 3
13757 100 0 0 0 0 0 0 0 0 96 96 0 0 4
13758 51 1 4155777060 0 0 15 0 0 0 96 96 0 0 0
13759 55 1 4155777060 0 0 15 0 0 0 96 96 0 0 0
13760 32 2 107359 131072 0 15 0 0 0 96 96 0 0 0
13761 97 2 107359 131072 0 15 0 0 0 96 96 0 0 1
13762 110 2 107359 131072 0 15 0 0 0 96 96 0 0 2
13763 111 2 107359 131072 0 15 0 0 0 96 96 0 0 3
13764 116 2 107359 131072 0 15 0 0 0 96 96 0 0 4
13765 104 2 107359 131072 0 15 0 0 0 96 96 0 0 5
13766 101 2 107359 131072 0 15 0 0 0 96 96 0 0 6
13767 114 2 107359 131072 0 15 0 0 0 96 96 0 0 7
13768 32 3 91021800 0 0 255 0 0 0 96 96 0 0 0
13769 91 3 91021800 0 0 255 0 0 0 96 91 0 0 0
13770 91 3 91021800 0 0 255 0 0 0 96 91 0 0 0
13771 65 3 91021800 0 0 255 0 0 0 96 91 0 0 0
13772 110 3 91021800 0 0 255 0 0 0 96 91 0 0 1
13773 110 3 91021800 0 0 255 0 0 0 96 91 0 0 2
13774 97 3 91021800 0 0 255 0 0 0 96 91 0 0 3
13775 93 4 2815940769 0 0 4095 0 0 0 96 91 0 0 0
13776 93 4 2815940769 0 0 4095 0 0 0 96 96 0 0 0
13777 32 4 2815940769 0 0 4095 0 0 0 96 96 0 0 0
13778 119 4 2815940769 0 0 4095 0 0 0 96 96 0 0 1
13779 97 4 2815940769 0 0 4095 0 0 0 96 96 0 0 2
13780 115 4 2815940769 0 0 4095 0 0 0 96 96 0 0 3
13781 32 5 3453292883 1 0 65521 3453292883 0 0 96 96 0 0 0
13782 97 5 3453292883 1 0 65521 3453292883 0 0 96 96 0 0 1
13783 32 6 1950627777 16384 0 1048342 3453292883 0 0 96 96 0 0 0
13784 39 6 1950627777 16384 0 1048342 3453292883 0 0 96 96 0 0 1
13785 39 7 1950627719 0 0 16773487 3453292883 0 0 96 96 0 0 0
13786 39 7 1950627719 0 0 16773487 3453292883 0 0 96 96 0 0 0
13787 113 7 1950627719 0 0 16773487 3453292883 0 0 96 96 0 0 1
13788 117 7 1950627719 0 0 16773487 3453292883 0 0 96 96 0 0 2
13789 101 7 1950627719 0 0 16773487 3453292883 0 0 96 96 0 0 3
13790 101 7 1950627719 0 0 16773487 3453292883 0 0 96 96 0 0 4
13791 110 7 1950627719 0 0 16773487 3453292883 0 0 96 96 0 0 5
13792 39 7 1950627719 0 0 16773487 3453292883 0 0 96 96 0 0 6
13793 39 8 3278097614 8 0 268375802 3453292883 0 0 96 96 0 0 0
13794 39 8 3278097614 8 0 268375802 3453292883 0 0 96 96 0 0 0
13795 32 8 3278097614 8 0 268375802 3453292883 0 0 96 96 0 0 0
13796 111 8 3278097614 8 0 268375802 3453292883 0 0 96 96 0 0 1
13797 102 8 3278097614 8 0 268375802 3453292883 0 0 96 96 0 0 2
13798 32 9 1118483846 65536 0 4294012840 3453292883 0 0 96 96 0 0 0
13799 91 9 1118483846 65536 0 4294012840 3453292883 0 0 96 91 0 0 0
13800 91 9 1118483846 65536 0 4294012840 3453292883 0 0 96 91 0 0 0
13801 70 9 1118483846 65536 0 4294012840 3453292883 0 0 96 91 0 0 0
13802 114 9 1118483846 65536 0 4294012840 3453292883 0 0 96 91 0 0 1
13803 97 9 1118483846 65536 0 4294012840 3453292883 0 0 96 91 0 0 2
13804 110 9 1118483846 65536 0 4294012840 3453292883 0 0 96 91 0 0 3
13805 99 9 1118483846 65536 0 4294012840 3453292883 0 0 96 91 0 0 4
13806 101 9 1118483846 65536 0 4294012840 3453292883 0 0 96 91 0 0 5
13807 93 10 3384763555 0 0 4279696015 3453292883 0 0 96 91 0 0 0
13808 93 10 3384763555 0 0 4279696015 3453292883 0 0 96 96 0 0 0
13809 32 10 3384763555 0 0 4279696015 3453292883 0 0 96 96 0 0 0
13810 105 10 3384763555 0 0 4279696015 3453292883 0 0 96 96 0 0 1
13811 110 10 3384763555 0 0 4279696015 3453292883 0 0 96 96 0 0 2
13812 32 11 1118433358 65536 0 4050626808 3453292883 0 0 96 96 0 0 0
13813 49 11 1118433358 65536 0 4050626808 3453292883 0 0 96 96 0 0 0
13814 55 11 1118433358 65536 0 4050626808 3453292883 0 0 96 96 0 0 0
13815 56 11 1118433358 65536 0 4050626808 3453292883 0 0 96 96 0 0 0
13816 57 11 1118433358 65536 0 4050626808 3453292883 0 0 96 96 0 0 0
13817 46 0 0 0 0 385519488 3453292883 0 0 96 96 0 0 0
13818 10 0 0 0 0 0 0 0 0 0 96 0 0 0
13819 61 0 0 0 0 0 0 0 0 61 96 0 0 0
13820 61 0 0 0 0 0 0 0 0 61 96 0 0 0
13821 32 0 0 0 0 0 0 0 0 61 96 0 0 0
13822 72 0 0 0 0 0 0 0 0 61 96 0 0 0
13823 105 0 0 0 0 0 0 0 0 61 96 0 0 1
13824 115 0 0 0 0 0 0 0 0 61 96 0 0 2
13825 116 0 0 0 0 0 0 0 0 61 96 0 0 3
13826 111 0 0 0 0 0 0 0 0 61 96 0 0 4
13827 114 0 0 0 0 0 0 0 0 61 96 0 0 5
13828 121 0 0 0 0 0 0 0 0 61 96 0 0 6
13829 32 1 1469161513 0 0 15 0 0 0 61 96 0 0 0
13830 61 1 1469161513 0 0 15 0 0 0 61 96 0 0 0
13831 61 1 1469161513 0 0 15 0 0 0 61 96 0 0 0
13832 10 0 0 0 0 0 0 0 0 0 96 0 0 0
13833 42 0 0 0 0 0 0 0 0 42 42 0 0 0
13834 32 0 0 0 0 0 0 0 0 42 42 0 0 0
13835 105 0 0 0 0 0 0 0 0 96 42 0 0 1
13836 116 0 0 0 0 0 0 0 0 96 42 0 0 2
13837 101 0 0 0 0 0 0 0 0 96 42 0 0 3
13838 109 0 0 0 0 0 0 0 0 96 42 0 0 4
13839 32 1 4268574925 0 0 15 0 0 0 96 42 0 0 0
13840 111 1 4268574925 0 0 15 0 0 0 96 42 0 0 1
13841 110 1 4268574925 0 0 15 0 0 0 96 42 0 0 2
13842 101 1 4268574925 0 0 15 0 0 0 96 42 0 0 3
13843 32 2 2886769829 131072 0 254 0 0 0 96 42 0 0 0
13844 40 2 2886769829 131072 0 254 0 0 0 96 42 0 0 0
13845 102 2 2886769829 131072 0 254 0 0 0 96 42 0 0 1
13846 105 2 2886769829 131072 0 254 0 0 0 96 42 0 0 2
13847 114 2 2886769829 131072 0 254 0 0 0 96 42 0 0 3
13848 115 2 2886769829 131072 0 254 0 0 0 96 42 0 0 4
13849 116 2 2886769829 131072 0 254 0 0 0 96 42 0 0 5
13850 41 2 2886769829 131072 0 65264 0 0 0 96 42 0 0 0
13851 10 0 0 0 0 0 0 0 0 0 42 0 0 0
13852 42 0 0 0 0 0 0 0 0 42 42 0 0 0
13853 32 0 0 0 0 0 0 0 0 42 42 0 0 0
13854 105 0 0 0 0 0 0 0 0 96 42 0 0 1
13855 116 0 0 0 0 0 0 0 0 96 42 0 0 2
13856 101 0 0 0 0 0 0 0 0 96 42 0 0 3
13857 109 0 0 0 0 0 0 0 0 96 42 0 0 4
13858 32 1 4268574925 0 0 15 0 0 0 96 42 0 0 0
13859 116 1 4268574925 0 0 15 0 0 0 96 42 0 0 1
13860 119 1 4268574925 0 0 15 0 0 0 96 42 0 0 2
13861 111 1 4268574925 0 0 15 0 0 0 96 42 0 0 3
13862 32 2 3240990863 131072 0 254 0 0 0 96 42 0 0 0
13863 91 2 3240990863 131072 0 254 0 0 0 96 91 0 0 0
13864 104 2 3240990863 131072 0 254 0 0 0 96 91 0 0 1
13865 116 2 3240990863 131072 0 254 0 0 0 96 91 0 0 2
13866 116 2 3240990863 131072 0 254 0 0 0 96 91 0 0 3
13867 112 2 3240990863 131072 0 254 0 0 0 96 91 0 0 4
13868 58 3 876852720 0 0 4079 0 0 0 96 91 0 0 0
13869 47 3 876852720 0 0 4079 0 0 0 96 91 0 0 0
13870 47 3 876852720 0 0 4079 0 0 0 96 91 0 0 0
13871 101 3 876852720 0 0 4079 0 0 0 96 91 0 0 1
13872 120 3 876852720 0 0 4079 0 0 0 96 91 0 0 2
13873 97 3 876852720 0 0 4079 0 0 0 96 91 0 0 3
13874 109 3 876852720 0 0 4079 0 0 0 96 91 0 0 4
13875 112 3 876852720 0 0 4079 0 0 0 96 91 0 0 5
13876 108 3 876852720 0 0 4079 0 0 0 96 91 0 0 6
13877 101 3 876852720 0 0 4079 0 0 0 96 91 0 0 7
13878 46 4 3291829868 0 0 1044464 0 0 0 96 91 0 0 0
13879 111 4 3291829868 0 0 1044464 0 0 0 96 91 0 0 1
13880 114 4 3291829868 0 0 1044464 0 0 0 96 91 0 0 2
13881 103 4 3291829868 0 0 1044464 0 0 0 96 91 0 0 3
13882 32 5 2886803495 0 0 16711439 0 0 0 96 91 0 0 0
13883 108 5 2886803495 0 0 16711439 0 0 0 96 91 0 0 1
13884 105 5 2886803495 0 0 16711439 0 0 0 96 91 0 0 2
13885 110 5 2886803495 0 0 16711439 0 0 0 96 91 0 0 3
13886 107 5 2886803495 0 0 16711439 0 0 0 96 91 0 0 4
13887 93 6 780174507 0 0 267383039 0 0 0 96 42 0 0 0
13888 32 6 780174507 0 0 267383039 0 0 1 64 42 0 0 0
13889 116 6 780174507 0 0 267383039 0 0 1 64 42 0 0 1
13890 101 6 780174507 0 0 267383039 0 0 1 64 42 0 0 2
13891 120 6 780174507 0 0 267383039 0 0 1 64 42 0 0 3
13892 116 6 780174507 0 0 267383039 0 0 1 64 42 0 0 4
13893 10 0 0 0 0 0 0 0 0 0 42 0 0 0
13894 84 0 0 0 0 0 0 0 0 84 42 0 0 0
13895 104 0 0 0 0 0 0 0 0 84 42 0 0 1
13896 101 0 0 0 0 0 0 0 0 84 42 0 0 2
13897 32 1 1118424933 2048 0 4 0 0 0 84 42 0 0 0
13898 123 1 1118424933 2048 0 4 0 0 0 84 42 0 0 0
13899 123 1 1118424933 2048 0 4 0 0 0 84 42 0 0 0
13900 99 1 1118424933 2048 0 4 0 0 0 84 42 0 0 1
13901 105 1 1118424933 2048 0 4 0 0 0 84 42 0 0 2
13902 116 1 1118424933 2048 0 4 0 0 0 84 42 0 0 3
13903 101 1 1118424933 2048 0 4 0 0 0 84 42 0 0 4
13904 124 2 318360037 0 0 79 0 0 0 84 42 0 0 0
13905 121 2 318360037 0 0 79 0 0 0 84 42 0 0 1
13906 101 2 318360037 0 0 79 0 0 0 84 42 0 0 2
13907 97 2 318360037 0 0 79 0 0 0 84 42 0 0 3
13908 114 2 318360037 0 0 79 0 0 0 84 42 0 0 4
13909 61 3 1641105746 0 0 1279 0 0 0 84 42 0 0 0
13910 49 3 1641105746 0 0 1279 0 0 0 84 42 0 0 0
13911 56 3 1641105746 0 0 1279 0 0 0 84 42 0 0 0
13912 48 3 1641105746 0 0 1279 0 0 0 84 42 0 0 0
13913 49 3 1641105746 0 0 1279 0 0 0 84 42 0 0 0
13914 125 4 1368491697 131072 0 1279 0 0 0 84 42 0 0 0
13915 125 4 1368491697 131072 0 1279 0 0 0 84 42 0 0 0
13916 32 4 1368491697 131072 0 1279 0 0 0 84 42 0 0 0
13917 115 4 1368491697 131072 0 1279 0 0 0 84 42 0 0 1
13918 97 4 1368491697 131072 0 1279 0 0 0 84 42 0 0 2
13919 105 4 1368491697 131072 0 1279 0 0 0 84 42 0 0 3
13920 100 4 1368491697 131072 0 1279 0 0 0 84 42 0 0 4
13921 58 5 2481602628 0 0 20479 0 0 0 84 42 0 0 0
13922 32 5 2481602628 0 0 20479 0 0 0 84 42 0 0 0
13923 34 5 2481602628 0 0 20479 0 0 0 84 42 0 0 0
13924 104 5 2481602628 0 0 20479 0 0 0 84 42 0 0 1
13925 101 5 2481602628 0 0 20479 0 0 0 84 42 0 0 2
13926 108 5 2481602628 0 0 20479 0 0 0 84 42 0 0 3
13927 108 5 2481602628 0 0 20479 0 0 0 84 42 0 0 4
13928 111 5 2481602628 0 0 20479 0 0 0 84 42 0 0 5
13929 44 6 933891823 0 0 327679 0 0 0 84 42 0 0 0
13930 32 6 933891823 0 0 327679 0 0 0 84 42 0 0 0
13931 119 6 933891823 0 0 327679 0 0 0 84 42 0 0 1
13932 111 6 933891823 0 0 327679 0 0 0 84 42 0 0 2
13933 114 6 933891823 0 0 327679 0 0 0 84 42 0 0 3
13934 108 6 933891823 0 0 327679 0 0 0 84 42 0 0 4
13935 100 6 933891823 0 0 327679 0 0 0 84 42 0 0 5
13936 33 7 1101113060 0 0 5242879 0 0 0 84 42 0 0 0
13937 34 7 1101113060 0 0 5242879 0 0 0 84 42 0 0 0
13938 10 0 0 0 0 0 0 0 0 0 42 0 0 0
13939 60 0 0 0 0 0 0 0 0 60 42 0 0 0
13940 114 0 0 0 0 0 0 0 0 60 42 0 0 1
13941 101 0 0 0 0 0 0 0 0 60 42 0 0 2
13942 102 0 0 0 0 0 0 0 0 60 42 0 0 3
13943 62 1 3099181254 0 0 15 0 0 0 60 42 0 0 0
13944 110 1 3099181254 0 0 15 0 0 0 60 42 0 0 1
13945 111 1 3099181254 0 0 15 0 0 0 60 42 0 0 2
13946 116 1 3099181254 0 0 15 0 0 0 60 42 0 0 3
13947 101 1 3099181254 0 0 15 0 0 0 60 42 0 0 4
13948 32 2 3693928933 0 0 255 0 0 0 60 42 0 0 0
13949 49 2 3693928933 0 0 255 0 0 0 60 42 0 0 0
13950 50 2 3693928933 0 0 255 0 0 0 60 42 0 0 0
13951 44 3 103146 131072 0 255 0 0 0 60 42 0 0 0
13952 51 3 103146 131072 0 255 0 0 0 60 42 0 0 0
13953 52 3 103146 131072 0 255 0 0 0 60 42 0 0 0
13954 53 3 103146 131072 0 255 0 0 0 60 42 0 0 0
13955 46 0 0 0 0 4080 0 0 0 60 42 0 0 0
13956 54 0 0 0 0 4080 0 0 0 60 42 0 0 0
13957 55 0 0 0 0 4080 0 0 0 60 42 0 0 0
13958 32 1 113671 131072 0 4080 0 0 0 60 42 0 0 0
13959 104 1 113671 131072 0 4080 0 0 0 60 42 0 0 1
13960 101 1 113671 131072 0 4080 0 0 0 60 42 0 0 2
13961 114 1 113671 131072 0 4080 0 0 0 60 42 0 0 3
13962 101 1 113671 131072 0 4080 0 0 0 60 42 0 0 4
13963 60 2 4109367333 0 0 65295 0 0 0 60 42 0 0 0
13964 47 2 4109367333 0 0 65295 0 0 0 60 42 0 0 0
13965 114 2 4109367333 0 0 65295 0 0 0 60 42 0 0 1
13966 101 2 4109367333 0 0 65295 0 0 0 60 42 0 0 2
13967 102 2 4109367333 0 0 65295 0 0 0 60 42 0 0 3
13968 62 3 3099181254 0 0 1044735 0 0 0 60 42 0 0 0
13969 10 0 0 0 0 0 0 0 0 0 42 0 0 0
13970 65 0 0 0 0 0 0 0 0 65 42 0 0 0
13971 32 0 0 0 0 0 0 0 0 65 42 0 0 0
13972 108 0 0 0 0 0 0 0 0 65 42 0 0 1
13973 105 0 0 0 0 0 0 0 0 65 42 0 0 2
13974 110 0 0 0 0 0 0 0 0 65 42 0 0 3
13975 101 0 0 0 0 0 0 0 0 65 42 0 0 4
13976 32 1 780174501 0 0 15 0 0 0 65 42 0 0 0
13977 119 1 780174501 0 0 15 0 0 0 65 42 0 0 1
13978 105 1 780174501 0 0 15 0 0 0 65 42 0 0 2
13979 116 1 780174501 0 0 15 0 0 0 65 42 0 0 3
13980 104 1 780174501 0 0 15 0 0 0 65 42 0 0 4
13981 32 2 3730819560 65536 0 248 0 0 0 65 42 0 0 0
13982 110 2 3730819560 65536 0 248 0 0 0 65 42 0 0 1
13983 117 2 3730819560 65536 0 248 0 0 0 65 42 0 0 2
13984 109 2 3730819560 65536 0 248 0 0 0 65 42 0 0 3
13985 98 2 3730819560 65536 0 248 0 0 0 65 42 0 0 4
13986 101 2 3730819560 65536 0 248 0 0 0 65 42 0 0 5
13987 114 2 3730819560 65536 0 248 0 0 0 65 42 0 0 6
13988 115 2 3730819560 65536 0 248 0 0 0 65 42 0 0 7
13989 32 3 3416096978 8 0 3978 0 0 0 65 42 0 0 0
13990 52 3 3416096978 8 0 3978 0 0 0 65 42 0 0 0
13991 50 3 3416096978 8 0 3978 0 0 0 65 42 0 0 0
13992 32 4 109458 131072 0 3978 0 0 0 65 42 0 0 0
13993 97 4 109458 131072 0 3978 0 0 0 65 42 0 0 1
13994 110 4 109458 131072 0 3978 0 0 0 65 42 0 0 2
13995 100 4 109458 131072 0 3978 0 0 0 65 42 0 0 3
13996 32 5 1895163044 32768 0 63655 0 0 0 65 42 0 0 0
13997 51 5 1895163044 32768 0 63655 0 0 0 65 42 0 0 0
13998 46 0 0 0 0 1018480 0 0 0 65 42 0 0 0
13999 49 0 0 0 0 1018480 0 0 0 65 42 0 0 0
14000 52 0 0 0 0 1018480 0 0 0 65 42 0 0 0
14001 32 1 103148 131072 0 1018480 0 0 0 65 42 0 0 0
14002 97 1 103148 131072 0 1018480 0 0 0 65 42 0 0 1
14003 110 1 103148 131072 0 1018480 0 0 0 65 42 0 0 2
14004 100 1 103148 131072 0 1018480 0 0 0 65 42 0 0 3
14005 32 2 1895163044 32768 0 16295687 0 0 0 65 42 0 0 0
14006 49 2 1895163044 32768 0 16295687 0 0 0 65 42 0 0 0
14007 44 3 49 131072 0 16295687 0 0 0 65 42 0 0 0
14008 48 3 49 131072 0 16295687 0 0 0 65 42 0 0 0
14009 48 3 49 131072 0 16295687 0 0 0 65 42 0 0 0
14010 48 3 49 131072 0 16295687 0 0 0 65 42 0 0 0
14011 46 0 0 0 0 260730992 0 0 0 65 42 0 0 0
14012 10 0 0 0 0 0 0 0 0 0 42 0 0 0
14013 38 0 0 0 0 0 0 0 0 38 42 0 0 0
14014 110 0 0 0 0 0 0 0 0 38 42 0 0 1
14015 98 0 0 0 0 0 0 0 0 38 42 0 0 2
14016 115 0 0 0 0 0 0 0 0 38 42 0 0 3
14017 112 0 0 0 0 0 0 0 0 38 42 0 0 4
14018 59 1 2773142800 0 0 15 0 0 0 38 42 0 0 0
14019 32 1 2773142800 0 0 15 0 0 0 38 42 0 0 0
14020 115 1 2773142800 0 0 15 0 0 0 38 42 0 0 1
14021 111 1 2773142800 0 0 15 0 0 0 38 42 0 0 2
14022 109 1 2773142800 0 0 15 0 0 0 38 42 0 0 3
14023 101 1 2773142800 0 0 15 0 0 0 38 42 0 0 4
14024 32 2 3473243077 0 0 255 0 0 0 38 42 0 0 0
14025 38 2 3473243077 0 0 255 0 0 0 38 42 0 0 0
14026 97 2 3473243077 0 0 255 0 0 0 38 42 0 0 1
14027 109 2 3473243077 0 0 255 0 0 0 38 42 0 0 2
14028 112 2 3473243077 0 0 255 0 0 0 38 42 0 0 3
14029 59 3 1895154640 0 0 4095 0 0 0 38 42 0 0 0
14030 32 3 1895154640 0 0 4095 0 0 0 38 42 0 0 0
14031 101 3 1895154640 0 0 4095 0 0 0 38 42 0 0 1
14032 110 3 1895154640 0 0 4095 0 0 0 38 42 0 0 2
14033 116 3 1895154640 0 0 4095 0 0 0 38 42 0 0 3
14034 105 3 1895154640 0 0 4095 0 0 0 38 42 0 0 4
14035 116 3 1895154640 0 0 4095 0 0 0 38 42 0 0 5
14036 105 3 1895154640 0 0 4095 0 0 0 38 42 0 0 6
14037 101 3 1895154640 0 0 4095 0 0 0 38 42 0 0 7
14038 115 3 1895154640 0 0 4095 0 0 0 38 42 0 0 8
14039 32 4 1475168745 8 0 65530 0 0 0 38 42 0 0 0
14040 38 4 1475168745 8 0 65530 0 0 0 38 42 0 0 0
14041 108 4 1475168745 8 0 65530 0 0 0 38 42 0 0 1
14042 116 4 1475168745 8 0 65530 0 0 0 38 42 0 0 2
14043 59 5 1118458612 0 0 1048495 0 0 0 38 42 0 0 0
14044 116 5 1118458612 0 0 1048495 0 0 0 38 42 0 0 1
14045 97 5 1118458612 0 0 1048495 0 0 0 38 42 0 0 2
14046 103 5 1118458612 0 0 1048495 0 0 0 38 42 0 0 3
14047 38 6 3240805703 0 0 16775935 0 0 0 38 42 0 0 0
14048 103 6 3240805703 0 0 16775935 0 0 0 38 42 0 0 1
14049 116 6 3240805703 0 0 16775935 0 0 0 38 42 0 0 2
14050 59 7 1118416532 0 0 268414975 0 0 0 38 42 0 0 0
14051 10 0 0 0 0 0 0 0 0 0 42 0 0 0
14052 100 0 0 0 0 0 0 0 0 96 96 0 0 1
14053 111 0 0 0 0 0 0 0 0 96 96 0 0 2
14054 110 0 0 0 0 0 0 0 0 96 96 0 0 3
14055 39 0 0 0 0 0 0 0 0 96 96 0 0 4
14056 116 0 0 0 0 0 0 0 0 96 96 0 0 5
14057 32 1 1118391279 1024 0 13 0 0 0 96 96 0 0 0
14058 99 1 1118391279 1024 0 13 0 0 0 96 96 0 0 1
14059 97 1 1118391279 1024 0 13 0 0 0 96 96 0 0 2
14060 110 1 1118391279 1024 0 13 0 0 0 96 96 0 0 3
14061 39 1 1118391279 1024 0 13 0 0 0 96 96 0 0 4
14062 116 1 1118391279 1024 0 13 0 0 0 96 96 0 0 5
14063 32 2 2036711758 1024 0 221 0 0 0 96 96 0 0 0
14064 105 2 2036711758 1024 0 221 0 0 0 96 96 0 0 1
14065 116 2 2036711758 1024 0 221 0 0 0 96 96 0 0 2
14066 39 2 2036711758 1024 0 221 0 0 0 96 96 0 0 3
14067 115 2 2036711758 1024 0 221 0 0 0 96 96 0 0 4
14068 32 3 1118433364 1048584 0 3546 0 0 0 96 96 0 0 0
14069 116 3 1118433364 1048584 0 3546 0 0 0 96 96 0 0 1
14070 104 3 1118433364 1048584 0 3546 0 0 0 96 96 0 0 2
14071 101 3 1118433364 1048584 0 3546 0 0 0 96 96 0 0 3
14072 32 4 3240864613 16384 0 56742 0 0 0 96 96 0 0 0
14073 99 4 3240864613 16384 0 56742 0 0 0 96 96 0 0 1
14074 97 4 3240864613 16384 0 56742 0 0 0 96 96 0 0 2
14075 116 4 3240864613 16384 0 56742 0 0 0 96 96 0 0 3
14076 32 4 2036711764 2 0 907874 0 0 0 96 96 0 0 0
14077 115 4 2036711764 2 0 907874 0 0 0 96 96 0 0 1
14078 97 4 2036711764 2 0 907874 0 0 0 96 96 0 0 2
14079 116 4 2036711764 2 0 907874 0 0 0 96 96 0 0 3
14080 32 5 3169976660 0 0 14525999 0 0 0 96 96 0 0 0
14081 111 5 3169976660 0 0 14525999 0 0 0 96 96 0 0 1
14082 110 5 3169976660 0 0 14525999 0 0 0 96 96 0 0 2
14083 32 6 1118483854 65536 0 232415992 0 0 0 96 96 0 0 0
14084 116 6 1118483854 65536 0 232415992 0 0 0 96 96 0 0 1
14085 104 6 1118483854 65536 0 232415992 0 0 0 96 96 0 0 2
14086 101 6 1118483854 65536 0 232415992 0 0 0 96 96 0 0 3
14087 32 7 3240864613 16384 0 3718655878 0 0 0 96 96 0 0 0
14088 109 7 3240864613 16384 0 3718655878 0 0 0 96 96 0 0 1
14089 97 7 3240864613 16384 0 3718655878 0 0 0 96 96 0 0 2
14090 116 7 3240864613 16384 0 3718655878 0 0 0 96 96 0 0 3
14091 46 0 0 0 0 2788132384 0 0 0 96 96 0 0 0
14092 10 0 0 0 0 0 0 0 0 0 96 0 0 0
14093 142 0 0 0 0 0 0 0 0 96 96 0 0 0
14094 254 0 0 0 0 0 0 0 0 96 96 0 0 0
14095 132 0 0 0 0 0 0 0 0 96 96 0 0 0
14096 44 0 0 0 0 0 0 0 0 96 96 0 0 0
14097 208 0 0 0 0 0 0 0 0 96 96 0 0 0
14098 175 0 0 0 0 0 0 0 0 96 96 0 0 0
14099 32 0 0 0 0 0 0 0 0 96 96 0 0 0
14100 203 0 0 0 0 0 0 0 0 96 96 0 0 0
14101 231 0 0 0 0 0 0 0 0 96 96 0 0 0
14102 32 0 0 0 0 0 0 0 0 96 96 0 0 0
14103 153 0 0 0 0 0 0 0 0 96 96 0 0 0
14104 195 0 0 0 0 0 0 0 0 96 96 0 0 0
14105 10 0 0 0 0 0 0 0 0 0 96 0 0 0
14106 221 0 0 0 0 0 0 0 0 96 96 0 0 0
14107 149 0 0 0 0 0 0 0 0 96 96 0 0 0
14108 165 0 0 0 0 0 0 0 0 96 96 0 0 0
14109 44 0 0 0 0 0 0 0 0 96 96 0 0 0
14110 148 0 0 0 0 0 0 0 0 96 96 0 0 0
14111 44 0 0 0 0 0 0 0 0 96 96 0 0 0
14112 216 0 0 0 0 0 0 0 0 96 96 0 0 0
14113 247 0 0 0 0 0 0 0 0 96 96 0 0 0
14114 44 0 0 0 0 0 0 0 0 96 96 0 0 0
14115 220 0 0 0 0 0 0 0 0 96 96 0 0 0
14116 166 0 0 0 0 0 0 0 0 96 96 0 0 0
14117 32 0 0 0 0 0 0 0 0 96 96 0 0 0
14118 119 0 0 0 0 0 0 0 0 96 96 0 0 1
14119 111 0 0 0 0 0 0 0 0 96 96 0 0 2
14120 114 0 0 0 0 0 0 0 0 96 96 0 0 3
14121 100 0 0 0 0 0 0 0 0 96 96 0 0 4
14122 51 1 4155777060 0 0 15 0 0 0 96 96 0 0 0
14123 56 1 4155777060 0 0 15 0 0 0 96 96 0 0 0
14124 32 2 107360 131072 0 15 0 0 0 96 96 0 0 0
14125 97 2 107360 131072 0 15 0 0 0 96 96 0 0 1
14126 110 2 107360 131072 0 15 0 0 0 96 96 0 0 2
14127 111 2 107360 131072 0 15 0 0 0 96 96 0 0 3
14128 116 2 107360 131072 0 15 0 0 0 96 96 0 0 4
14129 104 2 107360 131072 0 15 0 0 0 96 96 0 0 5
14130 101 2 107360 131072 0 15 0 0 0 96 96 0 0 6
14131 114 2 107360 131072 0 15 0 0 0 96 96 0 0 7
14132 32 3 91021800 0 0 255 0 0 0 96 96 0 0 0
14133 91 3 91021800 0 0 255 0 0 0 96 91 0 0 0
14134 91 3 91021800 0 0 255 0 0 0 96 91 0 0 0
14135 65 3 91021800 0 0 255 0 0 0 96 91 0 0 0
14136 110 3 91021800 0 0 255 0 0 0 96 91 0 0 1
14137 110 3 91021800 0 0 255 0 0 0 96 91 0 0 2
14138 97 3 91021800 0 0 255 0 0 0 96 91 0 0 3
14139 93 4 2815940769 0 0 4095 0 0 0 96 91 0 0 0
14140 93 4 2815940769 0 0 4095 0 0 0 96 96 0 0 0
14141 32 4 2815940769 0 0 4095 0 0 0 96 96 0 0 0
14142 119 4 2815940769 0 0 4095 0 0 0 96 96 0 0 1
14143 97 4 2815940769 0 0 4095 0 0 0 96 96 0 0 2
14144 115 4 2815940769 0 0 4095 0 0 0 96 96 0 0 3
14145 32 5 3453292883 1 0 65521 3453292883 0 0 96 96 0 0 0
14146 97 5 3453292883 1 0 65521 3453292883 0 0 96 96 0 0 1
14147 32 6 1950627777 16384 0 1048342 3453292883 0 0 96 96 0 0 0
14148 39 6 1950627777 16384 0 1048342 3453292883 0 0 96 96 0 0 1
14149 39 7 1950627719 0 0 16773487 3453292883 0 0 96 96 0 0 0
14150 39 7 1950627719 0 0 16773487 3453292883 0 0 96 96 0 0 0
14151 113 7 1950627719 0 0 16773487 3453292883 0 0 96 96 0 0 1
14152 117 7 1950627719 0 0 16773487 3453292883 0 0 96 96 0 0 2
14153 101 7 1950627719 0 0 16773487 3453292883 0 0 96 96 0 0 3
14154 101 7 1950627719 0 0 16773487 3453292883 0 0 96 96 0 0 4
14155 110 7 1950627719 0 0 16773487 3453292883 0 0 96 96 0 0 5
14156 39 7 1950627719 0 0 16773487 3453292883 0 0 96 96 0 0 6
14157 39 8 3278097614 8 0 268375802 3453292883 0 0 96 96 0 0 0
14158 39 8 3278097614 8 0 268375802 3453292883 0 0 96 96 0 0 0
14159 32 8 3278097614 8 0 268375802 3453292883 0 0 96 96 0 0 0
14160 111 8 3278097614 8 0 268375802 3453292883 0 0 96 96 0 0 1
14161 102 8 3278097614 8 0 268375802 3453292883 0 0 96 96 0 0 2
14162 32 9 1118483846 65536 0 4294012840 3453292883 0 0 96 96 0 0 0
14163 91 9 1118483846 65536 0 4294012840 3453292883 0 0 96 91 0 0 0
14164 91 9 1118483846 65536 0 4294012840 3453292883 0 0 96 91 0 0 0
14165 70 9 1118483846 65536 0 4294012840 3453292883 0 0 96 91 0 0 0
14166 114 9 1118483846 65536 0 4294012840 3453292883 0 0 96 91 0 0 1
14167 97 9 1118483846 65536 0 4294012840 3453292883 0 0 96 91 0 0 2
14168 110 9 1118483846 65536 0 4294012840 3453292883 0 0 96 91 0 0 3
14169 99 9 1118483846 65536 0 4294012840 3453292883 0 0 96 91 0 0 4
14170 101 9 1118483846 65536 0 4294012840 3453292883 0 0 96 91 0 0 5
14171 93 10 3384763555 0 0 4279696015 3453292883 0 0 96 91 0 0 0
14172 93 10 3384763555 0 0 4279696015 3453292883 0 0 96 96 0 0 0
14173 32 10 3384763555 0 0 4279696015 3453292883 0 0 96 96 0 0 0
14174 105 10 3384763555 0 0 4279696015 3453292883 0 0 96 96 0 0 1
14175 110 10 3384763555 0 0 4279696015 3453292883 0 0 96 96 0 0 2
14176 32 11 1118433358 65536 0 4050626808 3453292883 0 0 96 96 0 0 0
14177 49 11 1118433358 65536 0 4050626808 3453292883 0 0 96 96 0 0 0
14178 55 11 1118433358 65536 0 4050626808 3453292883 0 0 96 96 0 0 0
14179 56 11 1118433358 65536 0 4050626808 3453292883 0 0 96 96 0 0 0
14180 57 11 1118433358 65536 0 4050626808 3453292883 0 0 96 96 0 0 0
14181 46 0 0 0 0 385519488 3453292883 0 0 96 96 0 0 0
14182 10 0 0 0 0 0 0 0 0 0 96 0 0 0
14183 61 0 0 0 0 0 0 0 0 61 96 0 0 0
14184 61 0 0 0 0 0 0 0 0 61 96 0 0 0
14185 32 0 0 0 0 0 0 0 0 61 96 0 0 0
14186 72 0 0 0 0 0 0 0 0 61 96 0 0 0
14187 105 0 0 0 0 0 0 0 0 61 96 0 0 1
14188 115 0 0 0 0 0 0 0 0 61 96 0 0 2
14189 116 0 0 0 0 0 0 0 0 61 96 0 0 3
14190 111 0 0 0 0 0 0 0 0 61 96 0 0 4
14191 114 0 0 0 0 0 0 0 0 61 96 0 0 5
14192 121 0 0 0 0 0 0 0 0 61 96 0 0 6
14193 32 1 1469161513 0 0 15 0 0 0 61 96 0 0 0
14194 61 1 1469161513 0 0 15 0 0 0 61 96 0 0 0
14195 61 1 1469161513 0 0 15 0 0 0 61 96 0 0 0
14196 10 0 0 0 0 0 0 0 0 0 96 0 0 0
14197 42 0 0 0 0 0 0 0 0 42 42 0 0 0
14198 32 0 0 0 0 0 0 0 0 42 42 0 0 0
14199 105 0 0 0 0 0 0 0 0 96 42 0 0 1
14200 116 0 0 0 0 0 0 0 0 96 42 0 0 2
14201 101 0 0 0 0 0 0 0 0 96 42 0 0 3
14202 109 0 0 0 0 0 0 0 0 96 42 0 0 4
14203 32 1 4268574925 0 0 15 0 0 0 96 42 0 0 0
14204 111 1 4268574925 0 0 15 0 0 0 96 42 0 0 1
14205 110 1 4268574925 0 0 15 0 0 0 96 42 0 0 2
14206 101 1 4268574925 0 0 15 0 0 0 96 42 0 0 3
14207 32 2 2886769829 131072 0 254 0 0 0 96 42 0 0 0
14208 40 2 2886769829 131072 0 254 0 0 0 96 42 0 0 0
14209 102 2 2886769829 131072 0 254 0 0 0 96 42 0 0 1
14210 105 2 2886769829 131072 0 254 0 0 0 96 42 0 0 2
14211 114 2 2886769829 131072 0 254 0 0 0 96 42 0 0 3
14212 115 2 2886769829 131072 0 254 0 0 0 96 42 0 0 4
14213 116 2 2886769829 131072 0 254 0 0 0 96 42 0 0 5
14214 41 2 2886769829 131072 0 65264 0 0 0 96 42 0 0 0
14215 10 0 0 0 0 0 0 0 0 0 42 0 0 0
14216 42 0 0 0 0 0 0 0 0 42 42 0 0 0
14217 32 0 0 0 0 0 0 0 0 42 42 0 0 0
14218 105 0 0 0 0 0 0 0 0 96 42 0 0 1
14219 116 0 0 0 0 0 0 0 0 96 42 0 0 2
14220 101 0 0 0 0 0 0 0 0 96 42 0 0 3
14221 109 0 0 0 0 0 0 0 0 96 42 0 0 4
14222 32 1 4268574925 0 0 15 0 0 0 96 42 0 0 0
14223 116 1 4268574925 0 0 15 0 0 0 96 42 0 0 1
14224 119 1 4268574925 0 0 15 0 0 0 96 42 0 0 2
14225 111 1 4268574925 0 0 15 0 0 0 96 42 0 0 3
14226 32 2 3240990863 131072 0 254 0 0 0 96 42 0 0 0
14227 91 2 3240990863 131072 0 254 0 0 0 96 91 0 0 0
14228 104 2 3240990863 131072 0 254 0 0 0 96 91 0 0 1
14229 116 2 3240990863 131072 0 254 0 0 0 96 91 0 0 2
14230 116 2 3240990863 131072 0 254 0 0 0 96 91 0 0 3
14231 112 2 3240990863 131072 0 254 0 0 0 96 91 0 0 4
14232 58 3 876852720 0 0 4079 0 0 0 96 91 0 0 0
14233 47 3 876852720 0 0 4079 0 0 0 96 91 0 0 0
14234 47 3 876852720 0 0 4079 0 0 0 96 91 0 0 0
14235 101 3 876852720 0 0 4079 0 0 0 96 91 0 0 1
14236 120 3 876852720 0 0 4079 0 0 0 96 91 0 0 2
14237 97 3 876852720 0 0 4079 0 0 0 96 91 0 0 3
14238 109 3 876852720 0 0 4079 0 0 0 96 91 0 0 4
14239 112 3 876852720 0 0 4079 0 0 0 96 91 0 0 5
14240 108 3 876852720 0 0 4079 0 0 0 96 91 0 0 6
14241 101 3 876852720 0 0 4079 0 0 0 96 91 0 0 7
14242 46 4 3291829868 0 0 1044464 0 0 0 96 91 0 0 0
14243 111 4 3291829868 0 0 1044464 0 0 0 96 91 0 0 1
14244 114 4 3291829868 0 0 1044464 0 0 0 96 91 0 0 2
14245 103 4 3291829868 0 0 1044464 0 0 0 96 91 0 0 3
14246 32 5 2886803495 0 0 16711439 0 0 0 96 91 0 0 0
14247 108 5 2886803495 0 0 16711439 0 0 0 96 91 0 0 1
14248 105 5 2886803495 0 0 16711439 0 0 0 96 91 0 0 2
14249 110 5 2886803495 0 0 16711439 0 0 0 96 91 0 0 3
14250 107 5 2886803495 0 0 16711439 0 0 0 96 91 0 0 4
14251 93 6 780174507 0 0 267383039 0 0 0 96 42 0 0 0
14252 32 6 780174507 0 0 267383039 0 0 1 64 42 0 0 0
14253 116 6 780174507 0 0 267383039 0 0 1 64 42 0 0 1
14254 101 6 780174507 0 0 267383039 0 0 1 64 42 0 0 2
14255 120 6 780174507 0 0 267383039 0 0 1 64 42 0 0 3
14256 116 6 780174507 0 0 267383039 0 0 1 64 42 0 0 4
14257 10 0 0 0 0 0 0 0 0 0 42 0 0 0
14258 84 0 0 0 0 0 0 0 0 84 42 0 0 0
14259 104 0 0 0 0 0 0 0 0 84 42 0 0 1
14260 101 0 0 0 0 0 0 0 0 84 42 0 0 2
14261 32 1 1118424933 2048 0 4 0 0 0 84 42 0 0 0
14262 123 1 1118424933 2048 0 4 0 0 0 84 42 0 0 0
14263 123 1 1118424933 2048 0 4 0 0 0 84 42 0 0 0
14264 99 1 1118424933 2048 0 4 0 0 0 84 42 0 0 1
14265 105 1 1118424933 2048 0 4 0 0 0 84 42 0 0 2
14266 116 1 1118424933 2048 0 4 0 0 0 84 42 0 0 3
14267 101 1 1118424933 2048 0 4 0 0 0 84 42 0 0 4
14268 124 2 318360037 0 0 79 0 0 0 84 42 0 0 0
14269 121 2 318360037 0 0 79 0 0 0 84 42 0 0 1
14270 101 2 318360037 0 0 79 0 0 0 84 42 0 0 2
14271 97 2 318360037 0 0 79 0 0 0 84 42 0 0 3
14272 114 2 318360037 0 0 79 0 0 0 84 42 0 0 4
14273 61 3 1641105746 0 0 1279 0 0 0 84 42 0 0 0
14274 49 3 1641105746 0 0 1279 0 0 0 84 42 0 0 0
14275 56 3 1641105746 0 0 1279 0 0 0 84 42 0 0 0
14276 48 3 1641105746 0 0 1279 0 0 0 84 42 0 0 0
14277 49 3 1641105746 0 0 1279 0 0 0 84 42 0 0 0
14278 125 4 1368491697 131072 0 1279 0 0 0 84 42 0 0 0
14279 125 4 1368491697 131072 0 1279 0 0 0 84 42 0 0 0
14280 32 4 1368491697 131072 0 1279 0 0 0 84 42 0 0 0
14281 115 4 1368491697 131072 0 1279 0 0 0 84 42 0 0 1
14282 97 4 1368491697 131072 0 1279 0 0 0 84 42 0 0 2
14283 105 4 1368491697 131072 0 1279 0 0 0 84 42 0 0 3
14284 100 4 1368491697 131072 0 1279 0 0 0 84 42 0 0 4
14285 58 5 2481602628 0 0 20479 0 0 0 84 42 0 0 0
14286 32 5 2481602628 0 0 20479 0 0 0 84 42 0 0 0
14287 34 5 2481602628 0 0 20479 0 0 0 84 42 0 0 0
14288 104 5 2481602628 0 0 20479 0 0 0 84 42 0 0 1
14289 101 5 2481602628 0 0 20479 0 0 0 84 42 0 0 2
14290 108 5 2481602628 0 0 20479 0 0 0 84 42 0 0 3
14291 108 5 2481602628 0 0 20479 0 0 0 84 42 0 0 4
14292 111 5 2481602628 0 0 20479 0 0 0 84 42 0 0 5
14293 44 6 933891823 0 0 327679 0 0 0 84 42 0 0 0
14294 32 6 933891823 0 0 327679 0 0 0 84 42 0 0 0
14295 119 6 933891823 0 0 327679 0 0 0 84 42 0 0 1
14296 111 6 933891823 0 0 327679 0 0 0 84 42 0 0 2
14297 114 6 933891823 0 0 327679 0 0 0 84 42 0 0 3
14298 108 6 933891823 0 0 327679 0 0 0 84 42 0 0 4
14299 100 6 933891823 0 0 327679 0 0 0 84 42 0 0 5
14300 33 7 1101113060 0 0 5242879 0 0 0 84 42 0 0 0
14301 34 7 1101113060 0 0 5242879 0 0 0 84 42 0 0 0
14302 10 0 0 0 0 0 0 0 0 0 42 0 0 0
14303 60 0 0 0 0 0 0 0 0 60 42 0 0 0
14304 114 0 0 0 0 0 0 0 0 60 42 0 0 1
14305 101 0 0 0 0 0 0 0 0 60 42 0 0 2
14306 102 0 0 0 0 0 0 0 0 60 42 0 0 3
14307 62 1 3099181254 0 0 15 0 0 0 60 42 0 0 0
14308 110 1 3099181254 0 0 15 0 0 0 60 42 0 0 1
14309 111 1 3099181254 0 0 15 0 0 0 60 42 0 0 2
14310 116 1 3099181254 0 0 15 0 0 0 60 42 0 0 3
14311 101 1 3099181254 0 0 15 0 0 0 60 42 0 0 4
14312 32 2 3693928933 0 0 255 0 0 0 60 42 0 0 0
14313 49 2 3693928933 0 0 255 0 0 0 60 42 0 0 0
14314 50 2 3693928933 0 0 255 0 0 0 60 42 0 0 0
14315 44 3 103146 131072 0 255 0 0 0 60 42 0 0 0
14316 51 3 103146 131072 0 255 0 0 0 60 42 0 0 0
14317 52 3 103146 131072 0 255 0 0 0 60 42 0 0 0
14318 53 3 103146 131072 0 255 0 0 0 60 42 0 0 0
14319 46 0 0 0 0 4080 0 0 0 60 42 0 0 0
14320 54 0 0 0 0 4080 0 0 0 60 42 0 0 0
14321 55 0 0 0 0 4080 0 0 0 60 42 0 0 0
14322 32 1 113671 131072 0 4080 0 0 0 60 42 0 0 0
14323 104 1 113671 131072 0 4080 0 0 0 60 42 0 0 1
14324 101 1 113671 131072 0 4080 0 0 0 60 42 0 0 2
14325 114 1 113671 131072 0 4080 0 0 0 60 42 0 0 3
14326 101 1 113671 131072 0 4080 0 0 0 60 42 0 0 4
14327 60 2 4109367333 0 0 65295 0 0 0 60 42 0 0 0
14328 47 2 4109367333 0 0 65295 0 0 0 60 42 0 0 0
14329 114 2 4109367333 0 0 65295 0 0 0 60 42 0 0 1
14330 101 2 4109367333 0 0 65295 0 0 0 60 42 0 0 2
14331 102 2 4109367333 0 0 65295 0 0 0 60 42 0 0 3
14332 62 3 3099181254 0 0 1044735 0 0 0 60 42 0 0 0
14333 10 0 0 0 0 0 0 0 0 0 42 0 0 0
14334 65 0 0 0 0 0 0 0 0 65 42 0 0 0
14335 32 0 0 0 0 0 0 0 0 65 42 0 0 0
14336 108 0 0 0 0 0 0 0 0 65 42 0 0 1
14337 105 0 0 0 0 0 0 0 0 65 42 0 0 2
14338 110 0 0 0 0 0 0 0 0 65 42 0 0 3
14339 101 0 0 0 0 0 0 0 0 65 42 0 0 4
14340 32 1 780174501 0 0 15 0 0 0 65 42 0 0 0
14341 119 1 780174501 0 0 15 0 0 0 65 42 0 0 1
14342 105 1 780174501 0 0 15 0 0 0 65 42 0 0 2
14343 116 1 780174501 0 0 15 0 0 0 65 42 0 0 3
14344 104 1 780174501 0 0 15 0 0 0 65 42 0 0 4
14345 32 2 3730819560 65536 0 248 0 0 0 65 42 0 0 0
14346 110 2 3730819560 65536 0 248 0 0 0 65 42 0 0 1
14347 117 2 3730819560 65536 0 248 0 0 0 65 42 0 0 2
14348 109 2 3730819560 65536 0 248 0 0 0 65 42 0 0 3
14349 98 2 3730819560 65536 0 248 0 0 0 65 42 0 0 4
14350 101 2 3730819560 65536 0 248 0 0 0 65 42 0 0 5
14351 114 2 3730819560 65536 0 248 0 0 0 65 42 0 0 6
14352 115 2 3730819560 65536 0 248 0 0 0 65 42 0 0 7
14353 32 3 3416096978 8 0 3978 0 0 0 65 42 0 0 0
14354 52 3 3416096978 8 0 3978 0 0 0 65 42 0 0 0
14355 50 3 3416096978 8 0 3978 0 0 0 65 42 0 0 0
14356 32 4 109458 131072 0 3978 0 0 0 65 42 0 0 0
14357 97 4 109458 131072 0 3978 0 0 0 65 42 0 0 1
14358 110 4 109458 131072 0 3978 0 0 0 65 42 0 0 2
14359 100 4 109458 131072 0 3978 0 0 0 65 42 0 0 3
14360 32 5 1895163044 32768 0 63655 0 0 0 65 42 0 0 0
14361 51 5 1895163044 32768 0 63655 0 0 0 65 42 0 0 0
14362 46 0 0 0 0 1018480 0 0 0 65 42 0 0 0
14363 49 0 0 0 0 1018480 0 0 0 65 42 0 0 0
14364 52 0 0 0 0 1018480 0 0 0 65 42 0 0 0
14365 32 1 103148 131072 0 1018480 0 0 0 65 42 0 0 0
14366 97 1 103148 131072 0 1018480 0 0 0 65 42 0 0 1
14367 110 1 103148 131072 0 1018480 0 0 0 65 42 0 0 2
14368 100 1 103148 131072 0 1018480 0 0 0 65 42 0 0 3
14369 32 2 1895163044 32768 0 16295687 0 0 0 65 42 0 0 0
14370 49 2 1895163044 32768 0 16295687 0 0 0 65 42 0 0 0
14371 44 3 49 131072 0 16295687 0 0 0 65 42 0 0 0
14372 48 3 49 131072 0 16295687 0 0 0 65 42 0 0 0
14373 48 3 49 131072 0 16295687 0 0 0 65 42 0 0 0
14374 48 3 49 131072 0 16295687 0 0 0 65 42 0 0 0
14375 46 0 0 0 0 260730992 0 0 0 65 42 0 0 0
14376 10 0 0 0 0 0 0 0 0 0 42 0 0 0
14377 38 0 0 0 0 0 0 0 0 38 42 0 0 0
14378 110 0 0 0 0 0 0 0 0 38 42 0 0 1
14379 98 0 0 0 0 0 0 0 0 38 42 0 0 2
14380 115 0 0 0 0 0 0 0 0 38 42 0 0 3
14381 112 0 0 0 0 0 0 0 0 38 42 0 0 4
14382 59 1 2773142800 0 0 15 0 0 0 38 42 0 0 0
14383 32 1 2773142800 0 0 15 0 0 0 38 42 0 0 0
14384 115 1 2773142800 0 0 15 0 0 0 38 42 0 0 1
14385 111 1 2773142800 0 0 15 0 0 0 38 42 0 0 2
14386 109 1 2773142800 0 0 15 0 0 0 38 42 0 0 3
14387 101 1 2773142800 0 0 15 0 0 0 38 42 0 0 4
14388 32 2 3473243077 0 0 255 0 0 0 38 42 0 0 0
14389 38 2 3473243077 0 0 255 0 0 0 38 42 0 0 0
14390 97 2 3473243077 0 0 255 0 0 0 38 42 0 0 1
14391 109 2 3473243077 0 0 255 0 0 0 38 42 0 0 2
14392 112 2 3473243077 0 0 255 0 0 0 38 42 0 0 3
14393 59 3 1895154640 0 0 4095 0 0 0 38 42 0 0 0
14394 32 3 1895154640 0 0 4095 0 0 0 38 42 0 0 0
14395 101 3 1895154640 0 0 4095 0 0 0 38 42 0 0 1
14396 110 3 1895154640 0 0 4095 0 0 0 38 42 0 0 2
14397 116 3 1895154640 0 0 4095 0 0 0 38 42 0 0 3
14398 105 3 1895154640 0 0 4095 0 0 0 38 42 0 0 4
14399 116 3 1895154640 0 0 4095 0 0 0 38 42 0 0 5
14400 105 3 1895154640 0 0 4095 0 0 0 38 42 0 0 6
14401 101 3 1895154640 0 0 4095 0 0 0 38 42 0 0 7
14402 115 3 1895154640 0 0 4095 0 0 0 38 42 0 0 8
14403 32 4 1475168745 8 0 65530 0 0 0 38 42 0 0 0
14404 38 4 1475168745 8 0 65530 0 0 0 38 42 0 0 0
14405 108 4 1475168745 8 0 65530 0 0 0 38 42 0 0 1
14406 116 4 1475168745 8 0 65530 0 0 0 38 42 0 0 2
14407 59 5 1118458612 0 0 1048495 0 0 0 38 42 0 0 0
14408 116 5 1118458612 0 0 1048495 0 0 0 38 42 0 0 1
14409 97 5 1118458612 0 0 1048495 0 0 0 38 42 0 0 2
14410 103 5 1118458612 0 0 1048495 0 0 0 38 42 0 0 3
14411 38 6 3240805703 0 0 16775935 0 0 0 38 42 0 0 0
14412 103 6 3240805703 0 0 16775935 0 0 0 38 42 0 0 1
14413 116 6 3240805703 0 0 16775935 0 0 0 38 42 0 0 2
14414 59 7 1118416532 0 0 268414975 0 0 0 38 42 0 0 0
14415 10 0 0 0 0 0 0 0 0 0 42 0 0 0
14416 100 0 0 0 0 0 0 0 0 96 96 0 0 1
14417 111 0 0 0 0 0 0 0 0 96 96 0 0 2
14418 110 0 0 0 0 0 0 0 0 96 96 0 0 3
14419 39 0 0 0 0 0 0 0 0 96 96 0 0 4
14420 116 0 0 0 0 0 0 0 0 96 96 0 0 5
14421 32 1 1118391279 1024 0 13 0 0 0 96 96 0 0 0
14422 99 1 1118391279 1024 0 13 0 0 0 96 96 0 0 1
14423 97 1 1118391279 1024 0 13 0 0 0 96 96 0 0 2
14424 110 1 1118391279 1024 0 13 0 0 0 96 96 0 0 3
14425 39 1 1118391279 1024 0 13 0 0 0 96 96 0 0 4
14426 116 1 1118391279 1024 0 13 0 0 0 96 96 0 0 5
14427 32 2 2036711758 1024 0 221 0 0 0 96 96 0 0 0
14428 105 2 2036711758 1024 0 221 0 0 0 96 96 0 0 1
14429 116 2 2036711758 1024 0 221 0 0 0 96 96 0 0 2
14430 39 2 2036711758 1024 0 221 0 0 0 96 96 0 0 3
14431 115 2 2036711758 1024 0 221 0 0 0 96 96 0 0 4
14432 32 3 1118433364 1048584 0 3546 0 0 0 96 96 0 0 0
14433 116 3 1118433364 1048584 0 3546 0 0 0 96 96 0 0 1
14434 104 3 1118433364 1048584 0 3546 0 0 0 96 96 0 0 2
14435 101 3 1118433364 1048584 0 3546 0 0 0 96 96 0 0 3
14436 32 4 3240864613 16384 0 56742 0 0 0 96 96 0 0 0
14437 99 4 3240864613 16384 0 56742 0 0 0 96 96 0 0 1
14438 97 4 3240864613 16384 0 56742 0 0 0 96 96 0 0 2
14439 116 4 3240864613 16384 0 56742 0 0 0 96 96 0 0 3
14440 32 4 2036711764 2 0 907874 0 0 0 96 96 0 0 0
14441 115 4 2036711764 2 0 907874 0 0 0 96 96 0 0 1
14442 97 4 2036711764 2 0 907874 0 0 0 96 96 0 0 2
14443 116 4 2036711764 2 0 907874 0 0 0 96 96 0 0 3
14444 32 5 3169976660 0 0 14525999 0 0 0 96 96 0 0 0
14445 111 5 3169976660 0 0 14525999 0 0 0 96 96 0 0 1
14446 110 5 3169976660 0 0 14525999 0 0 0 96 96 0 0 2
14447 32 6 1118483854 65536 0 232415992 0 0 0 96 96 0 0 0
14448 116 6 1118483854 65536 0 232415992 0 0 0 96 96 0 0 1
14449 104 6 1118483854 65536 0 232415992 0 0 0 96 96 0 0 2
14450 101 6 1118483854 65536 0 232415992 0 0 0 96 96 0 0 3
14451 32 7 3240864613 16384 0 3718655878 0 0 0 96 96 0 0 0
14452 109 7 3240864613 16384 0 3718655878 0 0 0 96 96 0 0 1
14453 97 7 3240864613 16384 0 3718655878 0 0 0 96 96 0 0 2
14454 116 7 3240864613 16384 0 3718655878 0 0 0 96 96 0 0 3
14455 46 0 0 0 0 2788132384 0 0 0 96 96 0 0 0
14456 10 0 0 0 0 0 0 0 0 0 96 0 0 0
14457 169 0 0 0 0 0 0 0 0 96 96 0 0 0
14458 46 0 0 0 0 0 0 0 0 96 96 0 0 0
14459 141 0 0 0 0 0 0 0 0 96 96 0 0 0
14460 165 0 0 0 0 0 0 0 0 96 96 0 0 0
14461 10 0 0 0 0 0 0 0 0 0 96 0 0 0
14462 233 0 0 0 0 0 0 0 0 96 96 0 0 0
14463 163 0 0 0 0 0 0 0 0 96 96 0 0 0
14464 44 0 0 0 0 0 0 0 0 96 96 0 0 0
14465 144 0 0 0 0 0 0 0 0 96 96 0 0 0
14466 132 0 0 0 0 0 0 0 0 96 96 0 0 0
14467 32 0 0 0 0 0 0 0 0 96 96 0 0 0
14468 238 0 0 0 0 0 0 0 0 96 96 0 0 0
14469 46 0 0 0 0 0 0 0 0 96 96 0 0 0
14470 132 0 0 0 0 0 0 0 0 96 96 0 0 0
14471 233 0 0 0 0 0 0 0 0 96 96 0 0 0
14472 198 0 0 0 0 0 0 0 0 96 96 0 0 0
14473 32 0 0 0 0 0 0 0 0 96 96 0 0 0
14474 161 0 0 0 0 0 0 0 0 96 96 0 0 0
14475 157 0 0 0 0 0 0 0 0 96 96 0 0 0
14476 226 0 0 0 0 0 0 0 0 96 96 0 0 0
14477 46 0 0 0 0 0 0 0 0 96 96 0 0 0
14478 130 0 0 0 0 0 0 0 0 96 96 0 0 0
14479 46 0 0 0 0 0 0 0 0 96 96 0 0 0
14480 119 0 0 0 0 0 0 0 0 96 96 0 0 1
14481 111 0 0 0 0 0 0 0 0 96 96 0 0 2
14482 114 0 0 0 0 0 0 0 0 96 96 0 0 3
14483 100 0 0 0 0 0 0 0 0 96 96 0 0 4
14484 51 1 4155777060 0 0 15 0 0 0 96 96 0 0 0
14485 57 1 4155777060 0 0 15 0 0 0 96 96 0 0 0
14486 32 2 107361 131072 0 15 0 0 0 96 96 0 0 0
14487 97 2 107361 131072 0 15 0 0 0 96 96 0 0 1
14488 110 2 107361 131072 0 15 0 0 0 96 96 0 0 2
14489 111 2 107361 131072 0 15 0 0 0 96 96 0 0 3
14490 116 2 107361 131072 0 15 0 0 0 96 96 0 0 4
14491 104 2 107361 131072 0 15 0 0 0 96 96 0 0 5
14492 101 2 107361 131072 0 15 0 0 0 96 96 0 0 6
14493 114 2 107361 131072 0 15 0 0 0 96 96 0 0 7
14494 32 3 91021800 0 0 255 0 0 0 96 96 0 0 0
14495 23 3 91021800 0 0 255 0 0 0 96 96 0 0 0
14496 108 3 91021800 0 0 255 0 0 0 96 96 0 0 1
14497 98 3 91021800 0 0 255 0 0 0 96 96 0 0 2
14498 158 3 91021800 0 0 255 0 0 0 96 96 0 0 2
14499 122 3 91021800 0 0 255 0 0 0 96 96 0 0 3
14500 230 3 91021800 0 0 255 0 0 0 96 96 0 0 3
14501 2 3 91021800 0 0 255 0 0 0 96 96 0 0 3
14502 213 3 91021800 0 0 255 0 0 0 96 96 0 0 3
14503 78 4 2674181690 0 0 4095 0 0 0 96 96 0 0 0
14504 81 4 2674181690 0 0 4095 0 0 0 96 81 0 0 0
14505 189 4 2674181690 0 0 4095 0 0 0 96 81 0 0 0
14506 1 4 2674181690 0 0 4095 0 0 0 96 81 0 0 0
14507 122 4 2674181690 0 0 4095 0 0 0 96 81 0 0 1
14508 215 4 2674181690 0 0 4095 0 0 0 96 81 0 0 1
14509 76 5 1950627802 0 0 65535 0 0 0 96 76 0 0 0
14510 103 5 1950627802 0 0 65535 0 0 0 96 76 0 0 1
14511 118 5 1950627802 0 0 65535 0 0 0 96 76 0 0 2
14512 114 5 1950627802 0 0 65535 0 0 0 96 76 0 0 3
14513 19 5 1950627802 0 0 65535 0 0 0 96 76 0 0 3
14514 215 5 1950627802 0 0 65535 0 0 0 96 76 0 0 3
14515 121 5 1950627802 0 0 65535 0 0 0 96 76 0 0 4
14516 195 5 1950627802 0 0 65535 0 0 0 96 76 0 0 4
14517 72 6 1921612841 0 0 1048575 0 0 0 96 76 0 0 0
14518 111 6 1921612841 0 0 1048575 0 0 0 96 76 0 0 1
14519 34 7 1950627791 0 0 16777215 0 0 0 96 76 0 0 0
14520 33 7 1950627791 0 0 16777215 0 0 0 96 76 0 0 0
14521 197 7 1950627791 0 0 16777215 0 0 0 96 76 0 0 0
14522 151 7 1950627791 0 0 16777215 0 0 0 96 76 0 0 0
14523 183 7 1950627791 0 0 16777215 0 0 0 96 76 0 0 0
14524 93 7 1950627791 0 0 16777215 0 0 0 96 76 0 0 0
14525 98 7 1950627791 0 0 16777215 0 0 0 96 76 0 0 1
14526 111 7 1950627791 0 0 16777215 0 0 0 96 76 0 0 2
14527 226 7 1950627791 0 0 16777215 0 0 0 96 76 0 0 2
14528 235 7 1950627791 0 0 16777215 0 0 0 96 76 0 0 2
14529 158 7 1950627791 0 0 16777215 0 0 0 96 76 0 0 2
14530 249 7 1950627791 0 0 16777215 0 0 0 96 76 0 0 2
14531 186 7 1950627791 0 0 16777215 0 0 0 96 76 0 0 2
14532 253 7 1950627791 0 0 16777215 0 0 0 96 76 0 0 2
14533 18 7 1950627791 0 0 16777215 0 0 0 96 76 0 0 2
14534 163 7 1950627791 0 0 16777215 0 0 0 96 76 0 0 2
14535 136 7 1950627791 0 0 16777215 0 0 0 96 76 0 0 2
14536 83 8 1118374447 0 0 268435455 0 0 0 96 76 0 0 0
14537 137 8 1118374447 0 0 268435455 0 0 0 96 76 0 0 0
14538 115 8 1118374447 0 0 268435455 0 0 0 96 76 0 0 1
14539 186 8 1118374447 0 0 268435455 0 0 0 96 76 0 0 1
14540 250 8 1118374447 0 0 268435455 0 0 0 96 76 0 0 1
14541 98 8 1118374447 0 0 268435455 0 0 0 96 76 0 0 2
14542 231 8 1118374447 0 0 268435455 0 0 0 96 76 0 0 2
14543 53 9 1118517506 0 0 4294967295 0 0 0 96 76 0 0 0
14544 76 10 53 131072 0 4294967295 0 0 0 96 76 0 0 0
14545 170 10 53 131072 0 4294967295 0 0 0 96 76 0 0 0
14546 84 10 53 131072 0 4294967295 0 0 0 96 76 0 0 0
14547 116 10 53 131072 0 4294967295 0 0 0 96 76 0 0 1
14548 101 10 53 131072 0 4294967295 0 0 0 96 76 0 0 2
14549 215 10 53 131072 0 4294967295 0 0 0 96 76 0 0 2
14550 22 10 53 131072 0 4294967295 0 0 0 96 76 0 0 2
14551 145 10 53 131072 0 4294967295 0 0 0 96 76 0 0 2
14552 23 10 53 131072 0 4294967295 0 0 0 96 76 0 0 2
14553 69 11 1118525925 0 0 4294967295 0 0 0 96 76 0 0 0
14554 191 11 1118525925 0 0 4294967295 0 0 0 96 76 0 0 0
14555 87 11 1118525925 0 0 4294967295 0 0 0 96 76 0 0 0
14556 207 11 1118525925 0 0 4294967295 0 0 0 96 76 0 0 0
14557 144 11 1118525925 0 0 4294967295 0 0 0 96 76 0 0 0
14558 254 11 1118525925 0 0 4294967295 0 0 0 96 76 0 0 0
14559 51 11 1118525925 0 0 4294967295 0 0 0 96 76 0 0 0
14560 151 11 1118525925 0 0 4294967295 0 0 0 96 76 0 0 0
14561 220 11 1118525925 0 0 4294967295 0 0 0 96 76 0 0 0
14562 212 11 1118525925 0 0 4294967295 0 0 0 96 76 0 0 0
14563 102 11 1118525925 0 0 4294967295 0 0 0 96 76 0 0 1
14564 233 11 1118525925 0 0 4294967295 0 0 0 96 76 0 0 1
14565 129 11 1118525925 0 0 4294967295 0 0 0 96 76 0 0 1
14566 249 11 1118525925 0 0 4294967295 0 0 0 96 76 0 0 1
14567 3 12 51 131072 0 4294967295 0 0 0 96 76 0 0 1
14568 22 12 51 131072 0 4294967295 0 0 0 96 76 0 0 1
14569 31 12 51 131072 0 4294967295 0 0 0 96 76 0 0 1
14570 43 13 1950627782 0 0 4294967295 0 0 0 96 76 0 0 0
14571 185 13 1950627782 0 0 4294967295 0 0 0 96 76 0 0 0
14572 90 13 1950627782 0 0 4294967295 0 0 0 96 76 0 0 0
14573 44 13 1950627782 0 0 4294967295 0 0 0 96 76 0 0 0
14574 161 13 1950627782 0 0 4294967295 0 0 0 96 76 0 0 0
14575 62 13 1950627782 0 0 4294967295 0 0 0 96 76 0 0 0
14576 196 13 1950627782 0 0 4294967295 0 0 0 96 76 0 0 0
14577 71 13 1950627782 0 0 4294967295 0 0 0 96 76 0 0 0
14578 0 13 1950627782 0 0 4294967295 0 0 0 96 76 0 0 0
14579 62 13 1950627782 0 0 4294967295 0 0 0 96 76 0 0 0
14580 94 13 1950627782 0 0 4294967295 0 0 0 96 76 0 0 0
14581 91 13 1950627782 0 0 4294967295 0 0 0 96 91 0 0 0
14582 233 13 1950627782 0 0 4294967295 0 0 0 96 91 0 0 0
14583 94 13 1950627782 0 0 4294967295 0 0 0 96 91 0 0 0
14584 75 0 0 0 0 4294967295 0 0 0 96 91 0 0 0
14585 143 0 0 0 0 4294967295 0 0 0 96 91 0 0 0
14586 166 0 0 0 0 4294967295 0 0 0 96 91 0 0 0
14587 71 0 0 0 0 4294967295 0 0 0 96 91 0 0 0
14588 1 0 0 0 0 4294967295 0 0 0 96 91 0 0 0
14589 1 0 0 0 0 4294967295 0 0 0 96 91 0 0 0
14590 188 0 0 0 0 4294967295 0 0 0 96 91 0 0 0
14591 112 0 0 0 0 4294967295 0 0 0 96 91 0 0 1
14592 221 0 0 0 0 4294967295 0 0 0 96 91 0 0 1
14593 144 0 0 0 0 4294967295 0 0 0 96 91 0 0 1
14594 201 0 0 0 0 4294967295 0 0 0 96 91 0 0 1
14595 95 1 1950627792 0 0 4294967295 0 0 0 96 91 0 0 0
14596 109 1 1950627792 0 0 4294967295 0 0 0 96 91 0 0 1
14597 24 1 1950627792 0 0 4294967295 0 0 0 96 91 0 0 1
14598 232 1 1950627792 0 0 4294967295 0 0 0 96 91 0 0 1
14599 169 1 1950627792 0 0 4294967295 0 0 0 96 91 0 0 1
14600 64 2 1950627789 0 0 4294967295 0 0 0 96 91 0 0 0
14601 231 2 1950627789 0 0 4294967295 0 0 0 96 91 0 0 0
14602 198 2 1950627789 0 0 4294967295 0 0 0 96 91 0 0 0
14603 150 2 1950627789 0 0 4294967295 0 0 0 96 91 0 0 0
14604 78 2 1950627789 0 0 4294967295 0 0 0 96 91 0 0 0
14605 75 0 0 0 0 4294967295 0 0 0 96 91 0 0 0
14606 209 0 0 0 0 4294967295 0 0 0 96 91 0 0 0
14607 162 0 0 0 0 4294967295 0 0 0 96 91 0 0 0
14608 255 0 0 0 0 4294967295 0 0 0 96 91 0 0 0
14609 134 0 0 0 0 4294967295 0 0 0 96 91 0 0 0
14610 35 0 0 0 0 4294967295 0 0 0 96 91 0 0 0
14611 132 0 0 0 0 4294967295 0 0 0 96 91 0 0 0
14612 127 0 0 0 0 4294967295 0 0 0 96 91 0 0 0
14613 173 0 0 0 0 4294967295 0 0 0 96 91 0 0 0
14614 25 0 0 0 0 4294967295 0 0 0 96 91 0 0 0
14615 5 0 0 0 0 4294967295 0 0 0 96 91 0 0 0
14616 42 0 0 0 0 4294967295 0 0 0 96 91 0 0 0
14617 230 0 0 0 0 4294967295 0 0 0 96 91 0 0 0
14618 166 0 0 0 0 4294967295 0 0 0 96 91 0 0 0
14619 104 0 0 0 0 4294967295 0 0 0 96 91 0 0 1
14620 30 0 0 0 0 4294967295 0 0 0 96 91 0 0 1
14621 54 1 1950627784 0 0 4294967295 0 0 0 96 91 0 0 0
14622 98 1 1950627784 0 0 4294967295 0 0 0 96 91 0 0 1
14623 254 1 1950627784 0 0 4294967295 0 0 0 96 91 0 0 1
14624 200 1 1950627784 0 0 4294967295 0 0 0 96 91 0 0 1
14625 245 1 1950627784 0 0 4294967295 0 0 0 96 91 0 0 1
14626 39 2 54 131072 0 4294967295 0 0 0 96 91 0 0 2
14627 187 2 54 131072 0 4294967295 0 0 0 96 91 0 0 2
14628 33 3 1950627778 8 0 4294967290 0 0 0 96 91 0 0 0
14629 126 3 1950627778 8 0 4294967290 0 0 0 96 91 0 0 0
14630 136 3 1950627778 8 0 4294967290 0 0 0 96 91 0 0 0
14631 103 3 1950627778 8 0 4294967290 0 0 0 96 91 0 0 1
14632 231 3 1950627778 8 0 4294967290 0 0 0 96 91 0 0 1
14633 249 3 1950627778 8 0 4294967290 0 0 0 96 91 0 0 1
14634 74 3 1950627778 8 0 4294967215 0 0 0 96 91 0 0 0
14635 184 3 1950627778 8 0 4294967215 0 0 0 96 91 0 0 0
14636 143 3 1950627778 8 0 4294967215 0 0 0 96 91 0 0 0
14637 211 3 1950627778 8 0 4294967215 0 0 0 96 91 0 0 0
14638 20 3 1950627778 8 0 4294967215 0 0 0 96 91 0 0 0
14639 145 3 1950627778 8 0 4294967215 0 0 0 96 91 0 0 0
14640 59 3 1950627778 8 0 4294967215 0 0 0 96 91 0 0 0
14641 140 3 1950627778 8 0 4294967215 0 0 0 96 91 0 0 0
14642 48 3 1950627778 8 0 4294967215 0 0 0 96 91 0 0 0
14643 226 3 1950627778 8 0 4294967215 0 0 0 96 91 0 0 0
14644 244 3 1950627778 8 0 4294967215 0 0 0 96 91 0 0 0
14645 126 4 48 131072 0 4294967215 0 0 0 96 91 0 0 0
14646 106 4 48 131072 0 4294967215 0 0 0 96 91 0 0 1
14647 138 4 48 131072 0 4294967215 0 0 0 96 91 0 0 1
14648 36 5 1950627786 0 0 4294966015 0 0 0 96 91 0 0 0
14649 135 5 1950627786 0 0 4294966015 0 0 0 96 91 0 0 0
14650 44 5 1950627786 0 0 4294966015 0 0 0 96 91 0 0 0
14651 153 5 1950627786 0 0 4294966015 0 0 0 96 91 0 0 0
14652 101 5 1950627786 0 0 4294966015 0 0 0 96 91 0 0 1
14653 168 5 1950627786 0 0 4294966015 0 0 0 96 91 0 0 1
14654 19 5 1950627786 0 0 4294966015 0 0 0 96 91 0 0 1
14655 159 5 1950627786 0 0 4294966015 0 0 0 96 91 0 0 1
14656 44 6 1950627781 0 0 4294946815 0 0 0 96 91 0 0 0
14657 157 6 1950627781 0 0 4294946815 0 0 0 96 91 0 0 0
14658 133 6 1950627781 0 0 4294946815 0 0 0 96 91 0 0 0
14659 246 6 1950627781 0 0 4294946815 0 0 0 96 91 0 0 0
14660 163 6 1950627781 0 0 4294946815 0 0 0 96 91 0 0 0
14661 7 6 1950627781 0 0 4294946815 0 0 0 96 91 0 0 0
14662 240 6 1950627781 0 0 4294946815 0 0 0 96 91 0 0 0
14663 43 6 1950627781 0 0 4294946815 0 0 0 96 91 0 0 0
14664 5 6 1950627781 0 0 4294946815 0 0 0 96 91 0 0 0
14665 140 6 1950627781 0 0 4294946815 0 0 0 96 91 0 0 0
14666 238 6 1950627781 0 0 4294946815 0 0 0 96 91 0 0 0
14667 1 6 1950627781 0 0 4294946815 0 0 0 96 91 0 0 0
14668 31 6 1950627781 0 0 4294946815 0 0 0 96 91 0 0 0
14669 51 6 1950627781 0 0 4294946815 0 0 0 96 91 0 0 0
14670 226 6 1950627781 0 0 4294946815 0 0 0 96 91 0 0 0
14671 216 6 1950627781 0 0 4294946815 0 0 0 96 91 0 0 0
14672 170 6 1950627781 0 0 4294946815 0 0 0 96 91 0 0 0
14673 117 6 1950627781 0 0 4294946815 0 0 0 96 91 0 0 1
14674 202 6 1950627781 0 0 4294946815 0 0 0 96 91 0 0 1
14675 126 8 51 131072 0 4294639615 0 0 0 96 91 0 0 0
14676 213 8 51 131072 0 4294639615 0 0 0 96 91 0 0 0
14677 139 8 51 131072 0 4294639615 0 0 0 96 91 0 0 0
14678 126 8 51 131072 0 4294639615 0 0 0 96 91 0 0 0
14679 245 8 51 131072 0 4294639615 0 0 0 96 91 0 0 0
14680 141 8 51 131072 0 4294639615 0 0 0 96 91 0 0 0
14681 37 8 51 131072 0 4294639615 0 0 0 96 91 0 0 0
14682 230 8 51 131072 0 4294639615 0 0 0 96 91 0 0 0
14683 38 8 51 131072 0 4294639615 0 0 0 96 91 0 0 0
14684 11 8 51 131072 0 4294639615 0 0 0 96 91 0 0 0
14685 180 8 51 131072 0 4294639615 0 0 0 96 91 0 0 0
14686 217 8 51 131072 0 4294639615 0 0 0 96 91 0 0 0
14687 65 8 51 131072 0 4294639615 0 0 0 96 91 0 0 0
14688 63 8 51 131072 0 4294639615 0 0 0 96 91 0 0 0
14689 45 8 51 131072 0 4294639615 0 0 0 96 91 0 0 0
14690 137 8 51 131072 0 4294639615 0 0 0 96 91 0 0 0
14691 68 8 51 131072 0 4294639615 0 0 0 96 91 0 0 0
14692 59 8 51 131072 0 4294639615 0 0 0 96 91 0 0 0
14693 147 8 51 131072 0 4294639615 0 0 0 96 91 0 0 0
14694 234 8 51 131072 0 4294639615 0 0 0 96 91 0 0 0
14695 33 8 51 131072 0 4294639615 0 0 0 96 91 0 0 0
14696 255 8 51 131072 0 4294639615 0 0 0 96 91 0 0 0
14697 203 8 51 131072 0 4294639615 0 0 0 96 91 0 0 0
14698 236 8 51 131072 0 4294639615 0 0 0 96 91 0 0 0
14699 246 8 51 131072 0 4294639615 0 0 0 96 91 0 0 0
14700 19 8 51 131072 0 4294639615 0 0 0 96 91 0 0 0
14701 200 8 51 131072 0 4294639615 0 0 0 96 91 0 0 0
14702 75 0 0 0 0 4294639615 0 0 0 96 91 0 0 0
14703 52 0 0 0 0 4294639615 0 0 0 96 91 0 0 0
14704 158 0 0 0 0 4294639615 0 0 0 96 91 0 0 0
14705 106 0 0 0 0 4294639615 0 0 0 96 91 0 0 1
14706 57 1 1950627786 0 0 4289724415 0 0 0 96 91 0 0 0
14707 119 1 1950627786 0 0 4289724415 0 0 0 96 91 0 0 1
14708 185 1 1950627786 0 0 4289724415 0 0 0 96 91 0 0 1
14709 220 1 1950627786 0 0 4289724415 0 0 0 96 91 0 0 1
14710 226 1 1950627786 0 0 4289724415 0 0 0 96 91 0 0 1
14711 48 2 1950627799 0 0 4211081215 0 0 0 96 91 0 0 0
14712 254 2 1950627799 0 0 4211081215 0 0 0 96 91 0 0 0
14713 254 2 1950627799 0 0 4211081215 0 0 0 96 91 0 0 0
14714 59 3 230314408 131072 0 4211081215 0 0 0 96 91 0 0 0
14715 223 3 230314408 131072 0 4211081215 0 0 0 96 91 0 0 0
14716 61 3 230314408 131072 0 4211081215 0 0 0 96 91 0 0 0
14717 217 3 230314408 131072 0 4211081215 0 0 0 96 91 0 0 0
14718 124 3 230314408 131072 0 4211081215 0 0 0 96 91 0 0 0
14719 31 3 230314408 131072 0 4211081215 0 0 0 96 91 0 0 0
14720 251 3 230314408 131072 0 4211081215 0 0 0 96 91 0 0 0
14721 115 3 230314408 131072 0 4211081215 0 0 0 96 91 0 0 1
14722 103 3 230314408 131072 0 4211081215 0 0 0 96 91 0 0 2
14723 244 3 230314408 131072 0 4211081215 0 0 0 96 91 0 0 2
14724 55 4 1118517511 0 0 2952790015 0 0 0 96 91 0 0 0
14725 171 4 1118517511 0 0 2952790015 0 0 0 96 91 0 0 0
14726 228 4 1118517511 0 0 2952790015 0 0 0 96 91 0 0 0
14727 40 5 55 131072 0 2952790015 0 0 0 96 91 0 0 0
14728 0 5 55 131072 0 2952790015 0 0 0 96 91 0 0 0
14729 9 5 55 131072 0 2952790015 0 0 0 96 91 0 0 0
14730 212 5 55 131072 0 2952790015 0 0 0 96 91 0 0 0
14731 161 5 55 131072 0 2952790015 0 0 0 96 91 0 0 0
14732 155 5 55 131072 0 2952790015 0 0 0 96 91 0 0 0
14733 22 5 55 131072 0 2952790015 0 0 0 96 91 0 0 0
14734 153 5 55 131072 0 2952790015 0 0 0 96 91 0 0 0
14735 65 5 55 131072 0 2952790015 0 0 0 96 91 0 0 0
14736 164 5 55 131072 0 2952790015 0 0 0 96 91 0 0 0
14737 154 5 55 131072 0 2952790015 0 0 0 96 91 0 0 0
14738 146 5 55 131072 0 2952790015 0 0 0 96 91 0 0 0
14739 77 5 55 131072 0 2952790015 0 0 0 96 77 0 0 0
14740 79 5 55 131072 0 4294967280 0 0 0 96 77 0 0 0
14741 18 5 55 131072 0 4294967280 0 0 0 96 77 0 0 0
14742 138 5 55 131072 0 4294967280 0 0 0 96 77 0 0 0
14743 221 5 55 131072 0 4294967280 0 0 0 96 77 0 0 0
14744 251 5 55 131072 0 4294967280 0 0 0 96 77 0 0 0
14745 33 5 55 131072 0 4294967280 0 0 0 96 77 0 0 0
14746 160 5 55 131072 0 4294967280 0 0 0 96 77 0 0 0
14747 68 5 55 131072 0 4294967280 0 0 0 96 77 0 0 0
14748 161 5 55 131072 0 4294967280 0 0 0 96 77 0 0 0
14749 229 5 55 131072 0 4294967280 0 0 0 96 77 0 0 0
14750 122 5 55 131072 0 4294967280 0 0 0 96 77 0 0 1
14751 136 5 55 131072 0 4294967280 0 0 0 96 77 0 0 1
14752 64 6 1950627802 0 0 4294967055 0 0 0 96 77 0 0 0
14753 57 6 1950627802 0 0 4294967055 0 0 0 96 77 0 0 0
14754 187 6 1950627802 0 0 4294967055 0 0 0 96 77 0 0 0
14755 31 7 57 131072 0 4294967055 0 0 0 96 77 0 0 0
14756 252 7 57 131072 0 4294967055 0 0 0 96 77 0 0 0
14757 15 7 57 131072 0 4294967055 0 0 0 96 77 0 0 0
14758 162 7 57 131072 0 4294967055 0 0 0 96 77 0 0 0
14759 114 7 57 131072 0 4294967055 0 0 0 96 77 0 0 1
14760 20 7 57 131072 0 4294967055 0 0 0 96 77 0 0 1
14761 135 7 57 131072 0 4294967055 0 0 0 96 77 0 0 1
14762 11 7 57 131072 0 4294967055 0 0 0 96 77 0 0 1
14763 59 8 1950627794 0 0 4294963455 0 0 0 96 77 0 0 0
14764 92 8 1950627794 0 0 4294963455 0 0 0 96 77 0 0 0
14765 43 8 1950627794 0 0 4294963455 0 0 0 96 77 0 0 0
14766 238 8 1950627794 0 0 4294963455 0 0 0 96 77 0 0 0
14767 26 8 1950627794 0 0 4294963455 0 0 0 96 77 0 0 0
14768 34 8 1950627794 0 0 4294963455 0 0 0 96 77 0 0 0
14769 96 8 1950627794 0 0 4294963455 0 0 0 96 96 0 0 0
14770 253 8 1950627794 0 0 4294963455 0 0 0 96 96 0 0 0
14771 237 8 1950627794 0 0 4294963455 0 0 0 96 96 0 0 0
14772 182 8 1950627794 0 0 4294963455 0 0 0 96 96 0 0 0
14773 137 8 1950627794 0 0 4294963455 0 0 0 96 96 0 0 0
14774 21 8 1950627794 0 0 4294963455 0 0 0 96 96 0 0 0
14775 253 8 1950627794 0 0 4294963455 0 0 0 96 96 0 0 0
14776 39 8 1950627794 0 0 4294963455 0 0 0 96 96 0 0 1
14777 140 8 1950627794 0 0 4294963455 0 0 0 96 96 0 0 1
14778 6 8 1950627794 0 0 4294963455 0 0 0 96 96 0 0 1
14779 41 9 1950627719 0 0 4293984240 0 0 0 96 96 0 0 0
14780 148 9 1950627719 0 0 4293984240 0 0 0 96 96 0 0 0
14781 210 9 1950627719 0 0 4293984240 0 0 0 96 96 0 0 0
14782 169 9 1950627719 0 0 4293984240 0 0 0 96 96 0 0 0
14783 98 9 1950627719 0 0 4293984240 0 0 0 96 96 0 0 1
14784 253 9 1950627719 0 0 4293984240 0 0 0 96 96 0 0 1
14785 168 9 1950627719 0 0 4293984240 0 0 0 96 96 0 0 1
14786 108 9 1950627719 0 0 4293984240 0 0 0 96 96 0 0 2
14787 134 9 1950627719 0 0 4293984240 0 0 0 96 96 0 0 2
14788 251 9 1950627719 0 0 4293984240 0 0 0 96 96 0 0 2
14789 96 10 1118374444 0 0 4279238415 0 0 0 96 96 0 0 0
14790 176 10 1118374444 0 0 4279238415 0 0 0 96 96 0 0 0
14791 117 10 1118374444 0 0 4279238415 0 0 0 96 96 0 0 1
14792 161 10 1118374444 0 0 4279238415 0 0 0 96 96 0 0 1
14793 3 10 1118374444 0 0 4279238415 0 0 0 96 96 0 0 1
14794 121 10 1118374444 0 0 4279238415 0 0 0 96 96 0 0 2
14795 154 10 1118374444 0 0 4279238415 0 0 0 96 96 0 0 2
14796 141 10 1118374444 0 0 4279238415 0 0 0 96 96 0 0 2
14797 186 10 1118374444 0 0 4279238415 0 0 0 96 96 0 0 2
14798 151 10 1118374444 0 0 4279238415 0 0 0 96 96 0 0 2
14799 161 10 1118374444 0 0 4279238415 0 0 0 96 96 0 0 2
14800 248 10 1118374444 0 0 4279238415 0 0 0 96 96 0 0 2
14801 139 10 1118374444 0 0 4279238415 0 0 0 96 96 0 0 2
14802 197 10 1118374444 0 0 4279238415 0 0 0 96 96 0 0 2
14803 173 10 1118374444 0 0 4279238415 0 0 0 96 96 0 0 2
14804 25 10 1118374444 0 0 4279238415 0 0 0 96 96 0 0 2
14805 11 10 1118374444 0 0 4279238415 0 0 0 96 96 0 0 2
14806 234 10 1118374444 0 0 4279238415 0 0 0 96 96 0 0 2
14807 161 10 1118374444 0 0 4279238415 0 0 0 96 96 0 0 2
14808 228 10 1118374444 0 0 4279238415 0 0 0 96 96 0 0 2
14809 131 10 1118374444 0 0 4279238415 0 0 0 96 96 0 0 2
14810 99 10 1118374444 0 0 4279238415 0 0 0 96 96 0 0 3
14811 121 10 1118374444 0 0 4279238415 0 0 0 96 96 0 0 4
14812 147 10 1118374444 0 0 4279238415 0 0 0 96 96 0 0 4
14813 245 10 1118374444 0 0 4279238415 0 0 0 96 96 0 0 4
14814 49 11 2375211785 0 0 4043305215 0 0 0 96 96 0 0 0
14815 67 12 49 131072 0 4043305215 0 0 0 96 96 0 0 0
14816 204 12 49 131072 0 4043305215 0 0 0 96 96 0 0 0
14817 221 12 49 131072 0 4043305215 0 0 0 96 96 0 0 0
14818 121 12 49 131072 0 4043305215 0 0 0 96 96 0 0 1
14819 88 13 1950627801 0 0 268374015 0 0 0 96 96 0 0 0
14820 225 13 1950627801 0 0 268374015 0 0 0 96 96 0 0 0
14821 87 13 1950627801 0 0 268374015 0 0 0 96 96 0 0 0
14822 214 13 1950627801 0 0 268374015 0 0 0 96 96 0 0 0
14823 155 13 1950627801 0 0 268374015 0 0 0 96 96 0 0 0
14824 23 13 1950627801 0 0 268374015 0 0 0 96 96 0 0 0
14825 120 13 1950627801 0 0 268374015 0 0 0 96 96 0 0 1
14826 52 14 1950627800 0 0 4293984255 0 0 0 96 96 0 0 0
14827 23 15 52 131072 0 4293984255 0 0 0 96 96 0 0 0
14828 231 15 52 131072 0 4293984255 0 0 0 96 96 0 0 0
14829 163 15 52 131072 0 4293984255 0 0 0 96 96 0 0 0
14830 160 15 52 131072 0 4293984255 0 0 0 96 96 0 0 0
14831 206 15 52 131072 0 4293984255 0 0 0 96 96 0 0 0
14832 23 15 52 131072 0 4293984255 0 0 0 96 96 0 0 0
14833 174 15 52 131072 0 4293984255 0 0 0 96 96 0 0 0
14834 203 15 52 131072 0 4293984255 0 0 0 96 96 0 0 0
14835 200 15 52 131072 0 4293984255 0 0 0 96 96 0 0 0
14836 69 15 52 131072 0 4293984255 0 0 0 96 96 0 0 0
14837 160 15 52 131072 0 4293984255 0 0 0 96 96 0 0 0
14838 46 0 0 0 0 4279238640 0 0 0 96 96 0 0 0
14839 107 0 0 0 0 4279238640 0 0 0 96 96 0 0 1
14840 157 0 0 0 0 4279238640 0 0 0 96 96 0 0 1
14841 217 0 0 0 0 4279238640 0 0 0 96 96 0 0 1
14842 188 0 0 0 0 4279238640 0 0 0 96 96 0 0 1
14843 76 1 1950627787 0 0 4043308815 0 0 0 96 76 0 0 0
14844 96 1 1950627787 0 0 4043308815 0 0 0 96 96 0 0 0
14845 104 1 1950627787 0 0 4043308815 0 0 0 96 96 0 0 1
14846 227 1 1950627787 0 0 4043308815 0 0 0 96 96 0 0 1
14847 130 1 1950627787 0 0 4043308815 0 0 0 96 96 0 0 1
14848 7 1 1950627787 0 0 4043308815 0 0 0 96 96 0 0 1
14849 145 1 1950627787 0 0 4043308815 0 0 0 96 96 0 0 1
14850 34 2 1950627784 0 0 268431615 0 0 0 96 96 0 0 0
14851 249 2 1950627784 0 0 268431615 0 0 0 96 96 0 0 0
14852 37 2 1950627784 0 0 268431615 0 0 0 96 96 0 0 0
14853 201 2 1950627784 0 0 268431615 0 0 0 96 96 0 0 0
14854 63 2 1950627784 0 0 268431615 0 0 0 96 96 0 0 0
14855 145 2 1950627784 0 0 268431615 0 0 0 96 96 0 0 0
14856 53 2 1950627784 0 0 268431615 0 0 0 96 96 0 0 0
14857 29 3 53 131072 0 268431615 0 0 0 96 96 0 0 0
14858 232 3 53 131072 0 268431615 0 0 0 96 96 0 0 0
14859 51 3 53 131072 0 268431615 0 0 0 96 96 0 0 0
14860 194 3 53 131072 0 268431615 0 0 0 96 96 0 0 0
14861 41 4 51 131072 0 4294905840 0 0 0 96 96 0 0 0
14862 6 4 51 131072 0 4294905840 0 0 0 96 96 0 0 0
14863 180 4 51 131072 0 4294905840 0 0 0 96 96 0 0 0
14864 206 4 51 131072 0 4294905840 0 0 0 96 96 0 0 0
14865 239 4 51 131072 0 4294905840 0 0 0 96 96 0 0 0
14866 205 4 51 131072 0 4294905840 0 0 0 96 96 0 0 0
14867 123 4 51 131072 0 4294905840 0 0 0 96 96 0 0 0
14868 64 4 51 131072 0 4294905840 0 0 0 96 96 0 0 0
14869 76 4 51 131072 0 4294905840 0 0 0 96 76 0 0 0
14870 166 4 51 131072 0 4294905840 0 0 0 96 76 0 0 0
14871 243 4 51 131072 0 4294905840 0 0 0 96 76 0 0 0
14872 157 4 51 131072 0 4294905840 0 0 0 96 76 0 0 0
14873 96 4 51 131072 0 4294905840 0 0 0 96 96 0 0 0
14874 21 4 51 131072 0 4294905840 0 0 0 96 96 0 0 0
14875 32 4 51 131072 0 4294905840 0 0 0 96 96 0 0 0
14876 76 4 51 131072 0 4294905840 0 0 0 96 76 0 0 0
14877 240 4 51 131072 0 4294905840 0 0 0 96 76 0 0 0
14878 19 4 51 131072 0 4294905840 0 0 0 96 76 0 0 0
14879 1 4 51 131072 0 4294905840 0 0 0 96 76 0 0 0
14880 69 4 51 131072 0 4294905840 0 0 0 96 76 0 0 0
14881 190 4 51 131072 0 4294905840 0 0 0 96 76 0 0 0
14882 168 4 51 131072 0 4294905840 0 0 0 96 76 0 0 0
14883 37 4 51 131072 0 4294905840 0 0 0 96 76 0 0 0
14884 4 4 51 131072 0 4294905840 0 0 0 96 76 0 0 0
14885 70 4 51 131072 0 4294905840 0 0 0 96 76 0 0 0
14886 88 4 51 131072 0 4294905840 0 0 0 96 76 0 0 0
14887 155 4 51 131072 0 4294905840 0 0 0 96 76 0 0 0
14888 52 4 51 131072 0 4294905840 0 0 0 96 76 0 0 0
14889 181 4 51 131072 0 4294905840 0 0 0 96 76 0 0 0
14890 38 5 52 131072 0 4294905840 0 0 0 96 76 0 0 0
14891 146 5 52 131072 0 4294905840 0 0 0 96 76 0 0 0
14892 50 5 52 131072 0 4294905840 0 0 0 96 76 0 0 0
14893 135 5 52 131072 0 4294905840 0 0 0 96 76 0 0 0
14894 27 6 50 131072 0 4294905840 0 0 0 96 76 0 0 0
14895 10 0 0 0 0 0 0 0 0 0 76 0 0 0
14896 54 0 0 0 0 0 0 0 0 54 76 0 0 0
14897 153 0 0 0 0 0 0 0 0 54 76 0 0 0
14898 204 0 0 0 0 0 0 0 0 54 76 0 0 0
14899 216 0 0 0 0 0 0 0 0 54 76 0 0 0
14900 15 1 54 131072 0 0 0 0 0 54 76 0 0 0
14901 55 1 54 131072 0 0 0 0 0 54 76 0 0 0
14902 13 2 55 131072 0 0 0 0 0 54 76 0 0 0
14903 28 2 55 131072 0 0 0 0 0 54 76 0 0 0
14904 227 2 55 131072 0 0 0 0 0 54 76 0 0 0
14905 147 2 55 131072 0 0 0 0 0 54 76 0 0 0
14906 153 2 55 131072 0 0 0 0 0 54 76 0 0 0
14907 129 2 55 131072 0 0 0 0 0 54 76 0 0 0
14908 93 2 55 131072 0 0 0 0 0 54 76 0 0 0
14909 116 2 55 131072 0 0 0 0 0 54 76 0 0 1
14910 150 2 55 131072 0 0 0 0 0 54 76 0 0 1
14911 231 2 55 131072 0 0 0 0 0 54 76 0 0 1
14912 143 2 55 131072 0 0 0 0 0 54 76 0 0 1
14913 96 3 1950627796 0 0 15 0 0 0 54 96 0 0 0
14914 31 3 1950627796 0 0 15 0 0 0 54 96 0 0 0
14915 169 3 1950627796 0 0 15 0 0 0 54 96 0 0 0
14916 155 3 1950627796 0 0 15 0 0 0 54 96 0 0 0
14917 101 3 1950627796 0 0 15 0 0 0 54 96 0 0 1
14918 34 4 1950627781 0 0 255 0 0 0 54 96 0 0 0
14919 238 4 1950627781 0 0 255 0 0 0 54 96 0 0 0
14920 45 4 1950627781 0 0 255 0 0 0 54 96 0 0 0
14921 169 4 1950627781 0 0 255 0 0 0 54 96 0 0 0
14922 205 4 1950627781 0 0 255 0 0 0 54 96 0 0 0
14923 27 4 1950627781 0 0 255 0 0 0 54 96 0 0 0
14924 199 4 1950627781 0 0 255 0 0 0 54 96 0 0 0
14925 252 4 1950627781 0 0 255 0 0 0 54 96 0 0 0
14926 160 4 1950627781 0 0 255 0 0 0 54 96 0 0 0
14927 161 4 1950627781 0 0 255 0 0 0 54 96 0 0 0
14928 68 4 1950627781 0 0 255 0 0 0 54 96 0 0 0
14929 179 4 1950627781 0 0 255 0 0 0 54 96 0 0 0
14930 191 4 1950627781 0 0 255 0 0 0 54 96 0 0 0
14931 164 4 1950627781 0 0 255 0 0 0 54 96 0 0 0
14932 3 4 1950627781 0 0 255 0 0 0 54 96 0 0 0
14933 76 4 1950627781 0 0 255 0 0 0 54 76 0 0 0
14934 231 4 1950627781 0 0 255 0 0 0 54 76 0 0 0
14935 77 4 1950627781 0 0 255 0 0 0 54 77 0 0 0
14936 53 4 1950627781 0 0 255 0 0 0 54 77 0 0 0
14937 224 4 1950627781 0 0 255 0 0 0 54 77 0 0 0
14938 88 5 53 131072 0 255 0 0 0 54 77 0 0 0
14939 155 5 53 131072 0 255 0 0 0 54 77 0 0 0
14940 86 5 53 131072 0 255 0 0 0 54 77 0 0 0
14941 223 5 53 131072 0 255 0 0 0 54 77 0 0 0
14942 50 5 53 131072 0 255 0 0 0 54 77 0 0 0
14943 204 5 53 131072 0 255 0 0 0 54 77 0 0 0
14944 40 6 50 131072 0 255 0 0 0 54 77 0 0 0
14945 95 6 50 131072 0 255 0 0 0 54 77 0 0 0
14946 254 6 50 131072 0 255 0 0 0 54 77 0 0 0
14947 141 6 50 131072 0 255 0 0 0 54 77 0 0 0
14948 187 6 50 131072 0 255 0 0 0 54 77 0 0 0
14949 33 6 50 131072 0 255 0 0 0 54 77 0 0 0
14950 145 6 50 131072 0 255 0 0 0 54 77 0 0 0
14951 250 6 50 131072 0 255 0 0 0 54 77 0 0 0
14952 101 6 50 131072 0 255 0 0 0 54 77 0 0 1
14953 0 6 50 131072 0 255 0 0 0 54 77 0 0 1
14954 205 6 50 131072 0 255 0 0 0 54 77 0 0 1
14955 47 7 1950627781 0 0 4095 0 0 0 54 77 0 0 0
14956 36 7 1950627781 0 0 4095 0 0 0 54 77 0 0 0
14957 37 7 1950627781 0 0 4095 0 0 0 54 77 0 0 0
14958 238 7 1950627781 0 0 4095 0 0 0 54 77 0 0 0
14959 147 7 1950627781 0 0 4095 0 0 0 54 77 0 0 0
14960 255 7 1950627781 0 0 4095 0 0 0 54 77 0 0 0
14961 55 7 1950627781 0 0 4095 0 0 0 54 77 0 0 0
14962 95 8 55 131072 0 4095 0 0 0 54 77 0 0 0
14963 175 8 55 131072 0 4095 0 0 0 54 77 0 0 0
14964 214 8 55 131072 0 4095 0 0 0 54 77 0 0 0
14965 180 8 55 131072 0 4095 0 0 0 54 77 0 0 0
14966 233 8 55 131072 0 4095 0 0 0 54 77 0 0 0
14967 229 8 55 131072 0 4095 0 0 0 54 77 0 0 0
14968 237 8 55 131072 0 4095 0 0 0 54 77 0 0 0
14969 30 8 55 131072 0 4095 0 0 0 54 77 0 0 0
14970 94 8 55 131072 0 4095 0 0 0 54 77 0 0 0
14971 168 8 55 131072 0 4095 0 0 0 54 77 0 0 0
14972 71 8 55 131072 0 4095 0 0 0 54 77 0 0 0
14973 17 8 55 131072 0 4095 0 0 0 54 77 0 0 0
14974 50 8 55 131072 0 4095 0 0 0 54 77 0 0 0
14975 13 9 50 131072 0 4095 0 0 0 54 77 0 0 0
14976 127 9 50 131072 0 4095 0 0 0 54 77 0 0 0
14977 47 9 50 131072 0 4095 0 0 0 54 77 0 0 0
14978 151 9 50 131072 0 4095 0 0 0 54 77 0 0 0
14979 114 9 50 131072 0 4095 0 0 0 54 77 0 0 1
14980 9 10 1950627794 0 0 65535 0 0 0 54 77 0 0 0
14981 105 10 1950627794 0 0 65535 0 0 0 54 77 0 0 1
14982 34 11 1950627785 0 0 1048575 0 0 0 54 77 0 0 0
14983 108 11 1950627785 0 0 1048575 0 0 0 54 77 0 0 1
14984 124 12 1950627788 0 0 16777215 0 0 0 54 77 0 0 0
14985 95 12 1950627788 0 0 16777215 0 0 0 54 77 0 0 0
14986 224 12 1950627788 0 0 16777215 0 0 0 54 77 0 0 0
14987 49 12 1950627788 0 0 16777215 0 0 0 54 77 0 0 0
14988 35 13 49 131072 0 16777215 0 0 0 54 77 0 0 0
14989 252 13 49 131072 0 16777215 0 0 0 54 77 0 0 0
14990 243 13 49 131072 0 16777215 0 0 0 54 77 0 0 0
14991 147 13 49 131072 0 16777215 0 0 0 54 77 0 0 0
14992 208 13 49 131072 0 16777215 0 0 0 54 77 0 0 0
14993 16 13 49 131072 0 16777215 0 0 0 54 77 0 0 0
14994 78 13 49 131072 0 16777215 0 0 0 54 77 0 0 0
14995 98 13 49 131072 0 16777215 0 0 0 54 77 0 0 1
14996 230 13 49 131072 0 16777215 0 0 0 54 77 0 0 1
14997 67 14 1950627778 0 0 268435455 0 0 0 54 77 0 0 0
14998 235 14 1950627778 0 0 268435455 0 0 0 54 77 0 0 0
14999 253 14 1950627778 0 0 268435455 0 0 0 54 77 0 0 0
15000 92 14 1950627778 0 0 268435455 0 0 0 54 77 0 0 0
15001 85 14 1950627778 0 0 268435455 0 0 0 54 77 0 0 0
15002 103 14 1950627778 0 0 268435455 0 0 0 54 77 0 0 1
15003 150 14 1950627778 0 0 268435455 0 0 0 54 77 0 0 1
15004 130 14 1950627778 0 0 268435455 0 0 0 54 77 0 0 1
15005 57 15 1950627783 0 0 4294967295 0 0 0 54 77 0 0 0
15006 181 15 1950627783 0 0 4294967295 0 0 0 54 77 0 0 0
